# Blender 5.0.1
# www.blender.org
mtllib spot_lowres.mtl
o spot
v -0.295441 0.198087 -0.516852
v -0.062448 0.598803 0.002689
v 0.351099 -0.050276 0.478116
v -0.291311 0.483072 -0.272545
v -0.355427 -0.028313 0.074326
v 0.024459 0.642908 -0.011848
v -0.242521 0.156306 -0.524502
v -0.236757 0.146389 -0.497984
v -0.273266 0.171158 -0.488723
v 0.091019 -0.468854 0.656548
v -0.300498 0.202384 -0.467802
v 0.345409 -0.277334 0.649266
v 0.187553 -0.629943 0.917207
v 0.071442 -0.404881 0.876737
v -0.136071 -0.500165 0.490803
v 0.335670 -0.518000 0.820840
v -0.280678 0.192393 -0.410409
v 0.253548 -0.475516 0.919201
v 0.097928 0.121121 0.876239
v 0.290496 -0.189923 0.856296
v -0.310175 0.233004 -0.418929
v -0.328606 0.281539 -0.501021
v 0.135797 0.212360 0.483424
v -0.317907 0.713497 -0.162301
v -0.071510 0.455469 0.050622
v -0.320066 0.666958 -0.142848
v -0.323006 0.258733 -0.523961
v -0.058844 -0.348191 -0.062399
v 0.037492 0.676072 -0.038612
v -0.286848 -0.005330 0.809960
v 0.321877 -0.646660 -0.061926
v 0.191458 -0.448831 0.209967
v -0.182384 0.247393 0.349094
v 0.317151 -0.053566 0.780466
v 0.276284 -0.652973 0.701812
v 0.127953 -0.674159 0.868158
v -0.347580 -0.300710 -0.075159
v -0.075130 0.194652 0.765130
v -0.022251 0.661972 -0.023953
v -0.316765 0.389415 -0.448722
v 0.419615 0.751704 -0.238232
v 0.410396 0.678330 -0.150500
v -0.235331 0.157436 -0.390604
v -0.151540 0.132696 -0.340518
v 0.349035 -0.489401 0.146899
v -0.003247 -0.002506 -0.233775
v -0.007916 0.115870 -0.320146
v -0.194701 0.162118 -0.310438
v -0.028765 0.829195 -0.330013
v 0.007364 -0.433143 0.064342
v -0.269635 0.239854 -0.294337
v 0.013242 0.497742 0.055129
v 0.005481 0.715376 -0.058642
v -0.005317 -0.531125 0.412895
v 0.023465 0.299799 0.314964
v -0.291912 0.305090 -0.259192
v 0.002857 -0.335892 0.895311
v -0.005024 0.207500 0.754651
v -0.295462 0.361177 -0.222851
v 0.218838 0.905597 -0.258022
v 0.112215 0.838587 -0.226128
v 0.169352 0.810907 -0.333125
v 0.075019 0.825713 -0.269814
v 0.181017 0.054643 -0.126967
v 0.212174 0.761384 -0.290303
v -0.283154 0.217026 -0.362654
v -0.003521 -0.029968 1.014907
v 0.192290 0.163684 -0.302113
v -0.365801 0.750823 -0.200880
v -0.293358 0.261489 -0.317601
v 0.016174 -0.465841 0.219305
v -0.015475 -0.470225 0.638986
v 0.172974 -0.030415 0.940241
v -0.212946 0.639105 -0.124769
v -0.024674 0.004425 0.984083
v -0.258808 0.276017 -0.219331
v -0.190653 0.391038 -0.018787
v -0.076453 -0.004411 0.975778
v 0.007248 -0.083926 1.038617
v -0.088985 -0.100663 0.976374
v -0.315189 -0.591598 0.856243
v -0.189778 0.128148 -0.410352
v -0.245528 0.373303 -0.098924
v 0.002012 -0.439558 0.092672
v -0.193827 0.621465 -0.105726
v -0.164726 0.614128 -0.078829
v -0.246546 0.316051 -0.148168
v -0.286042 -0.080899 0.852271
v -0.255049 0.119134 0.472987
v 0.294655 0.379236 -0.212284
v -0.272406 0.346176 -0.172612
v -0.327326 0.271094 -0.440140
v -0.239465 -0.437525 0.419674
v -0.144093 0.657383 -0.102773
v -0.305665 -0.407917 0.597756
v -0.205265 0.278010 -0.116799
v -0.079823 -0.393675 0.891782
v -0.156430 0.292581 0.078558
v -0.239296 -0.707516 0.850111
v -0.311180 -0.107678 -0.070302
v -0.255246 0.101543 0.656668
v -0.340655 -0.051390 0.672478
v -0.045524 0.726491 -0.085809
v -0.271645 0.093786 0.512795
v -0.150302 0.217536 0.450518
v -0.156263 0.334496 -0.012703
v -0.368286 -0.572454 -0.029760
v -0.323547 0.295617 -0.377048
v -0.230411 0.207062 -0.273072
v -0.189903 0.710665 -0.446885
v -0.211987 0.131434 -0.460429
v -0.270580 0.206283 -0.578056
v -0.351667 -0.382513 -0.082123
v -0.152832 -0.657461 -0.054968
v -0.125810 -0.663871 0.708864
v 0.087461 0.819724 -0.224857
v -0.159810 0.114697 -0.440686
v -0.198146 0.226992 -0.171743
v -0.176569 0.190961 -0.189135
v -0.357777 -0.492852 -0.076608
v -0.176032 0.221128 0.408175
v -0.208186 0.908590 -0.310795
v -0.223277 0.234874 -0.210709
v 0.269188 0.654337 -0.363283
v -0.120512 0.851552 -0.225212
v -0.174679 0.233261 -0.085970
v -0.120249 0.704912 -0.128130
v -0.287112 0.738868 -0.182212
v 0.273563 0.553174 -0.413966
v -0.172246 0.679329 -0.137126
v -0.169479 0.766374 -0.194778
v -0.170175 0.193402 -0.128446
v -0.129995 0.133012 -0.204305
v -0.157640 0.296483 -0.018424
v -0.225059 0.546806 -0.087291
v -0.098750 -0.057107 0.980517
v 0.317867 0.351728 -0.322261
v -0.103151 -0.182879 0.961023
v -0.036140 -0.183637 -0.197127
v 0.385377 -0.431548 0.035963
v 0.289394 -0.437866 0.212911
v -0.373058 0.629639 -0.150389
v -0.201558 0.580950 -0.082415
v 0.175608 -0.460483 0.539289
v 0.352161 -0.559149 -0.071923
v 0.058618 0.105947 -0.390556
v 0.317347 -0.216679 -0.088863
v -0.128800 0.532899 0.008927
v -0.175609 0.477016 0.002495
v 0.152792 -0.070929 -0.176075
v -0.071789 -0.233797 -0.168066
v -0.135163 0.308717 0.216004
v -0.165058 0.268455 0.011258
v -0.188249 0.515403 -0.025670
v -0.187861 0.192122 -0.032997
v -0.175603 0.172446 -0.077763
v 0.363932 -0.127756 0.042925
v 0.381267 -0.271252 0.150696
v -0.309528 0.085660 0.084690
v 0.368660 -0.306335 0.345730
v 0.368657 -0.132426 0.435432
v 0.366357 -0.034962 0.287497
v 0.103654 -0.577610 0.018049
v 0.301028 -0.491753 0.894589
v 0.360271 -0.064212 0.061400
v -0.298292 0.128499 0.158118
v 0.318395 -0.230431 0.808327
v 0.337162 -0.302470 0.762635
v 0.271330 -0.175203 0.877237
v -0.275613 0.165836 0.125488
v -0.257095 0.554454 -0.471763
v -0.260773 -0.472116 0.916427
v -0.261727 0.649602 -0.378118
v 0.364477 -0.219296 0.485151
v 0.244419 0.215136 0.120863
v -0.258915 0.605428 -0.432604
v -0.317443 0.092261 0.184820
v 0.229812 0.244761 0.160591
v 0.245865 0.173212 0.349727
v 0.160785 0.221651 0.425810
v 0.204396 0.209836 0.379922
v 0.244696 0.084742 0.768188
v 0.191897 0.153348 0.714216
v 0.171801 0.083676 0.867622
v 0.215070 0.100354 0.799268
v 0.141346 0.194379 0.630110
v -0.271138 0.591847 -0.131799
v 0.058825 0.223453 0.555548
v -0.346575 0.028013 0.164025
v 0.221675 0.030971 0.869647
v 0.194925 0.185197 -0.024484
v -0.322852 0.369597 -0.407986
v 0.262396 0.128577 0.026437
v -0.340885 0.025709 0.101850
v -0.252537 0.701583 -0.357170
v 0.201205 0.269990 -0.118643
v 0.154606 0.286187 0.006525
v 0.379837 -0.473506 -0.028099
v -0.345635 0.029588 0.224625
v 0.206570 0.398129 -0.031782
v -0.372042 0.723507 -0.309516
v 0.254734 0.270766 -0.629212
v -0.346084 -0.051471 0.601561
v 0.310944 0.289812 -0.570710
v -0.310424 0.031406 0.604708
v -0.331069 -0.010892 0.617690
v 0.280698 -0.422215 -0.116834
v 0.216034 -0.680015 0.894678
v 0.139053 -0.530277 0.659336
v 0.071895 -0.509252 0.844119
v -0.076475 0.109464 -0.376432
v 0.181969 -0.730881 0.791955
v 0.312022 -0.553378 0.876735
v -0.296341 0.427138 -0.233019
v -0.393804 0.708190 -0.156430
v -0.244153 0.725100 -0.172606
v 0.073585 -0.578747 0.791636
v 0.199617 -0.591536 0.649530
v -0.286203 0.566859 -0.164182
v -0.318061 0.233749 -0.488756
v 0.355230 -0.502683 -0.080741
v 0.379349 -0.536476 0.034621
v -0.333982 -0.008437 0.526297
v 0.287913 0.190078 -0.517848
v -0.256294 0.678900 -0.147951
v 0.095483 -0.434679 0.021031
v 0.103572 -0.567981 0.039130
v -0.283353 0.064300 0.671765
v 0.185683 -0.677218 0.139272
v -0.338805 0.604854 -0.259104
v 0.209238 0.155466 0.542708
v 0.333923 0.584358 -0.190755
v -0.105216 -0.488679 0.311361
v 0.292376 0.650979 -0.138646
v 0.329461 0.617199 -0.143294
v 0.322675 0.675072 -0.334549
v -0.165813 0.732485 -0.169352
v 0.313471 0.590269 -0.246142
v -0.035720 0.765882 -0.120533
v 0.452473 0.717072 -0.175889
v 0.454126 0.688217 -0.224150
v -0.170253 -0.625260 0.915322
v -0.127920 0.112105 -0.401265
v 0.053882 0.324519 0.109964
v 0.061572 0.318614 0.222206
v 0.007318 0.227811 0.554776
v -0.208204 0.165665 -0.020882
v -0.154234 -0.161432 0.948817
v -0.081050 0.124917 -0.272199
v -0.275043 0.148424 0.082633
v -0.017851 -0.403594 0.004691
v 0.047042 -0.346137 -0.066804
v 0.084336 -0.435313 0.097093
v 0.058766 -0.411175 0.031354
v -0.343494 0.657264 -0.319901
v 0.045327 -0.373372 0.870880
v 0.031816 -0.404731 0.809242
v 0.196688 -0.323356 0.922369
v 0.012737 0.334381 0.061052
v -0.061788 0.813865 -0.374744
v -0.100467 -0.658157 0.838391
v -0.298328 0.044013 -0.002104
v 0.119124 0.491859 0.031353
v 0.101774 0.409093 0.036959
v -0.041046 0.111342 -0.269639
v 0.214908 0.099429 -0.065524
v -0.296941 0.083648 0.041352
v -0.053831 0.390803 -0.638188
v 0.237560 -0.426341 -0.118494
v 0.039529 -0.173127 0.973628
v 0.035819 -0.277119 0.939840
v -0.010198 -0.287803 -0.134536
v -0.260515 0.132415 0.027625
v 0.047397 -0.066853 -0.218762
v -0.001189 0.098124 -0.263178
v 0.096213 0.129661 -0.264393
v 0.346420 -0.373451 0.228985
v -0.010773 0.105048 -0.385110
v 0.156101 0.113942 -0.441115
v 0.012999 0.128319 -0.540428
v 0.163416 0.217388 -0.631659
v 0.299354 -0.694242 -0.027834
v 0.042975 0.260417 -0.659761
v 0.140413 0.253722 -0.652852
v 0.055337 0.724599 -0.091704
v -0.183094 0.146082 -0.075842
v -0.204452 0.116762 -0.065935
v 0.226118 0.703655 -0.412254
v 0.221452 0.918605 -0.283994
v 0.167598 0.942685 -0.249614
v 0.188594 0.939382 -0.246964
v -0.204700 0.081026 -0.089318
v -0.348808 0.753580 -0.271597
v -0.161670 0.757639 -0.420038
v -0.248817 0.090943 -0.031453
v -0.172677 -0.480609 0.496120
v -0.383435 0.743558 -0.284875
v 0.194411 -0.545046 0.642594
v 0.164143 0.772485 -0.197420
v 0.320052 0.358382 -0.493910
v 0.162171 0.822719 -0.221580
v -0.278769 0.058332 0.722326
v 0.113870 0.836955 -0.306155
v 0.123062 0.820880 -0.323424
v -0.101784 -0.521276 0.017621
v 0.095930 0.843701 -0.269403
v 0.238125 0.758023 -0.254285
v -0.340546 0.675354 -0.330075
v 0.353099 -0.095224 0.614710
v 0.251211 0.727149 -0.327475
v 0.345656 0.736394 -0.303188
v 0.188018 0.749539 -0.186002
v -0.078923 -0.438975 0.119246
v 0.049274 0.817120 -0.212379
v 0.083022 0.785865 -0.416923
v -0.104619 -0.443228 0.148461
v -0.257617 0.012243 0.843195
v -0.304486 0.018642 0.719135
v -0.004448 0.819292 -0.375311
v -0.168963 -0.443917 0.242942
v 0.027393 0.830974 -0.266470
v -0.215417 -0.435081 0.282677
v -0.122514 0.139914 -0.243377
v -0.372954 -0.318555 -0.029198
v -0.308152 -0.010522 0.761213
v 0.222934 0.887460 -0.285942
v -0.325001 -0.011962 0.687146
v -0.228784 -0.440614 0.369156
v 0.148120 0.893879 -0.225020
v 0.114035 0.882246 -0.251609
v 0.178576 0.889197 -0.225873
v -0.341529 0.022876 0.303115
v 0.205582 -0.469206 0.418929
v 0.344521 -0.553098 0.135857
v -0.097146 0.130346 -0.289453
v 0.119916 -0.445906 0.196007
v 0.058747 -0.461888 0.220923
v -0.006871 -0.451191 0.164223
v -0.146763 -0.502970 0.411272
v -0.315343 0.056970 0.368343
v -0.089149 -0.520101 0.412858
v -0.177286 -0.489277 0.439509
v -0.049198 -0.521192 0.488413
v -0.285289 0.090538 0.423702
v 0.187136 -0.187213 0.934280
v -0.388616 0.645226 -0.279721
v -0.047479 -0.528099 0.423792
v -0.425354 0.693526 -0.275183
v -0.016334 0.046656 0.955892
v 0.059977 0.066235 0.934911
v -0.261882 -0.389872 -0.117384
v 0.064849 -0.087355 0.986210
v -0.096607 -0.507984 0.361072
v -0.171159 0.183080 0.543844
v -0.197870 0.166157 0.529082
v 0.018741 -0.085972 1.017836
v -0.334341 -0.378157 0.308735
v -0.268704 -0.445432 0.216463
v -0.127742 0.205028 0.547631
v -0.295807 -0.411591 0.413094
v -0.302963 -0.401471 0.317574
v -0.030122 -0.518945 0.361725
v -0.218287 -0.491270 0.626796
v -0.321828 -0.385646 0.546359
v -0.048081 -0.494663 0.297949
v 0.307482 -0.459258 0.194839
v -0.215822 -0.079679 -0.143769
v -0.378136 -0.548630 0.036753
v -0.305408 -0.033506 -0.048758
v -0.205859 -0.391039 0.921644
v -0.134845 -0.255210 0.940194
v -0.167572 0.179538 0.638424
v -0.304597 -0.296726 0.862997
v -0.383373 -0.341080 0.037350
v -0.383629 -0.236052 0.175917
v -0.347202 -0.109136 -0.003540
v -0.132613 0.197796 0.641099
v -0.377840 -0.282198 0.260708
v -0.298794 -0.531950 0.895804
v -0.116867 0.112820 -0.203948
v -0.363093 -0.077520 0.065119
v -0.324361 -0.227568 0.787946
v -0.226685 0.133447 0.644148
v 0.128758 0.136786 0.839681
v -0.276853 -0.148465 0.869328
v -0.331936 -0.148771 0.760273
v -0.060214 -0.460007 0.215018
v 0.198362 0.276265 0.152943
v -0.194763 0.156704 0.683767
v -0.116811 -0.399212 -0.065498
v -0.128629 -0.426588 -0.074661
v -0.237721 0.199358 0.072005
v -0.363727 -0.613359 0.042196
v -0.208256 0.201317 0.390126
v -0.195042 0.084438 0.847062
v -0.134497 0.144314 0.823666
v -0.237493 0.129513 0.541684
v -0.373822 -0.216652 0.033431
v -0.217334 0.109204 0.777534
v -0.147228 0.125136 -0.158558
v -0.218409 0.129717 0.716986
v -0.306878 0.028253 0.672001
v -0.130317 0.177553 0.757892
v -0.202639 0.798368 -0.261717
v -0.163296 0.069186 0.887065
v -0.177654 0.156758 0.739329
v -0.209253 -0.713699 -0.032364
v -0.373942 0.614879 -0.247142
v -0.117700 -0.690518 0.830657
v -0.273786 0.045422 0.769203
v -0.240670 0.211390 0.282684
v -0.148768 0.386171 0.010870
v 0.356645 -0.377657 0.182148
v -0.273254 0.174103 -0.443929
v -0.244750 0.305297 -0.638414
v -0.308237 0.339409 -0.558400
v -0.159010 -0.709545 0.027668
v 0.349911 -0.362134 0.256462
v -0.160521 0.264119 0.345247
v 0.344890 -0.441645 0.168019
v -0.219937 0.154576 0.482394
v -0.190364 -0.691966 0.886628
v -0.181091 -0.730831 0.796507
v -0.294465 -0.586608 0.688988
v 0.241789 0.661514 -0.429083
v -0.183460 0.188151 0.473968
v -0.282390 0.288187 -0.610682
v 0.300011 -0.420222 0.612162
v 0.316161 -0.395403 0.596721
v -0.337163 -0.545919 0.147327
v -0.380839 -0.527947 0.013715
v -0.135391 -0.533097 -0.075494
v -0.243657 -0.524629 -0.121250
v -0.294239 -0.528593 -0.116037
v -0.244949 0.167961 0.365976
v -0.094019 -0.424268 0.007646
v -0.240415 0.497520 -0.085904
v -0.282209 0.537393 -0.262210
v 0.053244 0.327618 0.072973
v -0.423872 0.636370 -0.185420
v -0.246819 0.141839 0.424969
v -0.355220 -0.544028 -0.072250
v 0.317728 -0.421669 0.657716
v 0.328705 -0.379370 0.644519
v -0.375180 -0.415963 -0.043561
v 0.208254 0.709314 -0.433983
v -0.070658 0.300049 0.311177
v -0.082676 0.319839 0.173768
v -0.057152 0.232889 0.485124
v 0.167468 -0.472721 0.618021
v -0.088556 0.216505 0.563342
v 0.256361 -0.451959 0.212604
v -0.167788 0.297185 0.162526
v 0.167245 -0.704454 -0.013009
v -0.054730 -0.396031 0.003812
v 0.145857 -0.493168 0.643856
v 0.113987 -0.551596 0.682258
v 0.244468 -0.438512 0.572925
v 0.217952 -0.449209 0.467011
v -0.199743 0.267710 0.265358
v -0.451576 0.715680 -0.173081
v -0.139414 0.503024 -0.557151
v 0.145851 -0.463229 0.600249
v 0.333375 -0.307972 -0.088105
v -0.117446 0.637838 -0.501322
v -0.346803 -0.459150 -0.090743
v -0.130690 0.377708 -0.642865
v -0.059133 -0.277622 0.939701
v -0.190711 0.283568 0.219762
v 0.299256 -0.310400 -0.107388
v -0.150264 0.209488 -0.628488
v -0.020581 0.038613 -0.238094
v -0.256744 0.195250 0.255562
v 0.342661 -0.237018 -0.066473
v -0.192377 0.934164 -0.301764
v -0.196378 0.944788 -0.282782
v -0.446878 0.680554 -0.232930
v -0.166342 0.803424 -0.334599
v -0.207066 0.761281 -0.308315
v -0.188215 0.788835 -0.312009
v -0.189329 0.774963 -0.219266
v 0.246515 -0.189551 -0.129028
v -0.359334 -0.274038 0.498842
v 0.334758 -0.368526 0.517974
v -0.158478 0.784831 -0.206784
v 0.183656 -0.468113 0.185764
v -0.088311 0.824640 -0.291954
v -0.168745 -0.421252 -0.100489
v -0.441787 0.736146 -0.191716
v -0.092080 0.837061 -0.269018
v -0.084053 0.826209 -0.247539
v -0.236132 0.757806 -0.255630
v 0.066977 -0.517503 0.797319
v 0.118934 -0.360622 -0.078358
v -0.326398 0.736139 -0.304708
v 0.389763 0.747670 -0.276148
v -0.318301 0.743368 -0.187209
v -0.093680 0.781178 -0.173958
v -0.158547 0.783931 -0.377834
v -0.342957 -0.351074 0.514966
v 0.226370 -0.214877 -0.133423
v 0.188668 -0.185179 -0.152490
v -0.088777 0.320302 0.092650
v -0.215443 0.866907 -0.299864
v -0.343806 -0.299643 0.642829
v -0.360034 -0.139896 0.555474
v -0.169233 0.880534 -0.223692
v 0.307894 -0.123849 -0.078797
v -0.130982 -0.484518 0.545368
v -0.096900 -0.469369 0.617767
v -0.349103 -0.353694 0.439413
v -0.084681 -0.465316 0.242299
v 0.329035 -0.157589 -0.062097
v -0.359788 -0.424648 -0.074671
v -0.331426 -0.382483 0.464639
v -0.186760 -0.448149 0.288810
v -0.085514 0.311280 0.262353
v -0.091305 -0.506789 0.516073
v -0.329243 -0.552282 0.838825
v -0.351902 -0.096167 0.632945
v -0.197414 -0.108328 0.932470
v 0.248972 -0.021205 -0.103871
v -0.047688 -0.105357 0.985712
v 0.335087 0.647213 -0.141106
v -0.351248 -0.204771 0.632456
v 0.062067 -0.490863 0.293854
v -0.060687 -0.055189 1.011415
v -0.097775 0.048905 0.934808
v -0.352120 -0.143806 0.648220
v 0.132384 -0.126622 -0.186169
v -0.369521 -0.203721 0.438008
v -0.361075 -0.195584 0.532220
v 0.328058 -0.387960 0.381624
v 0.043259 -0.450141 0.169607
v 0.214388 -0.462669 0.202848
v 0.184339 -0.440862 0.232845
v -0.322875 -0.487114 0.174678
v 0.320315 -0.422605 0.201641
v 0.316561 -0.393111 0.312604
v -0.358708 -0.095593 0.514149
v 0.284399 -0.416745 0.529825
v 0.246419 -0.432828 0.456998
v 0.268509 -0.462170 0.626901
v -0.352203 -0.051983 0.470675
v 0.102775 -0.436724 -0.028678
v 0.108247 -0.620290 0.037145
v 0.125046 -0.562031 0.109901
v -0.311505 -0.178597 0.816938
v 0.333125 -0.271988 -0.084670
v -0.033992 -0.020441 -0.227232
v -0.313137 -0.472930 0.882467
v 0.173551 -0.233715 -0.141388
v 0.188604 -0.352489 -0.109812
v 0.182156 -0.286571 -0.121823
v -0.214881 -0.442925 0.529088
v -0.329882 -0.053350 0.736228
v 0.232950 0.246048 -0.212447
v 0.117974 -0.347835 0.920349
v 0.054241 -0.352585 0.895860
v 0.269740 0.009603 -0.068850
v 0.229613 -0.050655 -0.129293
v 0.082753 -0.352227 -0.062379
v -0.299910 -0.668116 0.793626
v -0.343001 -0.143931 0.713508
v -0.319789 -0.614957 0.815766
v 0.146579 -0.454107 -0.086272
v 0.186697 0.014655 -0.136886
v 0.353092 -0.314227 -0.068467
v 0.217150 -0.560808 0.644177
v -0.193012 -0.666176 0.903821
v 0.371616 -0.203928 0.030770
v -0.239363 -0.115600 0.903435
v -0.284011 0.565087 -0.249549
v 0.155693 -0.267833 0.933771
v 0.319812 -0.644172 0.121097
v -0.307656 -0.054778 0.805245
v -0.269562 -0.677011 -0.076237
v 0.256532 0.607204 -0.439982
v 0.357343 -0.213399 -0.029971
v 0.367549 -0.272214 -0.027846
v -0.340748 -0.360573 0.767208
v -0.169504 -0.619646 0.152327
v 0.383537 -0.229476 0.151326
v 0.381212 -0.253513 0.087170
v -0.249973 0.390507 -0.596264
v 0.377066 -0.372395 0.107733
v 0.375056 -0.312003 0.177395
v 0.379412 -0.322572 0.120047
v 0.353443 -0.352789 0.320408
v -0.337743 -0.360715 0.694047
v -0.333301 -0.416673 0.708742
v 0.376749 -0.252566 0.342253
v -0.142422 0.157624 -0.578063
v 0.385159 -0.141401 0.183596
v -0.338715 -0.218581 0.721061
v 0.357244 -0.040858 0.381265
v 0.365628 -0.093224 0.418876
v -0.340473 -0.296576 0.718990
v 0.367051 -0.168472 0.468714
v -0.282606 -0.406122 0.901101
v 0.379007 -0.068472 0.192764
v 0.376970 -0.096191 0.124624
v 0.370905 -0.050742 0.128946
v -0.344378 -0.251888 0.672784
v 0.357465 -0.433651 0.145397
v -0.321817 -0.386259 0.860069
v -0.325315 -0.300208 0.822321
v -0.336359 -0.371931 0.814384
v 0.203609 0.239734 -0.164006
v 0.339440 -0.233033 0.719105
v 0.308485 -0.237237 0.834690
v 0.309337 -0.108440 0.817307
v 0.312152 -0.178409 0.815607
v -0.078558 -0.609640 0.796035
v -0.287867 -0.664369 -0.078924
v -0.364434 -0.024933 0.132225
v -0.378823 -0.106149 0.132251
v 0.295377 0.425021 -0.227779
v 0.344504 -0.046380 0.606972
v 0.220829 0.437785 -0.037346
v -0.376488 -0.154552 0.095250
v 0.382169 -0.248909 0.245695
v 0.355254 -0.288783 0.526024
v 0.340279 -0.332024 0.637860
v 0.267953 0.456890 -0.136249
v -0.166112 0.298763 0.217168
v 0.303678 0.449322 -0.358958
v -0.329302 0.013299 0.034849
v -0.313296 0.000631 -0.015199
v 0.162834 0.279660 0.308514
v 0.221280 0.248959 0.248701
v -0.337553 -0.039710 0.007981
v 0.260000 0.196812 0.227943
v 0.294311 -0.522309 -0.116485
v -0.368974 -0.140547 0.435487
v 0.235008 0.140686 0.477430
v -0.414536 0.670711 -0.274148
v 0.327589 0.346493 -0.421325
v -0.386402 -0.154483 0.242141
v 0.251615 0.058206 0.800900
v 0.213478 0.125074 0.748382
v 0.169829 0.124831 0.820302
v 0.114216 -0.059956 0.973027
v -0.383405 -0.118912 0.278777
v -0.381606 -0.181705 0.324853
v 0.380202 -0.122145 0.320302
v 0.170633 0.174512 0.676994
v 0.382344 -0.167143 0.314855
v -0.377250 -0.079038 0.288373
v 0.174857 0.178860 0.570452
v 0.252000 0.114088 0.542128
v 0.340357 -0.359607 0.772923
v -0.382217 -0.086858 0.196807
v 0.282151 -0.418539 0.419957
v -0.118476 0.001355 -0.187326
v 0.238952 0.123199 0.616288
v 0.308486 0.064617 0.382270
v -0.113912 -0.694599 0.802400
v 0.346587 0.023500 0.248986
v 0.080419 0.360220 0.032772
v -0.158326 0.457107 0.017151
v 0.294088 0.070724 0.455720
v 0.240223 -0.289058 -0.120543
v -0.366003 -0.027440 0.263856
v 0.277239 0.043975 0.763197
v -0.364234 -0.089200 0.425413
v 0.384916 -0.115317 0.242062
v 0.019806 -0.227841 0.960224
v 0.188627 0.238766 0.027048
v -0.219850 -0.727184 0.809269
v 0.280864 0.146395 0.099793
v 0.302763 0.047351 0.010314
v 0.277285 0.078732 0.620119
v -0.381452 -0.247540 0.273284
v 0.286201 0.072887 0.533461
v 0.322911 0.072487 0.123758
v -0.273136 -0.468397 -0.119173
v 0.325929 0.258498 -0.501157
v -0.372053 -0.262876 0.381853
v 0.268102 0.184074 0.148338
v 0.150944 0.125528 -0.149881
v 0.160351 0.168027 -0.149326
v -0.359222 -0.317069 0.439147
v 0.174562 0.205515 -0.136324
v 0.155841 0.163013 -0.183402
v 0.141594 0.187078 0.702074
v -0.290724 -0.708886 0.002191
v 0.377353 -0.078570 0.284651
v -0.368699 -0.305052 0.351745
v -0.098283 0.044414 -0.201961
v 0.305382 0.265585 -0.345395
v 0.299288 0.295692 -0.290569
v -0.355459 -0.346606 0.373292
v 0.339388 -0.359691 0.718871
v 0.358665 -0.007082 0.136807
v -0.360041 -0.179078 -0.004010
v 0.284217 0.212184 -0.375218
v 0.294512 -0.616492 0.703875
v 0.216650 0.133807 -0.466266
v 0.276354 0.173994 -0.472732
v 0.368823 -0.028080 0.209184
v 0.295608 0.220273 -0.560403
v -0.365185 -0.141438 0.040421
v 0.329602 0.279970 -0.444167
v 0.308028 0.231417 -0.411847
v -0.056777 -0.003307 -0.222056
v -0.342987 -0.138169 -0.027864
v 0.272816 0.229455 -0.597455
v 0.281491 0.343604 -0.597734
v 0.278007 0.314114 -0.615129
v -0.382163 -0.212717 0.124890
v 0.246653 0.446504 -0.554616
v 0.292807 0.384234 -0.549982
v 0.325676 -0.670759 -0.028666
v 0.170206 -0.545692 0.648276
v 0.142620 -0.689523 0.067817
v 0.172535 -0.717576 0.036547
v 0.190815 -0.681437 -0.067660
v -0.379291 -0.369770 0.094340
v 0.218006 -0.721901 0.833288
v 0.283689 -0.677718 0.838677
v 0.111388 -0.669983 0.849838
v 0.227293 -0.315010 0.915369
v 0.163946 -0.709603 0.720407
v -0.380901 -0.298277 0.105370
v -0.377447 -0.298257 0.178342
v 0.343539 -0.096180 0.703731
v 0.212447 -0.691622 0.690098
v -0.340836 -0.259977 -0.075414
v -0.366188 -0.251588 -0.023860
v 0.262303 -0.637911 0.680136
v -0.339260 -0.211810 -0.063769
v -0.379969 -0.284900 0.032127
v 0.317256 -0.396834 0.870116
v -0.274982 -0.031962 0.849884
v 0.012985 -0.333572 -0.088031
v -0.241661 -0.222439 0.905182
v 0.097667 -0.647664 0.747951
v 0.260760 -0.591642 0.662522
v 0.334185 -0.379629 0.827936
v 0.260902 -0.537167 0.649629
v 0.213437 -0.643673 0.663078
v 0.150202 -0.320814 -0.108518
v -0.275480 -0.301494 0.891958
v 0.145871 -0.546983 0.918918
v 0.143988 -0.472725 0.918429
v 0.199484 -0.604476 0.923559
v 0.252283 -0.551652 0.919818
v 0.334087 -0.400053 0.700416
v -0.105949 -0.558127 -0.010826
v -0.240777 -0.704147 -0.051256
v -0.200786 -0.217841 0.926421
v 0.378062 -0.460771 0.081221
v -0.158605 -0.345473 0.923719
v -0.164576 -0.402665 0.921836
v 0.346083 -0.606483 0.106807
v 0.379376 -0.523573 -0.012516
v 0.381745 -0.412159 -0.015681
v -0.140900 -0.381252 0.919529
v -0.164749 0.289355 0.275065
v 0.305169 -0.592009 -0.103371
v 0.309925 -0.459695 -0.111808
v 0.231204 -0.611611 -0.111535
v 0.130907 -0.552220 -0.067063
v -0.081781 -0.322545 0.920739
v 0.139521 -0.491383 0.138648
v -0.159908 -0.226409 0.939396
v 0.280153 -0.498747 0.193050
v 0.191832 -0.523702 0.178989
v -0.128568 -0.304072 0.929849
v 0.107721 0.311635 0.246255
v 0.288328 -0.568113 0.177878
v -0.169971 -0.287076 0.928621
v -0.299705 -0.346748 0.881231
v 0.118124 -0.616296 -0.025814
v -0.251902 -0.318327 0.906677
v 0.120549 -0.650299 0.063643
v 0.059349 0.151837 -0.578122
v -0.235276 -0.412782 0.918707
v 0.060472 -0.444339 0.829696
v -0.035694 0.319470 0.220456
v 0.269242 0.623365 -0.361640
v 0.279664 0.552365 -0.347070
v -0.266653 -0.103634 -0.112913
v -0.020221 0.311949 0.269153
v 0.017484 0.110401 -0.493111
v 0.327552 -0.207499 0.773914
v 0.315781 0.388933 -0.332466
v -0.279820 -0.080993 -0.097244
v 0.256843 0.654400 -0.138492
v 0.300073 0.575155 -0.167610
v 0.277816 0.143999 0.297898
v -0.078410 -0.069397 -0.209058
v 0.377391 0.636779 -0.149383
v 0.387520 0.694964 -0.151502
v 0.420738 0.655625 -0.157193
v 0.291196 0.577172 -0.245012
v -0.145299 -0.054104 -0.178011
v -0.188076 -0.109983 -0.162175
v -0.168420 0.064051 -0.135046
v -0.203401 0.050977 -0.107864
v 0.315709 0.634397 -0.312809
v 0.376817 0.622457 -0.259570
v 0.347231 0.596268 -0.233254
v -0.182888 -0.016246 -0.149182
v 0.449376 0.738831 -0.219785
v -0.156933 -0.000752 -0.161858
v -0.323857 -0.647875 -0.058356
v -0.262600 -0.029174 -0.095162
v 0.417830 0.639272 -0.228282
v -0.287201 0.022265 -0.039132
v 0.109474 0.314676 0.092892
v 0.031192 0.233699 0.493787
v 0.073705 0.216578 0.653074
v -0.191640 -0.285734 -0.122127
v -0.129949 -0.245569 -0.145937
v 0.359404 -0.101433 0.518495
v 0.110657 0.206057 0.654620
v -0.099121 -0.282326 -0.126503
v -0.148792 -0.288660 -0.120574
v 0.006141 0.175425 0.827199
v 0.082790 0.194783 0.759572
v 0.028321 0.198223 0.777548
v 0.044924 0.152498 0.856882
v -0.164830 -0.333114 -0.107738
v 0.013073 -0.413542 0.020951
v -0.127993 -0.157146 -0.184127
v -0.175188 -0.183169 -0.158756
v 0.043819 -0.393421 -0.003281
v 0.088410 -0.379507 -0.035700
v 0.303921 -0.407820 0.442393
v 0.109536 -0.445917 0.111877
v -0.001471 -0.368988 0.853153
v -0.170148 -0.228448 -0.145076
v 0.227680 -0.439100 0.508582
v -0.305896 -0.144936 -0.086147
v 0.011199 -0.420544 0.762462
v -0.181170 -0.144483 -0.163817
v 0.059962 -0.455197 0.742030
v -0.235438 -0.336672 -0.117063
v -0.313647 -0.401285 -0.107908
v 0.018090 0.250346 0.436837
v -0.236172 -0.714896 0.102911
v 0.064721 0.285580 0.349124
v -0.298603 -0.309535 -0.108136
v -0.287175 -0.341038 -0.112651
v -0.110609 -0.021682 0.969288
v 0.124140 0.271748 0.360086
v 0.045639 0.095302 -0.251138
v 0.281241 0.504471 -0.438592
v -0.311922 -0.206865 -0.091748
v -0.138021 -0.113534 -0.184826
v -0.384992 -0.447242 0.020205
v 0.122153 0.332731 0.015605
v -0.004756 0.413735 0.051391
v -0.278120 -0.700693 0.104131
v 0.065553 0.514228 0.042877
v -0.153313 -0.567776 0.919792
v 0.057539 0.380992 0.040078
v -0.293226 -0.411475 0.541270
v -0.171692 -0.456316 0.576778
v -0.170544 -0.501931 0.636802
v -0.048693 0.575624 -0.531857
v -0.277918 -0.450201 0.624391
v -0.339482 -0.375659 0.359832
v -0.212563 -0.615178 0.920520
v -0.195014 -0.473423 0.615817
v 0.051329 0.694707 -0.482681
v 0.193257 -0.721693 0.007664
v -0.231965 -0.460657 0.607288
v 0.334271 -0.358231 0.606974
v -0.332255 -0.445423 0.846806
v 0.246572 0.223568 0.192246
v -0.237818 -0.436351 0.465247
v -0.217266 -0.677850 0.894746
v -0.207818 -0.450351 0.497479
v 0.176487 0.273616 0.066216
v 0.014327 0.363285 -0.654601
v -0.234848 -0.622285 0.914022
v 0.051774 0.452593 -0.595302
v 0.202726 0.438481 -0.584109
v -0.310044 -0.402704 0.471198
v -0.151746 -0.598249 -0.079940
v 0.045958 0.353756 0.040368
v 0.216416 0.174149 0.430603
v 0.111986 -0.282597 0.936267
v 0.083151 -0.346544 0.911011
v -0.021431 0.232907 0.499679
v 0.177096 0.609741 -0.084675
v 0.125366 0.296118 0.300106
v -0.209532 -0.447078 0.220275
v -0.288063 -0.409596 0.287260
v 0.040011 -0.242132 -0.167086
v 0.120122 0.641766 -0.499212
v -0.292925 -0.420639 0.231984
v 0.079521 -0.116298 -0.205390
v -0.341918 -0.372412 0.412331
v 0.029063 -0.000027 -0.231011
v -0.365902 -0.608363 0.014183
v -0.318227 -0.394840 0.357691
v -0.045697 0.225353 0.554333
v -0.010263 0.073546 -0.248881
v 0.058057 0.073712 -0.234626
v -0.090819 0.674548 -0.074377
v 0.008273 0.116937 -0.298347
v 0.017374 0.111131 -0.276718
v 0.131755 0.118808 -0.185902
v 0.145287 0.151760 -0.263588
v 0.128970 0.141767 -0.227633
v -0.081677 0.082042 -0.222485
v -0.185945 0.249040 -0.109414
v 0.144181 0.139777 -0.310784
v 0.337923 0.003380 0.401315
v 0.113578 0.111687 -0.482998
v 0.085456 0.187397 -0.616340
v 0.140709 0.148326 -0.564338
v 0.192755 0.140426 -0.531061
v -0.080039 -0.124949 -0.203942
v 0.177026 0.122682 -0.486619
v 0.036833 0.214250 -0.638311
v -0.025640 -0.440336 0.717638
v 0.145732 0.296796 -0.662065
v 0.268474 0.102956 0.472610
v 0.292552 0.036803 0.723078
v 0.196346 0.261789 -0.647134
v 0.302823 -0.009239 0.775629
v 0.270674 0.081065 0.673653
v 0.195879 0.013320 0.902988
v 0.285827 -0.017266 0.822513
v 0.244154 -0.153963 0.900935
v -0.008458 0.225121 0.644567
v 0.187490 0.549813 -0.046843
v 0.186582 0.505537 -0.018517
v 0.131290 0.560822 -0.531331
v 0.232815 0.583748 -0.108917
v 0.214322 -0.177511 0.921375
v 0.171737 0.687665 -0.468578
v 0.114058 -0.486513 0.312553
v -0.045154 0.498660 0.051548
v 0.187412 0.135372 -0.076281
v 0.238327 0.693308 -0.394767
v -0.080632 0.632003 -0.030225
v 0.199340 0.917652 -0.239536
v -0.033613 -0.078960 -0.220124
v 0.001829 -0.499631 0.301979
v 0.347471 0.027616 0.172780
v 0.210545 0.920508 -0.303873
v 0.202531 0.938121 -0.290755
v 0.014131 -0.522816 0.370513
v 0.074473 -0.512588 0.359870
v 0.183364 0.948021 -0.269752
v 0.173226 0.924780 -0.233139
v 0.043796 -0.527828 0.414181
v -0.024820 -0.134115 -0.211270
v 0.291211 0.143139 0.200332
v 0.035011 -0.512513 0.340964
v 0.165854 0.788722 -0.351221
v 0.193629 0.786591 -0.302659
v 0.146885 -0.503005 0.418378
v 0.186288 -0.483802 0.434572
v 0.162584 0.095347 -0.131998
v 0.040577 -0.510869 0.530563
v 0.184627 0.779935 -0.219524
v 0.170891 0.145216 -0.102834
v -0.098747 -0.260321 0.943837
v 0.085308 -0.510555 0.507636
v 0.189886 0.185995 -0.240879
v 0.141373 -0.668829 0.884759
v 0.004387 -0.528753 0.465401
v 0.099116 -0.518499 0.432992
v 0.141348 0.797575 -0.208296
v 0.112514 0.813356 -0.214635
v 0.163772 0.171694 -0.208786
v 0.094123 -0.517381 0.400150
v -0.034514 0.092932 0.920268
v -0.058090 0.057623 0.941326
v -0.025161 -0.259247 -0.156495
v -0.001322 -0.509128 0.541399
v 0.190503 0.203769 -0.200108
v 0.306034 -0.545980 0.690486
v 0.173467 0.221726 -0.089396
v 0.174745 -0.467659 0.325376
v 0.169731 0.249663 -0.030091
v 0.142492 0.815966 -0.332837
v 0.093987 0.128892 -0.295150
v 0.302393 -0.693660 0.082192
v 0.064266 0.824084 -0.242890
v 0.094184 0.839889 -0.247748
v 0.241362 0.302227 -0.153782
v 0.320998 0.319519 -0.347509
v -0.211164 -0.007857 0.903387
v -0.144171 0.316972 -0.662501
v -0.135085 0.443746 -0.595694
v -0.244212 -0.015146 0.877405
v 0.232235 0.454384 -0.055310
v 0.212863 0.764324 -0.229535
v 0.061702 0.508665 -0.561179
v -0.191442 -0.596414 0.924036
v 0.247651 0.760115 -0.228361
v 0.027504 -0.452747 0.685112
v 0.244116 0.745188 -0.295993
v -0.129587 0.593612 -0.031515
v 0.305510 0.761273 -0.238587
v 0.334235 0.749020 -0.283882
v 0.379102 0.732916 -0.300823
v 0.058884 0.806981 -0.392069
v 0.339504 0.709428 -0.325611
v -0.103514 -0.532734 0.689713
v 0.268719 0.680529 -0.355598
v 0.014065 0.796674 -0.415031
v 0.230528 0.354812 -0.087784
v 0.309193 -0.627656 0.741671
v -0.012927 -0.324951 -0.097801
v 0.116366 0.761981 -0.433231
v 0.269444 0.698901 -0.157009
v 0.071675 0.387809 -0.639902
v 0.418049 0.737456 -0.182795
v 0.351870 -0.159261 -0.016827
v 0.045229 0.823404 -0.351495
v 0.271966 0.180954 -0.414811
v -0.033061 -0.222210 -0.180147
v 0.188134 0.716809 -0.163784
v 0.304023 0.209235 -0.458767
v -0.042544 0.309663 -0.667137
v 0.007473 0.751052 -0.091842
v 0.123558 0.700387 -0.125897
v 0.121647 0.763242 -0.171978
v 0.012126 0.831335 -0.322832
v 0.031458 0.737627 -0.087848
v -0.179703 0.551079 -0.040345
v 0.127899 0.806691 -0.347598
v 0.094985 0.819702 -0.312097
v 0.018160 0.776899 -0.126381
v 0.145766 0.791984 -0.373920
v -0.008551 0.791200 -0.145134
v 0.158923 0.763320 -0.414661
v 0.448118 0.734902 -0.195635
v -0.290103 -0.609511 0.886158
v 0.327136 0.320603 -0.391060
v 0.314986 0.328388 -0.547201
v 0.020619 0.826303 -0.230773
v 0.067373 0.825108 -0.300875
v -0.011414 0.832874 -0.278687
v 0.298662 0.300528 -0.593014
v -0.095060 -0.174736 -0.189787
v 0.198927 0.743115 -0.401139
v -0.082617 -0.207373 -0.180481
v 0.254724 0.482475 -0.521167
v 0.256927 0.157322 -0.483486
v 0.222769 0.742519 -0.333975
v 0.206396 0.879109 -0.315545
v 0.203579 0.818028 -0.295746
v 0.290163 0.669755 -0.346005
v 0.271016 0.436732 -0.532609
v 0.199096 0.905825 -0.316621
v 0.217895 0.900612 -0.302153
v -0.050736 0.219094 0.672627
v 0.214999 0.844015 -0.278989
v 0.241279 -0.728021 0.040670
v 0.224707 -0.727310 0.010598
v 0.175005 0.186554 0.500791
v 0.173601 0.912864 -0.313976
v -0.175985 -0.458141 0.548826
v 0.149407 0.914626 -0.295703
v 0.158194 0.861597 -0.326139
v 0.260463 -0.723405 0.022271
v 0.186087 0.853342 -0.326971
v 0.203137 0.686484 -0.457321
v -0.309393 -0.551867 0.882208
v 0.191521 0.468151 -0.008729
v 0.146603 0.924677 -0.243421
v -0.055410 -0.311447 -0.105330
v 0.214182 -0.728170 0.041446
v 0.120851 0.893047 -0.269124
v 0.274960 -0.690704 0.121361
v 0.304656 -0.674360 0.111383
v 0.202257 0.876432 -0.237090
v 0.231259 0.644497 -0.461947
v -0.154299 0.271859 -0.657286
v 0.132693 0.538047 0.003850
v 0.139110 0.832676 -0.218952
v 0.232390 -0.720801 0.088019
v 0.232060 -0.442307 0.415014
v 0.106563 0.648914 -0.063025
v 0.061956 0.674852 -0.051070
v 0.163190 -0.482675 0.510033
v 0.095354 -0.473331 0.603303
v 0.141573 -0.470646 0.567364
v -0.267156 -0.661637 0.152302
v 0.185736 -0.475648 0.483357
v 0.054952 -0.455604 0.684523
v 0.069702 -0.465414 0.645911
v -0.045075 0.212160 0.725673
v 0.040715 -0.475053 0.622730
v 0.080600 0.741319 -0.128676
v 0.106327 -0.456748 0.233128
v 0.102135 -0.532204 0.692800
v 0.161176 -0.452267 0.266169
v 0.232709 0.499682 -0.073476
v 0.054595 0.559855 0.027626
v 0.112163 -0.512554 0.466591
v 0.096726 0.544338 0.019711
v 0.056999 -0.524341 0.466529
v -0.104844 -0.334512 -0.089375
v 0.126388 -0.493858 0.524998
v -0.077122 -0.576139 0.833574
v 0.229420 0.230494 -0.622274
v 0.214769 0.196862 -0.603224
v 0.133204 -0.029776 0.961600
v 0.208236 0.284725 -0.650359
v 0.159881 -0.068824 0.952794
v -0.179429 0.013731 0.914653
v -0.145358 0.234438 -0.643993
v 0.081799 0.278804 -0.663458
v 0.201413 -0.076963 0.929510
v 0.038606 0.305278 -0.667088
v 0.070005 0.609995 -0.007200
v -0.019098 0.283933 -0.665222
v 0.156478 0.185485 -0.607904
v 0.242594 -0.068708 0.896664
v 0.237251 -0.721994 0.765047
v -0.072191 0.261085 -0.659265
v 0.013104 0.234670 -0.649619
v 0.252696 -0.020560 0.870650
v 0.220792 0.066188 0.837701
v 0.143209 0.066875 0.900985
v 0.098268 0.229469 -0.644833
v 0.021435 0.003831 0.984894
v 0.076579 0.010152 0.966178
v 0.014859 0.084311 0.928982
v 0.105610 0.043741 0.934611
v 0.092941 0.086141 0.910198
v 0.045470 0.116896 0.897343
v -0.007331 -0.102805 0.989826
v 0.155905 -0.204517 -0.157892
v -0.024117 0.197244 -0.626307
v 0.013604 -0.084429 0.997087
v -0.107471 0.201384 0.703453
v 0.200150 0.166760 -0.573766
v 0.079926 -0.056280 0.994596
v 0.096397 -0.018041 0.974498
v 0.328526 -0.108177 0.769077
v 0.057293 -0.069146 1.010269
v -0.145454 0.104261 0.867071
v -0.326631 -0.497659 0.859008
v 0.047167 -0.043130 1.015403
v 0.292149 -0.441727 0.631841
v 0.015636 -0.052985 1.032334
v 0.013434 0.180301 -0.611850
v 0.141063 0.165961 -0.588971
v -0.239714 -0.677082 0.688012
v -0.136123 0.034591 0.926651
v -0.273452 -0.576591 0.906849
v -0.267443 0.453096 -0.132942
v -0.087194 0.170684 0.811643
v -0.002977 -0.085867 1.015375
v 0.041410 0.102122 -0.442895
v 0.034886 -0.075281 1.028761
v -0.195315 -0.064150 0.932775
v -0.089105 -0.434473 0.891128
v 0.003739 0.543105 0.042064
v 0.035844 -0.081178 1.004344
v 0.116882 0.110295 -0.400039
v -0.316489 -0.430126 0.201416
v 0.195751 0.140756 -0.370352
v 0.315349 -0.632875 0.777779
v -0.309735 -0.400470 0.257461
v -0.271535 -0.416422 0.318631
v -0.342030 -0.335058 0.587732
v 0.150696 0.121528 -0.380242
v 0.332513 0.694970 -0.152104
v -0.263589 -0.426020 0.515875
v -0.239371 -0.442852 0.582188
v 0.107228 0.105645 -0.436772
v -0.206917 -0.447511 0.564277
v 0.041610 0.116721 -0.323913
v -0.227640 0.195496 -0.596236
v 0.085452 -0.472325 0.879527
v -0.224273 -0.280989 -0.122378
v -0.080653 0.120105 0.884225
v -0.339583 -0.007759 0.432505
v -0.103802 -0.503641 0.898014
v 0.140350 0.101417 -0.164443
v -0.157019 0.090374 -0.141095
v -0.267728 0.014950 -0.067365
v 0.113045 0.041875 -0.190040
v -0.195268 0.017981 -0.129276
v 0.079630 -0.581245 0.757461
v 0.104339 -0.490023 0.672312
v 0.132416 0.136932 -0.204843
v 0.078073 -0.488787 0.721065
v 0.051105 0.120286 -0.292197
v -0.208427 -0.333408 0.919907
v 0.017988 0.062896 -0.243977
v 0.072468 -0.463500 0.696997
v -0.136362 -0.415903 0.915109
v -0.304789 0.444652 -0.359710
v 0.355100 0.758457 -0.223457
v 0.096846 0.078794 -0.209673
v 0.289139 -0.466484 0.644955
v 0.094902 -0.053511 -0.202478
v 0.238326 -0.583500 0.651987
v 0.007377 -0.069145 -0.223992
v 0.207001 -0.511256 0.633251
v -0.316198 -0.635824 0.792038
v 0.158732 -0.589203 0.659809
v 0.080398 0.026455 -0.212852
v 0.106413 -0.440983 0.902732
v 0.166100 -0.501838 0.924443
v 0.088246 0.225058 0.495527
v -0.277560 0.536428 -0.214916
v 0.111207 -0.335822 -0.090223
v -0.385457 -0.145202 0.184928
v 0.098699 -0.283162 -0.125681
v -0.049084 0.155116 0.851768
v 0.227971 -0.628115 0.914699
v 0.216730 -0.558136 0.926839
v 0.391959 0.623351 -0.161507
v 0.359409 -0.398107 0.159218
v 0.384052 -0.478869 0.018958
v 0.365314 -0.606834 0.003964
v -0.195650 0.188707 -0.601288
v 0.135340 0.400544 -0.627336
v 0.137460 0.371408 -0.646187
v 0.180323 0.498602 -0.551218
v 0.101971 -0.467575 0.630643
v -0.254505 -0.383056 0.911895
v -0.018717 -0.428465 0.053960
v 0.137122 0.502835 -0.557508
v -0.068253 0.457221 -0.591681
v 0.143496 0.454102 -0.587148
v -0.214500 0.201037 0.027702
v 0.121912 0.324443 -0.663231
v 0.074769 0.345686 -0.660871
v 0.341553 -0.610626 -0.063293
v -0.332479 -0.566144 0.788646
v -0.250683 0.215735 0.163932
v -0.191641 0.260626 0.305966
v 0.370983 -0.552820 -0.034664
v -0.198082 0.277104 0.160944
v -0.213561 0.175899 0.433707
v 0.191693 0.567459 -0.516108
v 0.241930 0.549964 -0.497480
v 0.221912 0.544188 -0.514356
v 0.223180 0.597811 -0.490521
v -0.200691 0.107077 0.810713
v -0.287636 0.145934 0.227848
v -0.167635 0.145641 0.786251
v -0.151358 0.182103 0.702824
v 0.023786 -0.346617 0.886592
v -0.200661 0.158010 0.615863
v 0.170942 0.626769 -0.497168
v 0.205449 0.640219 -0.481088
v 0.332484 -0.677903 0.041455
v -0.002304 0.713217 -0.475889
v 0.064065 -0.311868 -0.103800
v 0.360312 -0.409914 -0.072439
v -0.089514 -0.353203 -0.065010
v 0.316083 -0.172059 -0.081994
v -0.131095 -0.605599 0.903355
v -0.313634 -0.566316 0.711438
v 0.137272 0.735200 -0.449428
v 0.056736 0.755683 -0.449142
v -0.288838 0.065418 0.592735
v -0.183320 0.820434 -0.324924
v -0.060425 -0.375912 -0.026408
v -0.301034 -0.633148 0.726577
v 0.003944 0.646070 -0.504788
v 0.351659 -0.400185 -0.084725
v -0.161597 0.273291 -0.011165
v -0.178410 0.304652 -0.051789
v -0.146940 0.294074 0.020963
v -0.155798 0.163799 -0.197590
v -0.176041 0.203635 -0.147923
v 0.180610 -0.433603 -0.105198
v -0.181826 0.342911 -0.033169
v -0.219709 0.340510 -0.082156
v 0.138969 0.424247 0.025175
v 0.164515 0.398380 0.004485
v 0.127627 -0.393395 -0.077099
v -0.017432 0.368755 0.041053
v 0.066109 0.479937 0.050620
v 0.105180 0.452347 0.040996
v 0.169260 0.449418 0.009562
v -0.256221 0.269060 -0.627434
v 0.047558 0.437014 0.052647
v -0.290977 0.438083 -0.491819
v 0.216847 -0.512865 -0.117282
v 0.135013 0.303700 0.063094
v -0.283033 0.396827 -0.554069
v -0.295182 0.319086 -0.591908
v -0.259870 0.335423 -0.622013
v 0.146858 0.294126 0.037846
v -0.308670 0.264761 -0.570798
v 0.180750 -0.517975 -0.106107
v -0.274310 -0.719695 0.030180
v -0.082322 -0.550612 0.860805
v -0.199560 -0.692271 -0.059014
v -0.168794 -0.693710 -0.036033
v -0.278316 -0.710746 0.080104
v -0.091080 -0.403567 -0.016046
v -0.247860 -0.719280 0.794975
v -0.271271 -0.686859 0.845873
v -0.245884 -0.707033 0.727691
v -0.133441 -0.711986 0.777901
v -0.159933 -0.690396 0.699825
v -0.154094 -0.665218 0.894963
v -0.163897 -0.704094 0.864016
v -0.312889 -0.509007 0.690004
v -0.094713 -0.546464 0.883054
v -0.339922 -0.481930 0.778784
v -0.330398 -0.491835 0.725733
v -0.281194 -0.625283 0.689729
v 0.322667 -0.599325 -0.088756
v -0.336833 -0.475428 0.832439
v 0.174937 -0.665274 -0.070516
v 0.153495 -0.609490 -0.078017
v -0.087192 -0.641572 0.808001
v -0.106001 -0.594754 0.886653
v 0.202496 -0.570918 -0.110901
v -0.105043 -0.661106 0.741359
v 0.160141 -0.474153 0.167850
v -0.250515 -0.577352 0.654109
v -0.250791 -0.536695 0.645860
v 0.050486 -0.406205 0.842021
v 0.248417 -0.539334 0.189789
v -0.016674 -0.368985 -0.044504
v 0.050130 -0.427599 0.806412
v 0.174417 -0.639102 0.150275
v 0.223044 -0.566392 0.184053
v -0.149052 0.201189 0.504888
v -0.055067 -0.442566 0.797936
v -0.375324 -0.446425 0.096630
v -0.375291 -0.520547 -0.035178
v -0.333174 -0.599160 -0.079807
v -0.329230 -0.608010 0.133472
v -0.348813 -0.601719 0.104753
v -0.228593 -0.208127 -0.133643
v -0.233343 -0.417986 -0.117885
v -0.192006 -0.438071 -0.109332
v -0.185097 -0.600685 -0.100421
v -0.307643 -0.601128 -0.099355
v -0.164198 -0.549863 0.158532
v -0.330293 0.313661 -0.475037
v 0.104812 -0.394618 -0.046905
v 0.108778 -0.557224 -0.023092
v 0.102116 -0.519025 0.034257
v -0.103387 -0.548557 0.042754
v -0.135071 -0.580692 0.124330
v -0.116256 -0.523614 0.093069
v -0.112355 -0.627930 0.052899
v -0.052422 -0.410672 0.838925
v -0.263830 0.520204 -0.478788
v 0.112210 -0.554992 0.081795
v -0.244562 -0.267845 -0.121526
v 0.273000 0.495639 -0.480123
v -0.271977 0.575245 -0.387053
v 0.057360 0.211483 0.719786
v -0.290404 0.620312 -0.134470
v -0.260095 0.637019 -0.132660
v 0.106015 0.211826 0.561349
v 0.115359 -0.476551 0.095103
v -0.347405 0.690146 -0.149671
v -0.347025 0.590872 -0.212375
v -0.361195 0.595304 -0.187933
v -0.248162 0.565790 -0.118840
v 0.035471 0.222866 0.649840
v -0.317182 0.628022 -0.305530
v -0.196687 0.225771 -0.630115
v -0.276236 0.643426 -0.350919
v 0.279997 0.641956 -0.345583
v -0.408089 0.707913 -0.295682
v -0.382376 0.703287 -0.313700
v 0.067736 0.307638 0.283983
v -0.451196 0.671081 -0.184335
v -0.413356 0.632746 -0.221792
v -0.462983 0.712046 -0.194303
v 0.177176 -0.563172 0.925292
v 0.290528 0.487535 -0.273436
v -0.008812 0.327408 0.099875
v 0.281753 0.536198 -0.260346
v 0.274884 0.510223 -0.194067
v 0.258244 0.563582 -0.130537
v 0.225427 -0.440891 0.356905
v -0.093966 0.222990 0.498082
v -0.095698 0.210565 0.656556
v -0.322201 -0.569595 0.735512
v -0.314761 -0.630582 0.769709
v -0.030534 0.185577 0.805172
v -0.199654 0.443443 -0.581780
v -0.104089 0.138162 0.853080
v -0.034209 0.127992 0.888928
v 0.024249 0.323766 0.170993
v 0.098083 0.318113 0.169002
v -0.110325 -0.445849 0.115028
v -0.092920 -0.433186 0.070713
v -0.085480 -0.317160 -0.098397
v -0.030692 -0.341032 0.894397
v -0.066752 0.163655 -0.592988
v 0.410422 0.625409 -0.203622
v -0.033325 0.265092 0.399360
v 0.182366 0.679314 -0.141422
v 0.213195 0.631796 -0.120220
v -0.043435 0.355886 0.039234
v -0.141286 0.135397 -0.541600
v 0.332359 -0.055609 0.728648
v -0.021920 0.341375 0.049252
v -0.125728 0.323944 0.015996
v 0.347418 0.617670 -0.276283
v -0.047009 0.327564 0.081727
v -0.090859 0.495277 0.041393
v -0.279346 0.559805 -0.332602
v -0.175125 0.425815 0.004382
v 0.383548 -0.343258 0.040239
v 0.300262 0.604518 -0.284306
v -0.126166 0.571227 -0.527546
v -0.312573 0.399778 -0.314315
v 0.360076 -0.347635 0.221000
v -0.172466 0.219107 -0.072291
v -0.201450 0.492738 -0.547171
v 0.174313 0.284794 0.101647
v 0.337146 0.595921 -0.161381
v 0.374768 0.601868 -0.205439
v 0.252768 0.620200 -0.127398
v -0.173632 0.347013 -0.651631
v -0.045508 -0.229952 0.958564
v -0.026297 -0.305940 0.922547
v 0.016910 -0.304417 0.922586
v 0.229662 0.676107 -0.145625
v 0.308261 0.363236 -0.269876
v 0.308806 0.330181 -0.287969
v -0.041458 0.052869 -0.236133
v -0.311607 -0.684938 0.085345
v -0.140209 0.147994 -0.268572
v 0.271831 0.497725 -0.173095
v -0.104860 0.124976 -0.325937
v 0.297623 -0.059298 0.827640
v -0.168484 0.260537 -0.040694
v -0.244364 0.096394 0.739010
v 0.269804 0.412873 -0.132911
v -0.066703 0.138166 -0.556828
v 0.086828 -0.173817 -0.192208
v 0.002304 0.219596 0.705523
v -0.241594 0.168538 -0.550865
v -0.076712 0.220636 -0.641625
v -0.135756 -0.517931 0.915563
v -0.201164 0.310895 -0.653017
v 0.276172 0.558087 -0.165895
v -0.047677 0.680804 -0.047506
v 0.276078 0.533700 -0.204142
v 0.175636 0.647759 -0.114311
v 0.250868 0.519696 -0.119976
v -0.245331 0.613189 -0.462387
v -0.249543 0.675979 -0.387044
v -0.235257 0.662713 -0.443245
v -0.249658 0.646171 -0.424077
v -0.214935 0.912037 -0.252765
v -0.221440 0.918639 -0.275031
v -0.208839 0.936379 -0.265998
v -0.171054 0.940097 -0.243797
v -0.184964 0.948182 -0.262601
v -0.245434 0.446595 -0.555023
v -0.174196 0.942898 -0.286503
v -0.158413 0.941576 -0.264556
v 0.281672 0.582148 -0.302973
v 0.275067 0.592509 -0.342216
v -0.201410 0.776953 -0.281603
v 0.294301 0.475602 -0.400483
v 0.054680 0.172690 0.823001
v 0.316573 0.392934 -0.435108
v 0.295894 0.447219 -0.458620
v -0.195823 0.812298 -0.307326
v -0.179219 0.779493 -0.345529
v 0.249304 0.592431 -0.466725
v 0.266257 0.556741 -0.445447
v -0.121914 0.116486 -0.498784
v -0.335050 -0.667467 0.063142
v -0.191129 0.191691 -0.230526
v 0.146210 -0.561355 0.141437
v -0.077244 0.108279 -0.243015
v -0.096608 0.282359 0.349791
v -0.212193 -0.166409 0.922655
v -0.124569 0.093295 -0.184734
v -0.090300 0.805369 -0.202220
v -0.123851 0.799772 -0.205294
v -0.104089 0.824619 -0.224495
v -0.137257 0.829755 -0.218590
v 0.126478 -0.673955 0.037765
v -0.121618 0.811482 -0.333051
v -0.276205 -0.214455 0.876357
v -0.144957 0.811167 -0.335370
v -0.160547 0.827351 -0.332579
v 0.133250 -0.612451 0.114794
v -0.104328 0.849278 -0.284978
v -0.109697 0.826757 -0.309050
v -0.354783 -0.616907 0.077068
v -0.099703 0.242826 0.434299
v 0.153324 -0.651606 -0.059403
v 0.136914 -0.453189 0.153358
v 0.111059 -0.630272 0.016717
v -0.101152 0.850237 -0.245682
v 0.366686 -0.537871 0.095978
v -0.069414 0.815513 -0.215983
v -0.221523 0.756508 -0.281321
v -0.211965 0.765964 -0.234487
v -0.196921 0.785654 -0.240164
v -0.208455 0.770115 -0.258331
v -0.244297 0.760043 -0.228498
v -0.210612 0.760611 -0.208968
v -0.129698 -0.696149 0.738532
v -0.245689 0.750287 -0.195295
v 0.102626 -0.455182 0.059432
v -0.291685 0.740407 -0.298773
v 0.102508 -0.472514 -0.016068
v -0.306323 0.714883 -0.326816
v -0.277501 0.700076 -0.343647
v -0.378126 0.757951 -0.223851
v -0.353143 0.760099 -0.238726
v 0.114474 -0.518189 -0.043638
v -0.112387 -0.552878 0.900537
v -0.398124 0.753570 -0.211701
v 0.313354 -0.506036 0.177727
v -0.403830 0.727769 -0.170751
v 0.042631 -0.430245 0.767496
v 0.266444 -0.096725 -0.111818
v -0.360076 -0.282915 -0.049334
v -0.074010 0.747609 -0.129582
v 0.082263 0.253055 0.417721
v 0.291730 -0.604150 0.166986
v 0.295019 -0.532202 0.183395
v 0.195615 -0.602063 0.171434
v 0.173594 -0.578496 0.162878
v 0.160795 -0.669792 0.122556
v -0.123634 0.216860 0.485833
v -0.108152 0.807202 -0.365978
v 0.224125 -0.667654 0.157273
v 0.283875 -0.051914 -0.083408
v -0.016082 0.827537 -0.235171
v -0.066145 0.826423 -0.276962
v -0.216984 0.714153 -0.414338
v -0.195577 0.754441 -0.383487
v -0.220240 0.738852 -0.349666
v -0.200432 0.864512 -0.319522
v -0.204535 0.811504 -0.282401
v -0.212291 0.876535 -0.246067
v -0.223098 0.883697 -0.272460
v -0.135360 0.838137 -0.322436
v -0.133732 0.885108 -0.300137
v 0.145732 -0.526554 -0.084394
v -0.161294 0.897363 -0.315316
v -0.187269 0.907547 -0.318042
v -0.151738 0.924181 -0.289610
v -0.172282 0.927049 -0.304089
v 0.276178 -0.599651 -0.111276
v -0.121835 0.885771 -0.236715
v -0.056422 0.250223 0.432153
v -0.114221 0.884835 -0.258328
v -0.136283 0.919421 -0.267944
v 0.286103 -0.630861 -0.097812
v -0.279764 0.553310 -0.197911
v 0.308276 -0.371564 -0.107694
v 0.343059 -0.363878 -0.087951
v 0.350557 -0.441666 -0.087066
v -0.201671 -0.470517 0.445808
v 0.320059 -0.518264 -0.106707
v 0.183140 -0.591938 -0.101018
v -0.170672 0.119303 0.828431
v -0.135900 -0.467455 0.583746
v -0.064859 -0.494654 0.565143
v 0.162110 -0.361429 -0.100431
v -0.174451 -0.473238 0.178512
v 0.183643 0.168225 -0.061800
v -0.053283 -0.449896 0.173228
v -0.170450 0.172056 -0.236815
v 0.375653 -0.432649 -0.044039
v 0.369840 -0.503656 -0.052869
v 0.373617 -0.344596 -0.033651
v -0.215246 -0.444598 0.337479
v -0.172183 -0.490931 0.401856
v -0.017181 0.455061 0.057307
v -0.157170 -0.484500 0.349693
v 0.339688 -0.536255 -0.092058
v -0.169506 -0.033467 0.942720
v 0.357258 -0.603783 -0.038524
v 0.322755 -0.606715 0.141836
v -0.158443 -0.074532 0.953508
v -0.122841 -0.056736 0.969342
v 0.357190 -0.610304 0.077214
v 0.297673 -0.502615 0.666343
v -0.255001 -0.070440 0.885523
v 0.341661 -0.665768 0.019103
v 0.372418 -0.396304 0.115559
v -0.217772 0.039551 0.866378
v 0.367119 -0.461476 0.117040
v -0.226071 -0.041288 0.905385
v 0.332938 -0.469089 0.171168
v -0.095238 0.122327 -0.245043
v 0.300864 -0.432848 0.891664
v -0.072603 -0.071580 0.989057
v -0.012658 -0.469848 0.229340
v 0.251882 -0.662646 0.890338
v -0.048288 -0.077203 1.001854
v 0.260328 -0.619134 0.905437
v -0.081268 -0.041950 0.994137
v 0.276791 -0.551268 0.908815
v -0.033969 -0.042068 1.020275
v -0.014217 -0.061910 1.038216
v 0.148559 -0.608558 0.912032
v -0.341284 -0.665866 0.023316
v 0.157789 -0.659290 0.899393
v 0.117806 -0.626589 0.886758
v -0.276123 0.125959 0.355862
v -0.131039 0.043754 -0.174534
v -0.197981 -0.527800 -0.112172
v -0.039406 -0.071548 1.026836
v 0.222328 -0.666034 -0.089857
v -0.018868 -0.086009 1.032126
v 0.109624 -0.572759 0.895508
v 0.114873 -0.511908 0.904903
v 0.247704 -0.427926 0.352861
v -0.219646 0.395909 -0.047716
v 0.238603 -0.490541 0.197441
v 0.226499 -0.442814 0.226233
v 0.162894 -0.684538 0.692790
v 0.062709 0.581904 -0.528629
v 0.153612 -0.644289 0.676460
v 0.340155 -0.372522 0.310742
v -0.287797 0.402172 -0.187295
v 0.302609 -0.402486 0.273484
v 0.317155 -0.392559 0.530474
v 0.242159 -0.631086 0.665259
v 0.210536 0.049231 -0.102079
v -0.290382 -0.669204 0.837837
v 0.256580 -0.451937 0.608851
v 0.230728 -0.512154 0.635603
v 0.275130 -0.500243 0.647357
v 0.281123 -0.425358 0.585218
v 0.251226 -0.480490 0.628744
v 0.285819 -0.546668 0.667751
v 0.241821 0.404526 -0.078011
v -0.182776 0.385037 -0.629638
v 0.217325 -0.455466 0.596230
v 0.088608 -0.628428 0.835882
v 0.075254 -0.569719 0.826459
v 0.198179 -0.454522 0.509412
v 0.083409 -0.584906 0.852467
v 0.270352 -0.344495 -0.114971
v 0.098441 -0.617355 0.866147
v 0.272431 -0.170894 -0.115532
v 0.290247 -0.237878 -0.109136
v -0.304247 0.375875 -0.251379
v 0.112642 -0.243101 -0.151131
v 0.126032 -0.590677 0.680034
v 0.089422 -0.580776 0.728340
v 0.068548 -0.485996 0.752657
v -0.007010 0.767878 -0.443688
v 0.111219 -0.605398 0.700127
v 0.292077 0.024273 -0.030966
v -0.064342 0.122715 -0.526548
v 0.212924 -0.085507 -0.146498
v 0.086015 -0.550016 0.868287
v 0.187089 -0.129099 -0.162066
v 0.096062 -0.514118 0.889844
v -0.166139 -0.727305 0.775795
v 0.104006 -0.471523 0.900175
v 0.068975 -0.440982 0.857783
v 0.064904 -0.482532 0.818267
v 0.149285 0.007299 -0.165514
v 0.309813 -0.320203 0.863014
v 0.296337 -0.360800 0.886156
v 0.291849 -0.680156 0.772679
v 0.212913 -0.251837 0.919982
v -0.350088 -0.358858 0.304591
v 0.296621 -0.238392 0.856062
v 0.331599 -0.564798 0.778259
v 0.282317 -0.253309 0.877658
v -0.175165 0.121473 -0.482173
v 0.320541 -0.564454 0.727203
v 0.156853 -0.223720 0.940886
v 0.295997 -0.622908 0.873030
v 0.307639 -0.622173 0.851943
v 0.316038 -0.460945 0.878322
v 0.154187 -0.336985 0.924146
v 0.324341 -0.558438 0.850480
v 0.379310 -0.286338 0.022994
v 0.331291 -0.475166 0.849246
v 0.327528 -0.091954 -0.037772
v 0.312156 -0.476065 0.678213
v 0.213906 0.493835 -0.541874
v 0.322857 -0.507646 0.709558
v 0.045402 -0.282300 -0.135406
v 0.376777 -0.165784 0.092314
v 0.331973 -0.487823 0.730961
v 0.179710 0.885623 -0.324429
v 0.333592 -0.430234 0.716477
v 0.340200 -0.475007 0.773197
v 0.361673 -0.333596 0.341955
v 0.234800 -0.694897 0.701775
v 0.212096 -0.721697 0.738180
v 0.363554 -0.304200 0.419678
v -0.238232 0.146020 -0.446167
v 0.155622 -0.721088 0.759953
v 0.105495 -0.684777 0.787389
v 0.257687 0.538847 -0.478102
v -0.220132 0.257162 0.212338
v 0.376751 -0.210229 0.370084
v 0.195153 -0.673651 0.900828
v -0.369859 -0.467714 0.110045
v 0.129831 -0.709954 0.791406
v 0.386375 -0.168592 0.238831
v 0.152930 -0.720284 0.820013
v 0.278197 -0.696766 0.799796
v 0.299652 -0.667257 0.802772
v 0.254873 -0.706050 0.834171
v -0.103950 0.413078 0.037034
v 0.335139 -0.005462 0.029567
v 0.162386 -0.689980 0.878784
v 0.193045 -0.696801 0.882029
v 0.210682 -0.706526 0.867869
v 0.144373 -0.695497 0.016678
v 0.225025 -0.716775 -0.030176
v 0.192062 -0.707724 -0.033947
v -0.062871 -0.473968 0.808858
v 0.308117 -0.018673 -0.036922
v 0.193210 -0.649555 -0.088515
v 0.344752 -0.100928 -0.005662
v -0.205607 0.257451 -0.643291
v 0.166040 -0.689276 0.108891
v -0.294302 0.474103 -0.404921
v 0.189850 -0.719037 0.074187
v -0.064410 -0.480182 0.776184
v 0.201783 -0.691966 0.133230
v 0.176637 -0.710188 0.085616
v 0.297443 -0.707553 0.038986
v 0.332991 -0.659761 0.082231
v 0.340511 -0.296673 0.716730
v 0.330974 -0.264557 0.778375
v 0.281816 -0.657775 0.147004
v 0.291092 -0.108866 0.848393
v 0.235454 -0.684767 0.145405
v 0.239838 -0.408267 0.917705
v 0.288874 -0.663393 -0.077774
v 0.258202 -0.703590 -0.046787
v 0.294670 -0.678246 -0.059091
v 0.357123 -0.632059 0.039445
v 0.342681 -0.647539 -0.024108
v 0.341961 -0.147095 0.718885
v 0.284073 -0.709564 -0.008301
v 0.323474 -0.686132 0.012113
v -0.260027 0.482218 -0.515110
v 0.264781 0.410876 -0.566084
v 0.309395 0.373449 -0.521336
v 0.354035 -0.162370 0.626701
v 0.295842 0.420725 -0.498802
v 0.257555 0.309566 -0.630740
v -0.054297 0.681277 -0.488609
v 0.350098 -0.341114 0.471885
v 0.330840 -0.381433 0.481123
v 0.225830 0.378252 -0.618824
v 0.338273 -0.442535 0.824314
v -0.285753 0.355495 -0.587265
v -0.355892 -0.457488 0.143380
v 0.213215 0.247163 0.101268
v 0.314395 0.250868 -0.547460
v 0.300182 0.252911 -0.580829
v 0.269288 0.251605 -0.613032
v 0.029654 -0.191942 -0.194263
v 0.167957 0.297645 0.172232
v -0.364292 -0.397122 0.142702
v 0.218901 0.231433 0.306431
v 0.156271 0.298644 0.251448
v 0.322689 0.289458 -0.381761
v 0.246604 0.200724 0.285576
v 0.330514 0.308035 -0.478842
v -0.219712 0.332994 -0.644130
v -0.267090 0.541079 -0.456700
v 0.202124 0.171321 0.479510
v 0.128371 0.068283 -0.176594
v 0.244983 0.168905 -0.548128
v -0.209826 -0.473973 0.926089
v 0.237019 0.148741 -0.507949
v -0.245462 0.222773 0.218897
v 0.166034 0.255021 0.356602
v 0.194559 0.259639 0.301924
v 0.179310 0.198611 0.450940
v 0.316231 0.230714 -0.502040
v 0.323312 0.257824 -0.435217
v 0.306660 0.223332 -0.540422
v 0.186675 -0.719650 0.845846
v -0.326148 -0.100652 0.775745
v 0.251738 -0.717788 0.792474
v 0.056063 0.113573 -0.264614
v 0.174964 0.151713 0.759359
v 0.147096 0.154468 0.794271
v 0.096729 0.118732 -0.345514
v 0.237834 0.148381 -0.432623
v 0.241171 0.187715 -0.329946
v -0.190677 0.452019 -0.006750
v 0.273066 0.238610 -0.303580
v 0.094867 0.175014 0.798620
v 0.230574 0.207099 -0.273396
v -0.293000 0.249117 -0.587925
v 0.220742 0.160245 -0.354162
v -0.246132 -0.654205 -0.096702
v 0.170129 0.313332 -0.035133
v 0.197736 0.157774 0.654629
v -0.153114 -0.470059 0.921138
v -0.112852 0.346034 -0.659410
v 0.216974 -0.709218 0.112371
v 0.198621 0.351262 -0.047330
v 0.268592 0.354174 -0.158839
v 0.224741 0.129854 0.688375
v -0.113774 0.702696 -0.472333
v 0.244374 -0.718521 -0.021656
v 0.079312 0.127096 -0.535013
v 0.269774 0.286257 -0.229314
v 0.282051 0.118159 0.349667
v -0.057686 0.508152 -0.561613
v 0.296870 0.351241 -0.233050
v 0.286787 0.324413 -0.226265
v 0.259955 0.129583 0.409532
v 0.318146 -0.013928 0.728828
v -0.040407 0.103057 -0.456329
v -0.127136 0.763224 -0.429131
v 0.140095 0.127304 -0.523909
v -0.145110 0.179429 -0.603502
v 0.251873 0.092265 0.723397
v 0.271902 0.020743 0.811388
v 0.252762 0.009126 0.852048
v -0.340254 -0.654289 -0.020035
v 0.198726 0.786944 -0.242848
v 0.221026 0.148137 -0.017577
v 0.173442 0.251879 0.003066
v 0.183604 0.287773 -0.069657
v 0.154710 0.299490 -0.012829
v 0.215008 0.204529 0.034269
v 0.203435 0.820740 -0.250937
v 0.255110 0.173801 0.071396
v 0.287443 0.111773 0.057884
v 0.267326 0.076936 -0.019061
v 0.184371 0.215287 -0.156215
v 0.339527 -0.021632 0.522715
v 0.329516 -0.005399 0.605022
v 0.164666 0.162920 -0.120363
v 0.329387 -0.018549 0.673505
v 0.319751 0.020855 0.527235
v 0.333210 0.000029 0.463474
v -0.188185 0.748461 -0.409003
v 0.318470 0.075048 0.281390
v 0.007606 0.334272 -0.664765
v 0.323189 0.051966 0.073924
v 0.316324 0.093656 0.171471
v -0.059675 0.542261 0.034100
v 0.220733 0.546987 -0.082200
v 0.174553 0.197259 -0.069903
v 0.312756 0.037872 0.479234
v 0.183168 0.246869 -0.104108
v -0.279383 0.507794 -0.445055
v -0.297371 0.447756 -0.448939
v 0.181029 0.210257 -0.032831
v 0.161295 0.278419 0.028968
v 0.131961 0.592188 -0.031756
v -0.001608 0.119491 0.899938
v 0.257463 -0.676724 0.701436
v 0.237912 0.161081 -0.383729
v 0.002777 0.666079 -0.022401
v 0.187329 0.125564 -0.416819
v -0.239158 0.232848 -0.619741
v 0.282377 0.734573 -0.308214
v 0.263541 0.201260 -0.578192
v 0.359296 0.715940 -0.161410
v 0.344285 0.736162 -0.177957
v 0.287760 0.280362 -0.605111
v -0.278734 0.397737 -0.158542
v 0.248885 0.398462 -0.590758
v 0.254952 0.343128 -0.622471
v 0.235047 0.298694 -0.642229
v 0.086463 0.776152 -0.164795
v -0.019499 0.729188 -0.074800
v 0.246356 -0.645988 -0.101323
v 0.251259 -0.703627 0.117076
v 0.233439 0.184283 -0.580871
v 0.226196 -0.694658 -0.064472
v 0.152043 -0.683337 -0.029871
v 0.127439 -0.666093 -0.002906
v 0.232759 -0.709083 0.853849
v 0.248021 -0.690598 0.867714
v -0.145901 -0.668829 0.104255
v -0.287197 0.513343 -0.352675
v -0.262466 0.412931 -0.113461
v 0.268505 -0.704040 0.770594
v 0.145200 -0.706766 0.844987
v 0.107649 -0.681592 0.819942
v 0.189420 -0.700765 0.698105
v 0.183969 -0.724367 0.741381
v -0.382486 -0.491343 0.044481
v 0.158235 -0.726463 0.790839
v 0.139096 -0.699814 0.731333
v 0.248532 -0.706325 0.731064
v -0.124201 0.786846 -0.400548
v 0.087346 -0.440612 0.130821
v 0.308215 -0.075249 -0.063173
v 0.199415 -0.446350 0.307960
v 0.175522 -0.487065 0.391099
v 0.141484 0.199971 0.535677
v 0.321433 -0.608834 0.816064
v 0.296569 -0.551461 0.895870
v 0.290724 -0.658239 0.729511
v -0.086690 0.191330 -0.620152
v -0.313506 -0.395846 0.528099
v 0.086159 -0.639182 0.797064
v -0.281456 -0.650088 0.872431
v -0.114359 -0.616234 -0.015614
v -0.075451 -0.583218 0.780619
v 0.184998 -0.654784 0.668825
v -0.245425 -0.715313 0.749350
v -0.291057 -0.174406 0.853224
v -0.193193 0.137744 -0.524484
v -0.367019 -0.538487 0.093600
v 0.178267 -0.495956 0.633520
v -0.329976 -0.400422 0.213718
v -0.352021 -0.361427 0.240458
v -0.193768 -0.458097 0.197041
v 0.284124 -0.611840 0.890952
v 0.276574 -0.455310 0.908598
v 0.206526 0.271708 0.200399
v -0.161604 -0.463314 0.602087
v -0.094075 -0.482520 0.679969
v 0.182216 0.285002 0.249996
v -0.324462 -0.391361 0.643553
v 0.329072 -0.545228 0.156940
v -0.222919 0.639299 -0.472155
v -0.202206 0.651734 -0.476816
v -0.309865 0.256190 -0.374546
v -0.341340 -0.096823 0.715738
v 0.125938 -0.475273 -0.066801
v -0.287285 -0.248580 -0.110469
v 0.339607 -0.488583 -0.095497
v -0.271956 -0.204168 -0.116466
v 0.133001 -0.611832 -0.054612
v -0.205896 0.525658 -0.529376
v 0.345798 -0.325574 0.564524
v -0.184492 0.573275 -0.515580
v 0.209006 -0.507311 0.188062
v -0.317147 0.358663 -0.508486
v 0.347805 -0.359154 0.421109
v 0.149697 -0.612882 0.137107
v -0.050893 0.743779 -0.457278
v -0.122964 -0.672292 0.862472
v 0.257238 -0.633462 0.169203
v -0.178172 -0.367177 -0.105233
v -0.114746 -0.549941 -0.039822
v 0.135437 -0.659894 -0.030332
v 0.233552 0.720017 -0.361533
v -0.116610 -0.312108 -0.105652
v 0.118894 -0.621067 0.083328
v 0.350043 -0.124744 0.670440
v -0.181135 -0.717520 0.848491
v -0.328497 0.336493 -0.410095
v 0.276597 0.611806 -0.335831
v 0.282370 0.558506 -0.211481
v 0.265573 0.533498 -0.158958
v -0.215510 -0.286914 0.918363
v 0.239107 0.546069 -0.104414
v 0.171799 0.731401 -0.440939
v -0.077560 -0.367253 0.900368
v -0.109537 -0.347117 0.918217
v 0.300595 0.573726 -0.206226
v 0.288513 0.586114 -0.142966
v 0.278367 0.607067 -0.132455
v -0.103073 -0.397678 0.905428
v -0.266882 -0.668613 0.704390
v 0.417441 0.632774 -0.175568
v 0.380295 0.605812 -0.182179
v -0.114164 -0.460086 0.905544
v -0.292147 -0.671324 0.127853
v 0.275474 -0.071462 0.863584
v 0.288934 0.625956 -0.323628
v 0.364190 0.637621 -0.291964
v 0.333859 -0.374071 0.670282
v 0.351646 0.659814 -0.317092
v 0.303338 0.652872 -0.333293
v 0.151395 -0.395912 0.919752
v 0.101385 -0.396856 0.904708
v 0.411828 0.731918 -0.285536
v 0.406585 0.700209 -0.296226
v 0.327585 -0.330422 0.829675
v 0.404362 0.649364 -0.266432
v 0.398887 0.670172 -0.290941
v 0.462660 0.715714 -0.209115
v 0.341543 -0.420389 0.784746
v 0.432825 0.722495 -0.269643
v 0.443959 0.705556 -0.254535
v 0.444391 0.732594 -0.245752
v 0.437297 0.656752 -0.171477
v 0.442673 0.688730 -0.162761
v 0.440752 0.655489 -0.199155
v 0.338844 -0.050173 0.004575
v -0.372201 -0.307087 0.274631
v -0.317311 -0.422899 0.873529
v -0.363329 -0.333099 0.296214
v 0.101990 0.321566 0.046433
v 0.143047 0.308125 0.195877
v -0.116113 -0.631237 0.883972
v 0.355101 -0.022960 0.078997
v 0.097040 0.204180 0.709031
v 0.117423 -0.476019 0.646682
v -0.111777 -0.642017 0.714780
v -0.305518 -0.228289 0.837718
v -0.150756 0.727120 -0.450565
v 0.092481 0.152012 0.840431
v -0.132967 0.488171 0.026009
v 0.130240 0.180214 0.751000
v 0.065391 -0.428457 0.072134
v -0.371300 -0.036337 0.195797
v 0.008948 -0.379221 -0.032514
v 0.088250 -0.401274 -0.013372
v 0.151322 0.057181 -0.153954
v 0.100796 -0.441784 0.082002
v 0.083853 -0.419929 0.037513
v 0.008348 -0.394602 0.812907
v 0.045370 -0.444132 0.721781
v -0.016389 -0.404125 0.797952
v 0.058262 -0.455529 0.787292
v 0.272854 -0.298116 0.893730
v -0.341176 -0.466101 0.164449
v 0.027667 -0.378393 0.848531
v 0.371378 -0.313738 0.242720
v -0.123493 -0.619018 0.095106
v 0.064014 0.243120 0.448361
v 0.142392 0.241022 0.407746
v 0.382928 -0.372035 0.064944
v 0.060911 0.336198 0.047968
v -0.316469 -0.693670 0.036694
v 0.134090 0.311276 0.017843
v -0.372972 -0.059736 0.130745
v 0.093920 0.336998 0.031965
v -0.165964 0.656318 -0.484884
v -0.074617 -0.526112 0.749958
v 0.166595 0.485229 0.006721
v 0.194270 -0.450056 0.554311
v 0.015959 0.378181 0.042866
v 0.106688 0.359481 0.023861
v 0.133730 0.358650 0.010681
v 0.092011 -0.314692 0.925942
v -0.162575 -0.704745 0.076897
v -0.173890 -0.596668 0.656054
v 0.208555 -0.476222 0.926341
v -0.312966 -0.427582 0.651102
v -0.316117 -0.467093 0.684519
v 0.249897 -0.222908 0.899990
v 0.147983 0.350907 -0.654302
v 0.181689 0.334140 -0.654056
v 0.188956 0.377755 -0.632705
v -0.112563 -0.589980 0.692382
v 0.251760 -0.308802 0.906086
v 0.089504 -0.219337 0.956436
v 0.047702 -0.313591 0.919973
v -0.306364 -0.107440 0.823024
v 0.261981 -0.422609 0.259454
v -0.292527 -0.641643 -0.089665
v -0.296865 -0.451872 0.896085
v -0.382406 -0.412995 -0.013738
v 0.177938 -0.038362 -0.157765
v 0.082278 -0.215761 -0.176191
v 0.098628 -0.316943 -0.100302
v 0.034584 -0.128912 -0.211654
v -0.325207 0.313686 -0.376861
v -0.216161 -0.653313 0.667200
v 0.047585 0.040217 -0.231302
v 0.143005 -0.262449 -0.133978
v 0.134578 0.147724 -0.243604
v 0.084788 0.097533 -0.228003
v 0.222487 -0.260921 -0.126253
v -0.134875 -0.459613 0.143224
v 0.231062 -0.341185 -0.116843
v 0.127766 -0.297267 -0.115128
v -0.205804 -0.551009 0.928043
v 0.270456 -0.257894 -0.116534
v -0.173436 -0.677878 0.128164
v 0.201671 -0.451414 0.582419
v 0.219729 -0.475730 0.619700
v -0.279708 0.465145 -0.182948
v -0.166349 -0.652289 0.673419
v 0.201404 0.313326 -0.653162
v -0.304241 -0.405486 0.886157
v 0.313572 -0.400085 0.476457
v -0.269785 -0.703850 0.776224
v -0.105253 -0.597716 0.026572
v -0.003581 0.571568 0.029762
v 0.302250 -0.407357 0.573495
v -0.193974 -0.574709 0.174673
v 0.331608 -0.382805 0.255646
v 0.204726 0.574886 -0.080936
v 0.330786 -0.394944 0.221528
v -0.238174 0.494292 -0.526897
v -0.212632 0.248978 0.103924
v -0.005590 0.617650 0.005853
v 0.301417 -0.412408 0.237222
v 0.269281 -0.430354 0.234398
v 0.302286 -0.405690 0.373961
v 0.276596 -0.413796 0.308126
v 0.217892 -0.434007 0.287017
v 0.261678 0.627705 -0.392943
v -0.230682 -0.604530 -0.112561
v 0.174716 0.935422 -0.295599
v -0.089305 -0.596584 0.735875
v 0.188513 0.808068 -0.316210
v 0.202898 0.793614 -0.273218
v 0.247402 0.756968 -0.208850
v -0.297272 0.063453 0.474032
v 0.285314 0.755294 -0.265989
v 0.291447 0.714839 -0.329544
v -0.181165 -0.443494 0.218270
v 0.362456 0.757510 -0.255577
v -0.090397 -0.469006 0.660032
v -0.123572 -0.476789 0.112542
v 0.422911 0.743226 -0.261713
v 0.309203 0.691312 -0.337985
v 0.383692 0.712174 -0.312325
v 0.286166 0.696176 -0.342599
v 0.262420 0.704686 -0.346503
v 0.251594 0.682640 -0.376620
v -0.199138 0.685960 -0.148494
v -0.148058 -0.454199 0.170948
v -0.125914 -0.447124 0.158269
v 0.280748 0.727082 -0.173179
v 0.426407 0.711112 -0.162086
v 0.419927 0.749832 -0.209124
v -0.195945 0.160813 -0.567066
v -0.056258 0.109916 -0.491771
v -0.057981 0.103252 -0.412618
v -0.047772 0.119617 -0.306620
v 0.038423 0.801735 -0.175130
v -0.296904 -0.581034 -0.109298
v -0.266643 0.543570 -0.156425
v -0.312064 -0.644716 0.130745
v 0.093044 0.817003 -0.335033
v -0.050609 0.411728 0.047993
v 0.168542 0.771756 -0.394488
v -0.104095 -0.432802 -0.032057
v 0.127552 0.789204 -0.395237
v -0.038612 -0.404373 0.819279
v -0.139019 -0.605820 -0.064784
v -0.054306 -0.382086 0.870793
v -0.179131 0.275646 0.079699
v -0.116929 -0.362028 -0.076933
v 0.003817 0.148756 0.867132
v -0.184194 0.238516 0.014502
v -0.368813 -0.329235 0.200895
v 0.186359 0.766834 -0.370884
v -0.281498 0.605378 -0.318741
v -0.001183 0.814767 -0.191909
v 0.199191 0.765968 -0.323480
v -0.461223 0.695813 -0.208874
v -0.349697 -0.408473 0.175292
v -0.300154 0.590260 -0.146255
v 0.205861 0.845764 -0.308048
v 0.218790 0.871526 -0.260412
v -0.256301 0.548883 -0.131517
v -0.305105 -0.631278 0.849571
v -0.222080 0.476252 -0.047185
v 0.125391 0.880402 -0.293891
v 0.147603 0.883368 -0.313343
v 0.097163 0.832633 -0.288993
v 0.192935 0.926093 -0.308293
v -0.337511 -0.531855 -0.093669
v -0.147241 -0.638249 0.125843
v 0.159951 0.834366 -0.331976
v -0.274510 -0.680763 0.727846
v -0.114457 -0.572460 0.085453
v -0.269285 0.430012 -0.541771
v -0.227143 -0.575295 0.183783
v -0.253312 -0.568082 0.185633
v 0.121198 0.870179 -0.230509
v -0.146910 -0.454074 0.257542
v -0.154827 -0.486992 0.159111
v 0.129348 0.899696 -0.237731
v -0.312424 -0.477153 -0.110768
v -0.139645 -0.446206 0.216554
v 0.180708 0.808887 -0.229056
v -0.340453 -0.418080 -0.093792
v -0.137164 -0.382156 -0.085936
v -0.126117 -0.445413 0.185849
v -0.052026 0.349533 -0.659932
v -0.189970 -0.678513 0.679353
v 0.162692 -0.459566 0.570035
v -0.196889 -0.613597 0.654914
v -0.224255 -0.535682 0.640908
v -0.295500 -0.495294 0.661954
v 0.158642 -0.494744 0.471710
v -0.122023 -0.491194 0.656633
v -0.076718 -0.494917 0.728829
v -0.100823 -0.460072 0.046643
v -0.090007 -0.642829 0.769551
v -0.069445 -0.540956 0.797388
v 0.079035 -0.496894 0.553231
v -0.333976 -0.544445 0.769014
v 0.117377 -0.444701 0.165434
v 0.114583 -0.444242 0.138833
v -0.333078 -0.459574 0.725652
v -0.199025 -0.728708 0.818235
v -0.198232 -0.724822 0.016737
v -0.242458 -0.721055 -0.011634
v -0.320262 0.302497 -0.543934
v -0.323265 0.283904 -0.538641
v 0.193869 -0.470082 0.369785
v 0.142786 -0.493347 0.359561
v -0.312527 0.329651 -0.302643
v -0.308195 0.288734 -0.326061
v -0.225999 -0.511154 0.191508
v -0.327670 -0.289785 -0.090540
v -0.170840 0.245819 -0.028681
v -0.167170 0.274625 0.041966
v -0.164827 0.138915 -0.117857
v -0.141820 -0.504567 0.139276
v -0.284016 -0.551904 0.183091
v -0.242501 0.417768 -0.074296
v -0.332645 -0.261495 0.766592
v 0.127734 -0.151166 0.958953
v -0.242946 0.055855 0.818550
v -0.271556 0.513138 -0.178595
v 0.206437 -0.392473 0.922199
v 0.210261 -0.031517 0.914291
v -0.325279 -0.380218 0.599335
v -0.119374 0.753206 -0.163713
v 0.151449 0.005989 0.935647
v -0.216383 0.682445 -0.450991
v -0.378894 -0.361187 -0.016082
v 0.052106 0.000841 0.980436
v 0.076747 -0.161549 0.970376
v -0.374721 -0.337236 0.146523
v -0.449655 0.707664 -0.243808
v 0.034179 -0.103104 0.987071
v -0.365870 -0.357352 -0.053960
v 0.094097 -0.079266 0.978626
v -0.227311 -0.040265 -0.127408
v -0.223135 -0.629600 0.172514
v -0.273280 -0.428296 0.578216
v -0.326069 -0.391742 0.414559
v -0.118221 -0.470221 0.636315
v -0.150102 -0.475962 0.627576
v -0.334212 -0.381079 0.253696
v -0.240901 -0.432561 0.244336
v -0.241069 -0.430828 0.351994
v -0.237361 -0.448793 0.218660
v -0.253988 -0.485964 0.200074
v -0.357545 -0.373600 0.184841
v -0.198001 -0.470817 0.385657
v -0.005204 -0.183274 0.973029
v -0.200713 -0.455840 0.593054
v -0.259138 -0.446373 0.602681
v -0.255284 -0.468215 0.623536
v 0.147001 -0.448127 0.183505
v -0.256524 -0.157904 -0.124489
v -0.104059 -0.486893 -0.018742
v -0.216264 -0.261125 0.918192
v 0.096540 0.809141 -0.370489
v 0.359738 0.750307 -0.199023
v -0.029363 -0.372855 0.856877
v 0.110878 0.116546 -0.215533
v -0.132682 -0.663477 -0.020199
v -0.220380 -0.468182 0.201914
v -0.361978 -0.041589 0.345322
v -0.199647 -0.496246 0.187164
v -0.245200 0.525804 -0.505024
v 0.435730 0.669872 -0.242012
v -0.151350 0.803644 -0.215267
v -0.087733 0.818580 -0.328837
v -0.259003 -0.508241 0.641636
v -0.327734 -0.343389 0.836665
v 0.127886 -0.459712 0.126534
v -0.207090 -0.633797 -0.099785
v -0.319189 0.358592 -0.332958
v 0.235898 -0.622609 0.175690
v 0.249312 -0.527478 -0.121099
v 0.198269 -0.519698 0.928167
v -0.095014 -0.016710 -0.202367
v -0.336615 -0.369101 0.496631
v -0.356698 -0.605513 -0.039007
v -0.334913 -0.356114 0.640092
v 0.277154 -0.662126 0.867386
v 0.208932 -0.731049 0.793889
v -0.247454 0.208110 0.115668
v -0.225077 0.249565 0.154853
v 0.229948 -0.726692 0.797198
v -0.065525 0.790862 -0.171795
v -0.219375 0.237437 0.289938
v 0.323610 0.285436 -0.535788
v -0.134402 -0.683449 0.008783
v -0.274768 0.182162 -0.532691
v 0.168141 0.272662 -0.043197
v 0.307754 0.030560 0.644306
v -0.410403 0.728866 -0.286597
v -0.112605 -0.639854 0.022513
v -0.203872 0.743005 -0.183472
v -0.223985 -0.672784 -0.086325
v 0.337463 -0.357975 0.544119
v -0.269451 0.623362 -0.363232
v -0.433477 0.698407 -0.158415
v 0.182545 0.089799 -0.108309
v -0.317585 0.029729 0.474789
v -0.395281 0.683239 -0.148588
v -0.275530 0.245182 -0.604944
v 0.203516 -0.644728 0.162916
v 0.332805 -0.384101 0.422969
v 0.245802 -0.432855 0.407201
v -0.167239 0.174877 -0.113280
v -0.219908 -0.729467 0.040824
v -0.156771 0.161169 -0.162737
v -0.100322 0.083208 0.909107
v 0.369246 -0.592453 0.042915
v -0.251156 -0.178231 0.896324
v -0.185633 -0.675562 -0.069668
v -0.326988 0.618540 -0.142219
v -0.133750 -0.508305 0.439899
v -0.394728 0.613740 -0.200851
v -0.093573 -0.517653 0.464366
v -0.169956 -0.708953 -0.007640
v -0.246623 0.185344 -0.344630
v -0.145879 -0.687753 0.081340
v -0.294999 -0.441028 -0.115734
v -0.195889 -0.438829 0.245071
v -0.230582 -0.724194 0.075497
v 0.075664 0.799895 -0.189449
v 0.053214 0.773593 -0.141628
v -0.241339 -0.727813 0.024030
v 0.153936 0.936030 -0.271788
v -0.207956 -0.730260 0.775480
v -0.279400 -0.575028 0.670475
v -0.223341 -0.447265 0.452791
v -0.236960 0.703764 -0.379313
v -0.098311 -0.455272 0.022381
v -0.048848 0.794174 -0.414020
v -0.402296 0.754517 -0.246813
v -0.302966 0.759350 -0.220948
v -0.274095 0.672145 -0.354748
v -0.272888 -0.706607 -0.029985
v -0.299778 -0.683349 -0.045432
v -0.321912 -0.680008 -0.014895
v -0.238571 0.736549 -0.320133
v -0.325585 0.583352 -0.173648
v -0.229751 0.564581 -0.500389
v -0.190216 -0.688026 0.132610
v -0.186045 -0.720749 0.058245
v -0.237815 -0.642045 0.169438
v -0.270904 0.568598 -0.141638
v -0.167959 -0.715238 0.730289
v -0.112352 0.106859 -0.448515
v -0.157757 -0.685534 0.881347
v -0.210171 -0.712424 0.857634
v -0.147395 -0.718666 0.810795
v -0.144798 -0.704917 0.846126
v -0.298964 -0.537925 0.677760
v -0.114757 0.069269 -0.190825
v 0.239316 0.477105 -0.537391
v -0.075310 -0.456701 0.865870
v -0.062721 -0.440292 0.841109
v -0.071375 -0.503223 0.843275
v -0.097739 -0.669933 0.792892
v -0.089879 -0.486248 0.883973
v -0.191933 -0.635711 0.161529
v -0.110348 -0.686698 0.767563
v -0.061408 -0.459566 0.749953
v -0.272494 -0.480801 0.638014
v -0.155726 -0.536756 0.651729
v -0.137788 -0.645357 0.688036
v -0.077959 0.759083 -0.443742
v -0.282059 -0.506535 0.907097
v 0.279541 0.745745 -0.190522
v -0.254953 -0.656629 0.891141
v -0.147992 -0.637228 0.904627
v -0.325417 -0.509489 -0.104204
v -0.165600 -0.448770 0.194399
v -0.378587 -0.465191 -0.033082
v -0.212456 0.596062 -0.497266
v -0.068855 0.368573 0.035398
v -0.141454 0.427453 0.024582
v -0.328293 -0.655559 0.097717
v -0.118018 0.458554 0.036455
v -0.121950 0.310808 0.099390
v -0.279530 -0.612752 -0.107226
v 0.270233 -0.714379 0.078212
v -0.129365 0.240744 0.419838
v -0.137789 0.277416 0.338773
v -0.037108 0.285074 0.353093
v -0.177378 -0.515234 0.171235
v -0.072275 -0.469268 0.715056
v -0.226172 -0.594895 0.652356
v -0.058216 -0.351869 0.897756
v -0.303096 -0.473665 0.191519
v -0.196167 -0.533058 0.640226
v -0.272944 -0.620655 0.169663
v -0.302819 -0.618287 0.153945
v -0.091553 -0.429754 0.043477
v -0.123542 -0.528804 0.669437
v -0.119614 -0.468492 -0.056379
v -0.287531 0.629319 -0.328057
v -0.381684 0.677504 -0.309278
v -0.121218 0.299187 0.293666
v -0.126962 -0.620873 -0.041986
v -0.150296 -0.570899 0.145310
v -0.073909 0.328179 -0.665402
v -0.249058 0.524502 -0.116385
v -0.242989 0.455017 -0.075032
v -0.444317 0.661097 -0.204338
v -0.178077 -0.513724 0.926045
v -0.299521 0.580781 -0.238319
v -0.230896 0.594622 -0.110845
v -0.360669 0.658475 -0.144032
v -0.410496 0.634527 -0.165207
v -0.411117 0.658919 -0.151701
v -0.276621 0.586534 -0.335308
v -0.283514 0.578844 -0.287286
v -0.257750 0.605397 -0.125814
v -0.434890 0.654575 -0.171857
v -0.297064 0.570477 -0.189966
v -0.351828 0.602724 -0.161266
v -0.381761 0.610081 -0.175174
v -0.358383 0.637982 -0.296205
v -0.126672 -0.654081 0.080598
v -0.297651 0.611689 -0.298700
v -0.204890 -0.668341 0.151598
v -0.302359 0.655036 -0.334941
v -0.440441 0.675904 -0.163680
v -0.420506 0.651723 -0.245067
v -0.456364 0.692913 -0.176707
v -0.131629 -0.680789 0.048551
v -0.179240 -0.647523 -0.082151
v -0.431754 0.721857 -0.269212
v -0.416767 0.744009 -0.266067
v -0.438809 0.738441 -0.244542
v -0.457417 0.727224 -0.218766
v -0.433026 0.746892 -0.217113
v -0.172051 -0.529008 -0.101330
v -0.253272 -0.546132 0.920141
v -0.239174 -0.630170 0.664306
v -0.259511 -0.633638 0.676330
v -0.147247 -0.597500 0.667062
v -0.091657 -0.618284 0.853140
v -0.270241 -0.418762 0.269666
v -0.146778 -0.715908 0.754219
v -0.069137 -0.412955 0.033102
v -0.295560 0.403382 -0.523461
v -0.091017 -0.435577 0.096779
v -0.067993 -0.427352 0.069507
v -0.080780 -0.404765 0.008242
v -0.286783 -0.679247 0.751658
v -0.341298 -0.412966 0.775308
v -0.199375 -0.725240 0.738704
v -0.045682 -0.436773 0.754753
v -0.060735 -0.454975 0.702370
v -0.217581 -0.696539 0.696116
v -0.220927 -0.713810 0.722057
v 0.282536 0.556454 -0.247623
v -0.283303 -0.690732 0.803603
v -0.080917 0.340891 0.035077
v -0.190614 -0.709541 0.100126
v 0.005817 0.348318 0.043831
v -0.129050 0.308867 0.032939
v -0.132662 0.304505 0.061325
v -0.303497 0.222305 -0.545947
v -0.103950 0.359361 0.024560
v -0.190593 0.140683 -0.361957
v -0.026397 -0.082857 1.009562
v 0.088583 0.117890 -0.244482
v 0.458898 0.688033 -0.187472
v -0.293441 -0.584165 0.171933
v -0.214657 0.365935 -0.631167
v -0.176153 0.272585 -0.064826
v -0.175862 0.207197 -0.054813
v -0.227993 -0.688607 0.142222
v -0.060393 -0.187778 0.967887
v -0.067069 0.042769 -0.222424
v -0.038592 0.090567 -0.250583
v -0.016551 0.115056 -0.285909
v -0.210077 0.284034 -0.649150
v -0.098982 0.297123 -0.665652
v 0.369222 0.691693 -0.320075
v -0.212230 0.931259 -0.290371
v -0.194619 0.930922 -0.242531
v -0.177101 0.797505 -0.224591
v -0.056675 -0.459086 0.669382
v -0.254990 0.744715 -0.292704
v -0.269886 0.722304 -0.326124
v -0.280306 0.754248 -0.267927
v -0.304641 0.685144 -0.340134
v -0.255875 -0.265790 0.899967
v -0.350615 0.698292 -0.326602
v -0.308781 0.760067 -0.249423
v -0.271477 0.755315 -0.206191
v 0.210897 0.767067 -0.257734
v -0.085722 -0.381071 -0.032472
v 0.180395 0.785455 -0.328857
v -0.270180 -0.537999 0.655059
v -0.010273 0.764924 -0.108322
v -0.071646 -0.391107 -0.007207
v -0.141905 0.800557 -0.351236
v -0.056063 0.825591 -0.248044
v -0.132256 -0.464983 0.608958
v -0.220250 0.435850 -0.036831
v -0.177098 0.855988 -0.329898
v -0.209926 0.836947 -0.254058
v -0.220850 0.907823 -0.294288
v -0.157244 0.852915 -0.328443
v -0.260131 -0.689675 0.131983
v -0.195731 0.897865 -0.233014
v -0.146057 0.905140 -0.229162
v -0.149481 0.929117 -0.242797
v -0.146535 -0.468306 -0.085646
v -0.168323 0.827709 -0.223910
v -0.194947 0.814302 -0.240104
v -0.193053 0.848121 -0.233573
v -0.139903 0.874592 -0.222877
v -0.171441 0.918378 -0.230701
v -0.131344 0.911445 -0.247483
v 0.400611 0.724567 -0.166930
v -0.067677 -0.410896 0.867854
v -0.257151 -0.588563 -0.115977
v -0.058027 -0.472621 0.624748
v 0.017344 0.596748 0.016333
v -0.192962 -0.709046 0.708450
v -0.279604 -0.504719 0.191585
v 0.122139 -0.015587 -0.186452
v 0.063052 -0.019672 -0.218022
v 0.113568 0.703571 -0.472114
v 0.197937 0.762371 -0.204007
v 0.116897 0.236284 0.437583
v 0.074686 -0.377538 0.895327
v -0.104575 -0.399746 -0.044204
v 0.062968 -0.378637 -0.023612
v 0.149092 -0.164720 -0.173983
v 0.073574 -0.401080 0.009010
v 0.342820 -0.058679 0.669267
v -0.302981 -0.533131 0.178454
v -0.057450 0.333659 0.054811
v 0.125812 -0.663615 0.710923
v 0.239911 -0.666813 0.681676
v 0.113744 -0.685655 0.754530
v -0.104772 0.319032 0.052024
v 0.284357 -0.592615 0.680069
v 0.308559 -0.641873 0.827971
v 0.271342 -0.685283 0.729842
v 0.156247 0.331295 -0.013356
v 0.176909 -0.695513 -0.043306
v -0.108883 -0.457644 0.085410
v 0.224971 0.338414 -0.639790
v 0.252818 -0.672219 -0.085348
v 0.141851 -0.657617 0.106210
v 0.088360 -0.430414 0.891575
v 0.208381 0.934275 -0.262332
v 0.385117 0.613505 -0.228198
v -0.134371 0.348861 0.008056
v 0.075600 -0.333687 -0.081067
vn -0.4375 -0.5717 -0.6941
vn -0.3138 -0.0325 -0.9489
vn 0.9211 -0.3883 0.0263
vn -0.4941 -0.8692 -0.0202
vn -0.0588 -0.8911 -0.4501
vn -0.8296 -0.4552 0.3234
vn -0.1774 -0.9796 -0.0944
vn -0.9332 -0.3126 0.1774
vn -0.2743 -0.9381 0.2113
vn -0.1446 0.7682 -0.6237
vn 0.0209 -0.8438 0.5363
vn -0.1775 -0.9415 -0.2864
vn -0.9754 -0.2197 -0.0172
vn 0.0455 -0.9493 -0.3112
vn 0.6346 -0.3007 0.7119
vn -0.7413 -0.5639 0.3640
vn -0.8385 -0.1543 0.5226
vn -0.7254 -0.4804 -0.4929
vn -0.6227 -0.7807 0.0515
vn -0.9642 -0.0997 0.2456
vn -0.5997 0.0665 0.7975
vn -0.6857 -0.3019 0.6623
vn -0.4783 -0.0166 -0.8780
vn -0.9831 0.0845 0.1622
vn -0.9538 0.1378 0.2671
vn -0.0548 0.2657 0.9625
vn -0.1625 0.0165 0.9866
vn -0.0001 -0.9385 -0.3454
vn -0.9651 0.1075 0.2390
vn -0.7483 -0.4454 0.4916
vn -0.5081 0.8482 0.1498
vn 0.9795 -0.1290 -0.1548
vn -0.4496 -0.8876 -0.0997
vn -0.3068 -0.2491 -0.9186
vn -0.2021 -0.1947 0.9598
vn -0.1054 -0.2373 0.9657
vn 0.5986 0.1472 0.7874
vn -0.7735 0.3963 -0.4946
vn 0.9973 0.0261 0.0685
vn 0.1909 0.3586 -0.9138
vn -0.9753 -0.2202 -0.0192
vn -0.8162 0.5778 -0.0014
vn 0.4878 -0.0080 0.8729
vn -0.6540 -0.3242 0.6835
vn -0.4671 0.5300 0.7078
vn -0.2834 -0.9577 -0.0496
vn 0.3052 -0.0525 0.9508
vn -0.9611 -0.1579 0.2266
vn -0.9219 -0.2501 0.2960
vn -0.7639 -0.4388 0.4732
vn -0.8051 0.5931 0.0005
vn 0.7630 0.3420 0.5485
vn -0.8235 -0.2310 0.5182
vn -0.1454 0.9410 0.3057
vn -0.7266 0.5778 0.3717
vn -0.6525 0.7478 0.1229
vn -0.7328 -0.3496 0.5838
vn -0.5932 -0.0100 0.8050
vn -0.8822 -0.2778 -0.3801
vn -0.3633 0.5412 0.7583
vn -0.2993 -0.8469 -0.4395
vn 0.9497 0.2470 -0.1924
vn 0.0033 -0.8502 -0.5264
vn 0.3651 0.6211 0.6934
vn 0.5175 0.8365 0.1800
vn 0.8687 0.4929 0.0482
vn 0.1092 -0.0622 0.9921
vn -0.1311 -0.9914 -0.0033
vn -0.0342 0.0357 -0.9988
vn -0.9614 0.2491 0.1167
vn -0.0790 0.5189 -0.8512
vn -0.8913 0.4375 -0.1189
vn -0.9110 0.2225 -0.3473
vn -0.9945 0.0379 -0.0972
vn -0.7735 0.6028 -0.1960
vn -0.8350 0.5058 -0.2166
vn -0.9764 0.2100 -0.0504
vn -0.8189 0.3912 -0.4199
vn -0.2833 -0.5718 -0.7699
vn -0.5601 -0.5814 0.5902
vn -0.0462 -0.9277 0.3704
vn 0.9730 0.1484 -0.1768
vn -0.8343 0.2734 0.4786
vn -0.7841 0.6174 0.0632
vn 0.0618 -0.9452 -0.3207
vn -0.7263 0.6595 0.1937
vn 0.1587 -0.8492 -0.5037
vn -0.0586 -0.9412 -0.3328
vn -0.6956 -0.3198 0.6433
vn 0.4314 0.0703 -0.8994
vn -0.6261 0.7411 0.2426
vn -0.9808 0.1802 0.0749
vn -0.1783 0.9776 0.1119
vn -0.7755 -0.3917 0.4952
vn -0.9840 0.1632 0.0720
vn -0.7606 -0.6489 -0.0216
vn 0.9263 -0.0447 -0.3741
vn 0.0254 0.8166 0.5766
vn -0.4225 0.7168 0.5548
vn -0.8073 0.5723 -0.1444
vn 0.0056 -0.9984 0.0556
vn -0.9122 -0.0327 0.4084
vn -0.8393 0.5189 -0.1620
vn -0.1553 -0.8457 -0.5106
vn 0.4258 -0.8220 0.3781
vn -0.3760 -0.0008 -0.9266
vn 0.0160 0.6052 0.7959
vn 0.4866 -0.8607 -0.1501
vn -0.8384 0.5173 -0.1718
vn -0.8881 0.3994 -0.2275
vn -0.8648 0.4228 -0.2708
vn -0.7419 0.4708 -0.4774
vn -0.9236 0.3705 -0.0983
vn -0.7944 0.4939 -0.3535
vn 0.6682 0.3568 -0.6529
vn -0.7707 0.5881 0.2453
vn -0.7853 -0.1698 -0.5953
vn -0.7118 0.3880 -0.5854
vn 0.5958 -0.1694 0.7851
vn 0.1857 -0.8504 -0.4923
vn -0.1856 -0.6065 -0.7731
vn -0.0290 -0.6852 -0.7278
vn -0.0743 -0.5158 -0.8535
vn -0.9682 0.0369 0.2475
vn -0.6958 -0.2858 0.6589
vn -0.9100 0.2873 0.2990
vn -0.0069 0.0771 -0.9970
vn -0.2117 -0.0247 0.9770
vn -0.8251 0.5161 0.2299
vn -0.7661 0.4916 0.4139
vn -0.7599 0.6434 0.0929
vn -0.6590 0.2367 -0.7139
vn -0.3793 -0.9251 -0.0170
vn -0.0056 -0.2402 -0.9707
vn 0.2146 -0.3731 0.9026
vn 0.4394 0.4977 0.7478
vn -0.9088 -0.3870 0.1560
vn -0.0515 -0.7182 -0.6939
vn -0.7935 0.5914 0.1437
vn 0.4051 -0.9057 0.1254
vn -0.6829 -0.0977 0.7239
vn 0.1271 0.0327 0.9914
vn 0.1248 0.8269 -0.5483
vn -0.9714 0.2332 0.0451
vn -0.0477 -0.3948 -0.9175
vn -0.0484 -0.8164 -0.5754
vn -0.1704 -0.4189 -0.8919
vn -0.5203 -0.7675 -0.3744
vn -0.8549 0.5161 0.0522
vn -0.7190 -0.6190 -0.3161
vn -0.4696 0.7637 0.4430
vn -0.1239 0.9386 0.3221
vn -0.2068 0.8820 -0.4234
vn -0.9378 0.3112 -0.1541
vn -0.5936 0.7273 0.3444
vn 0.5111 -0.3550 -0.7827
vn -0.7512 0.5562 -0.3555
vn 0.8095 0.5089 -0.2927
vn -0.3824 0.5496 0.7428
vn -0.0891 0.0503 -0.9948
vn -0.8352 0.5291 0.1503
vn -0.8473 0.5091 0.1513
vn 0.8534 -0.5132 0.0911
vn -0.4663 0.8808 0.0823
vn -0.3169 0.9105 0.2656
vn -0.8391 0.4785 0.2586
vn -0.5406 0.5483 0.6381
vn 0.3579 0.8122 0.4608
vn -0.2183 0.5251 0.8226
vn 0.1449 0.1590 0.9766
vn -0.6287 0.7331 0.2595
vn -0.4129 0.8671 -0.2786
vn 0.0238 -0.3752 0.9267
vn 0.0957 0.8828 0.4599
vn -0.6146 0.4304 0.6611
vn -0.9698 0.1758 0.1693
vn -0.5890 0.2981 0.7511
vn -0.1040 0.9619 0.2529
vn 0.1273 0.2990 0.9457
vn 0.1052 0.4692 0.8768
vn 0.1440 0.9158 0.3750
vn -0.6490 0.1309 -0.7494
vn -0.6516 -0.2436 0.7184
vn -0.8938 0.4437 0.0656
vn -0.7348 0.6640 0.1386
vn 0.4146 0.8988 0.1420
vn -0.1222 -0.1176 0.9855
vn -0.8713 0.4738 0.1282
vn -0.7597 0.6284 0.1671
vn -0.6735 0.7304 0.1139
vn -0.0635 0.9878 0.1422
vn -0.3917 0.5307 0.7517
vn 0.1001 0.4884 0.8668
vn -0.2702 0.9625 0.0258
vn -0.1745 0.5041 0.8458
vn 0.3683 0.8392 0.4000
vn -0.7835 0.4713 -0.4049
vn -0.7743 0.4815 -0.4105
vn -0.4587 0.8884 -0.0180
vn -0.9879 0.0878 -0.1277
vn -0.1934 0.9690 0.1537
vn -0.8220 0.5597 0.1055
vn -0.9934 -0.0629 0.0960
vn -0.9936 -0.0681 0.0897
vn 0.0747 0.5112 0.8562
vn -0.4932 0.5668 0.6599
vn -0.1708 0.5232 0.8349
vn -0.8397 -0.1748 -0.5142
vn -0.9082 -0.4091 0.0881
vn -0.7962 0.6049 -0.0119
vn -0.3167 0.6501 0.6907
vn -0.6822 0.3803 0.6245
vn -0.2328 0.4931 0.8383
vn -0.8117 -0.5739 0.1084
vn -0.9932 -0.0550 0.1027
vn 0.1974 -0.9803 0.0102
vn -0.9142 -0.1440 -0.3788
vn 0.7918 -0.5743 0.2080
vn -0.5794 -0.7100 -0.4004
vn -0.5731 -0.8018 0.1694
vn -0.8117 -0.2914 0.5062
vn 0.0643 -0.1971 0.9783
vn 0.0943 -0.4564 -0.8848
vn -0.6734 0.4134 0.6129
vn 0.0492 0.6701 0.7406
vn -0.2096 0.4902 0.8460
vn 0.0372 0.4387 0.8979
vn 0.9460 0.3220 0.0387
vn -0.9345 0.0356 0.3543
vn -0.5546 0.0733 -0.8289
vn -0.6719 -0.7388 -0.0524
vn -0.5490 -0.0238 -0.8355
vn -0.0563 -0.1538 -0.9865
vn 0.2797 -0.4612 -0.8421
vn -0.9936 -0.0622 0.0944
vn -0.9630 0.2534 0.0916
vn -0.8035 0.0448 0.5935
vn -0.3273 0.5185 0.7900
vn -0.9903 -0.0283 0.1357
vn 0.0215 -0.3979 0.9172
vn -0.8908 -0.0027 0.4544
vn -0.1925 -0.1406 0.9712
vn 0.4123 0.8792 0.2387
vn -0.7085 0.2403 0.6635
vn -0.9900 0.0284 0.1383
vn -0.4096 -0.0241 0.9120
vn -0.8286 0.4644 0.3127
vn -0.9109 -0.0387 -0.4109
vn 0.9920 0.0397 0.1197
vn -0.4896 0.0739 0.8688
vn -0.8499 0.5145 0.1138
vn -0.0659 -0.1608 0.9848
vn -0.9887 0.0183 0.1491
vn -0.4237 0.4171 0.8041
vn -0.1881 -0.9672 0.1707
vn -0.6671 0.5238 0.5297
vn -0.9761 -0.2141 0.0376
vn -0.8970 0.3960 0.1963
vn -0.8805 -0.3943 0.2632
vn -0.6531 -0.3403 -0.6765
vn -0.9225 -0.2682 -0.2776
vn 0.0299 0.2673 0.9631
vn -0.9734 -0.0329 0.2269
vn 0.2958 0.1867 0.9368
vn -0.0104 0.3012 0.9535
vn -0.6898 0.1222 0.7136
vn -0.6383 0.0171 0.7696
vn -0.4018 -0.2469 -0.8818
vn -0.9703 0.0976 0.2213
vn -0.9723 0.0233 0.2325
vn 0.0957 0.7479 0.6568
vn -0.2617 0.9641 0.0457
vn -0.8074 0.0791 0.5847
vn -0.1993 -0.1483 0.9687
vn 0.0867 0.0044 0.9962
vn -0.4817 -0.0623 0.8741
vn 0.3214 -0.2932 -0.9004
vn 0.1275 0.5132 -0.8487
vn -0.1006 -0.1026 0.9896
vn 0.9993 -0.0249 -0.0287
vn 0.1016 -0.2174 0.9708
vn -0.8907 -0.0226 -0.4540
vn -0.9501 -0.1816 0.2535
vn 0.7080 0.6679 -0.2295
vn -0.9931 -0.1078 0.0470
vn 0.3619 -0.3638 -0.8583
vn 0.0237 0.5089 -0.8605
vn -0.9928 0.0390 -0.1136
vn 0.9937 -0.0459 -0.1023
vn -0.9607 -0.0415 0.2745
vn -0.9392 0.3410 -0.0403
vn -0.6411 0.3610 -0.6773
vn 0.4554 -0.8367 0.3042
vn -0.9354 0.3525 0.0267
vn -0.0935 0.9610 -0.2603
vn 0.8936 -0.4186 0.1619
vn -0.0646 -0.9978 0.0148
vn -0.9665 0.1407 -0.2146
vn -0.9483 0.1409 -0.2844
vn -0.2415 -0.2704 0.9320
vn 0.6681 0.0839 0.7393
vn 0.9882 -0.0121 0.1528
vn 0.7882 -0.1648 -0.5930
vn -0.9865 -0.1337 0.0945
vn 0.0080 -0.3745 -0.9272
vn -0.9948 -0.0385 0.0940
vn -0.9010 0.4292 -0.0637
vn 0.7505 -0.0703 0.6571
vn -0.7940 0.4961 -0.3514
vn -0.9755 -0.1759 0.1319
vn -0.1400 0.9309 -0.3374
vn 0.1500 -0.9695 0.1936
vn -0.2422 -0.9042 -0.3519
vn -0.3253 -0.9382 -0.1183
vn -0.4869 -0.1842 -0.8538
vn -0.4291 -0.9026 0.0357
vn -0.6523 0.1366 -0.7455
vn -0.9886 0.1218 -0.0884
vn -0.3497 -0.1459 0.9254
vn -0.4141 0.9041 -0.1056
vn -0.9805 0.1912 0.0451
vn -0.7563 -0.6524 0.0489
vn -0.8707 -0.4272 0.2439
vn -0.9920 0.1052 0.0694
vn 0.5609 -0.8279 -0.0016
vn 0.6381 -0.3248 -0.6981
vn -0.6002 -0.4157 -0.6833
vn -0.1855 0.9814 0.0485
vn -0.5890 -0.5227 0.6163
vn -0.4787 -0.8142 0.3287
vn -0.9940 0.0129 0.1087
vn -0.7735 -0.6338 0.0033
vn -0.8130 0.5822 -0.0092
vn -0.9802 -0.1493 0.1300
vn -0.3473 -0.4472 0.8243
vn -0.9956 -0.0692 -0.0625
vn -0.1160 -0.4079 -0.9056
vn -0.5810 -0.6300 -0.5153
vn -0.6216 0.1103 -0.7756
vn -0.9950 -0.0628 0.0773
vn 0.1393 -0.0506 0.9890
vn -0.9861 -0.1409 0.0875
vn -0.0582 0.1405 0.9884
vn 0.4241 -0.2305 -0.8758
vn 0.8751 -0.1495 0.4603
vn -0.3444 -0.9378 -0.0443
vn -0.9829 -0.1678 0.0762
vn -0.9900 -0.0484 0.1325
vn -0.9411 -0.3275 0.0841
vn -0.6714 -0.7405 -0.0313
vn -0.5564 -0.4211 0.7164
vn -0.7924 0.0569 0.6073
vn -0.1118 0.6242 0.7732
vn -0.9341 0.0349 0.3552
vn -0.9944 0.0497 -0.0928
vn -0.4653 -0.8548 -0.2300
vn -0.1917 0.7546 0.6275
vn -0.9984 0.0569 -0.0073
vn -0.5151 -0.4860 -0.7060
vn 0.1956 0.6197 0.7601
vn -0.2899 0.0522 -0.9556
vn -0.9180 0.1752 -0.3558
vn -0.9951 -0.0985 0.0106
vn 0.3085 0.4622 0.8314
vn -0.5420 -0.4176 0.7293
vn -0.8927 0.4427 0.0845
vn -0.3615 -0.1612 0.9183
vn 0.4277 -0.8747 0.2281
vn -0.3787 0.4437 0.8122
vn -0.8978 -0.0140 -0.4403
vn -0.2143 0.0243 -0.9765
vn 0.2368 -0.9712 0.0258
vn -0.3156 0.6593 -0.6824
vn -0.9370 0.1996 -0.2867
vn -0.1891 0.9147 -0.3571
vn -0.2759 -0.2068 0.9387
vn -0.9896 -0.1271 0.0677
vn -0.6963 -0.5369 0.4763
vn -0.1101 0.0392 -0.9931
vn -0.9923 0.0624 -0.1067
vn 0.3494 -0.2167 -0.9116
vn -0.9974 0.0705 0.0131
vn -0.3934 -0.1656 -0.9043
vn -0.9729 0.1092 0.2038
vn -0.6758 0.1932 0.7113
vn -0.4267 -0.0693 0.9017
vn -0.2334 -0.1395 0.9623
vn 0.1389 -0.0471 0.9892
vn 0.5185 -0.1315 0.8449
vn -0.8010 -0.4315 -0.4150
vn -0.8908 0.0561 0.4509
vn -0.1735 -0.7627 -0.6231
vn -0.1493 -0.2675 -0.9519
vn 0.9139 -0.1122 0.3902
vn -0.4011 -0.7177 -0.5693
vn 0.2625 -0.2049 0.9429
vn -0.0487 0.4626 0.8852
vn -0.9326 0.3609 0.0051
vn -0.2407 0.0662 0.9683
vn -0.0626 0.8416 0.5364
vn -0.6240 0.0904 0.7762
vn -0.9836 -0.0457 0.1744
vn -0.2310 -0.1744 0.9572
vn -0.2828 -0.1221 0.9514
vn -0.3759 -0.1012 -0.9211
vn -0.5061 -0.8587 0.0801
vn -0.2744 -0.3590 -0.8921
vn -0.4882 0.0573 -0.8708
vn -0.0710 0.2036 0.9765
vn -0.9304 -0.1178 -0.3471
vn 0.0334 0.2115 -0.9768
vn -0.9163 0.1706 -0.3624
vn -0.6792 0.4449 -0.5837
vn -0.0709 -0.9821 -0.1746
vn -0.8537 0.1486 -0.4991
vn -0.4916 0.5730 0.6558
vn -0.2842 -0.3061 -0.9086
vn -0.7206 0.1317 -0.6808
vn -0.3878 -0.1783 -0.9043
vn -0.1737 0.5253 0.8330
vn 0.3568 0.5638 0.7448
vn -0.5991 0.3267 -0.7310
vn -0.4085 0.0545 -0.9112
vn -0.9617 -0.0532 0.2687
vn -0.6732 0.4462 -0.5897
vn -0.6855 0.7089 -0.1661
vn -0.2387 -0.9676 -0.0818
vn 0.1998 -0.9785 0.0501
vn 0.9838 -0.1712 0.0528
vn -0.6860 -0.0061 0.7276
vn -0.7125 0.3129 -0.6281
vn -0.8595 0.2161 -0.4633
vn 0.0208 0.3969 -0.9176
vn 0.0155 -0.2825 -0.9591
vn 0.8143 0.5803 -0.0111
vn -0.8677 0.0978 -0.4873
vn -0.2295 -0.5087 -0.8298
vn -0.2618 -0.1180 -0.9579
vn -0.3259 -0.0772 -0.9423
vn -0.1074 -0.6789 -0.7263
vn -0.3155 -0.3065 -0.8981
vn -0.3924 0.6486 -0.6522
vn -0.7241 0.2438 -0.6452
vn -0.7342 0.4656 -0.4941
vn -0.4476 -0.7459 -0.4932
vn -0.7190 0.1855 -0.6698
vn -0.7304 0.3406 -0.5920
vn -0.1220 -0.3293 -0.9363
vn -0.1773 0.9641 -0.1978
vn -0.7903 -0.3603 0.4956
vn -0.7737 -0.3339 0.5384
vn -0.0060 -0.0938 -0.9956
vn 0.6777 0.1627 -0.7171
vn 0.7992 0.2249 -0.5574
vn -0.3321 -0.9432 0.0130
vn -0.8485 0.2075 -0.4869
vn -0.6844 0.7084 -0.1726
vn -0.8473 0.1975 -0.4931
vn -0.7049 0.0104 -0.7092
vn -0.3682 0.0015 -0.9298
vn -0.3148 -0.9428 0.1099
vn -0.8159 -0.5781 0.0061
vn -0.2654 -0.9512 -0.1572
vn 0.8530 -0.4906 0.1781
vn -0.9068 -0.3398 -0.2494
vn -0.0819 -0.9907 0.1090
vn -0.9558 -0.2888 -0.0551
vn 0.3042 -0.6907 -0.6560
vn -0.9284 0.3334 -0.1639
vn -0.2995 -0.9361 -0.1843
vn -0.4188 -0.8618 0.2862
vn 0.0107 -0.5340 -0.8454
vn -0.6775 -0.6551 -0.3342
vn -0.1908 -0.8999 -0.3921
vn -0.8609 0.0770 -0.5029
vn -0.9728 0.0710 0.2205
vn 0.3744 -0.0126 0.9272
vn 0.0314 -0.7423 -0.6693
vn -0.4997 -0.8288 -0.2520
vn 0.2362 -0.2962 -0.9255
vn -0.6936 -0.7190 0.0445
vn -0.9742 0.1818 0.1333
vn -0.6386 -0.7485 -0.1788
vn -0.9820 -0.0308 0.1864
vn -0.9722 0.2213 0.0765
vn -0.9849 -0.1585 0.0701
vn -0.7248 -0.6804 -0.1082
vn 0.1056 -0.9740 -0.2006
vn -0.3577 -0.9308 -0.0753
vn 0.3217 -0.8584 0.3995
vn -0.9238 -0.1445 -0.3545
vn -0.6432 -0.7649 -0.0354
vn -0.5805 -0.7894 0.1997
vn -0.2445 -0.9024 0.3549
vn 0.0893 -0.1970 -0.9763
vn -0.6412 0.0968 -0.7612
vn -0.3213 -0.1083 0.9408
vn 0.9935 -0.0447 -0.1045
vn -0.3854 -0.8626 -0.3277
vn -0.9557 -0.0563 0.2890
vn -0.1270 -0.8462 0.5175
vn -0.1071 -0.4059 0.9076
vn -0.7691 -0.6375 -0.0462
vn -0.2608 0.9627 0.0726
vn 0.1930 -0.9088 -0.3699
vn -0.5110 -0.8580 -0.0526
vn 0.7111 -0.1322 0.6906
vn -0.3127 -0.7044 0.6372
vn -0.0218 0.3009 0.9534
vn -0.4302 -0.9022 0.0303
vn 0.5315 -0.2097 0.8207
vn 0.1411 -0.9558 -0.2580
vn -0.2814 -0.4350 -0.8553
vn -0.7211 -0.3165 0.6163
vn -0.1810 -0.9140 -0.3630
vn -0.6148 -0.7853 0.0727
vn -0.1414 -0.9232 0.3575
vn 0.6197 0.0873 0.7799
vn -0.8132 -0.5519 0.1847
vn 0.5023 0.1091 0.8578
vn -0.0603 0.8317 0.5519
vn 0.3318 0.8790 0.3424
vn 0.4168 0.0806 0.9054
vn -0.3144 -0.8905 -0.3290
vn -0.0032 0.1766 0.9843
vn -0.2192 0.6036 0.7666
vn 0.2747 -0.2805 0.9197
vn 0.9422 0.2995 0.1505
vn 0.6165 0.0506 0.7857
vn 0.5014 0.3937 0.7705
vn 0.4908 -0.0256 0.8709
vn 0.1997 -0.4639 -0.8631
vn 0.9892 0.1002 0.1073
vn 0.5674 -0.0866 -0.8189
vn 0.8560 0.1792 0.4849
vn -0.0219 0.9515 0.3070
vn -0.4274 -0.8210 0.3786
vn 0.5392 0.3644 0.7593
vn 0.3684 -0.9059 -0.2089
vn 0.3236 -0.8879 -0.3269
vn 0.7564 0.0580 0.6515
vn -0.9029 -0.4285 0.0346
vn -0.4904 -0.0633 0.8692
vn -0.1324 -0.3903 0.9111
vn 0.5681 0.5607 0.6024
vn -0.1797 -0.9811 0.0721
vn -0.1958 -0.9147 -0.3536
vn 0.2914 -0.9559 -0.0366
vn -0.0789 -0.9915 -0.1033
vn 0.4755 -0.8657 -0.1562
vn -0.0599 -0.9841 -0.1674
vn 0.0673 0.6786 -0.7314
vn 0.0825 -0.9956 0.0455
vn -0.0302 -0.9683 0.2478
vn 0.0309 0.6404 0.7675
vn -0.2757 -0.9440 -0.1812
vn -0.9636 -0.0147 -0.2669
vn -0.4678 -0.5421 -0.6981
vn -0.9829 -0.1774 0.0487
vn -0.5036 -0.8245 0.2581
vn 0.0992 -0.9866 -0.1297
vn 0.4336 -0.8767 0.2083
vn -0.2153 -0.2455 -0.9452
vn -0.1254 -0.9452 0.3013
vn 0.4623 -0.8775 0.1275
vn -0.0423 -0.9183 -0.3937
vn 0.3992 0.8887 -0.2256
vn 0.0661 -0.9973 0.0328
vn 0.3346 -0.9382 -0.0885
vn -0.9663 0.1369 -0.2182
vn 0.1992 -0.9191 -0.3399
vn -0.1677 -0.9286 -0.3311
vn 0.1193 -0.9608 0.2503
vn 0.2622 -0.9349 -0.2392
vn 0.0249 -0.9675 0.2517
vn -0.0960 -0.9949 -0.0312
vn 0.8238 -0.3351 0.4572
vn 0.6649 -0.7347 0.1345
vn -0.0712 -0.9958 -0.0571
vn -0.4440 -0.8942 0.0576
vn 0.3577 -0.0037 -0.9338
vn -0.9358 -0.3300 -0.1237
vn -0.7580 -0.2153 0.6157
vn -0.4875 0.0899 -0.8685
vn 0.0596 -0.2483 0.9668
vn 0.2053 -0.9618 0.1812
vn 0.1504 -0.9325 0.3284
vn 0.2098 -0.8906 -0.4035
vn -0.0012 0.6807 0.7326
vn -0.7247 -0.5157 0.4571
vn 0.0114 -0.9395 -0.3423
vn 0.1366 0.9334 -0.3318
vn 0.0914 0.8573 -0.5066
vn 0.8240 0.2744 -0.4957
vn 0.2423 0.7547 -0.6097
vn -0.2814 -0.1291 0.9509
vn 0.1913 0.8319 -0.5210
vn 0.0418 -0.9991 0.0021
vn -0.7468 0.1997 0.6343
vn -0.7906 0.6110 0.0402
vn 0.1065 0.9933 -0.0456
vn 0.1930 0.9530 0.2335
vn -0.1002 0.9444 0.3133
vn 0.0270 0.8130 0.5816
vn 0.0513 0.9987 -0.0075
vn 0.2254 0.0651 0.9721
vn 0.4352 0.8585 0.2711
vn -0.3252 0.5356 0.7793
vn 0.0675 0.1182 0.9907
vn 0.8322 0.5387 0.1310
vn 0.9662 0.0616 -0.2503
vn 0.0184 -0.5432 0.8394
vn 0.1078 -0.2232 -0.9688
vn 0.1450 0.7662 0.6260
vn 0.0612 0.4399 0.8960
vn -0.0200 0.9473 0.3197
vn -0.4463 0.4993 0.7427
vn -0.0714 -0.9710 -0.2284
vn 0.0958 -0.4586 -0.8835
vn -0.0252 -0.7276 -0.6856
vn 0.5611 -0.2808 -0.7787
vn 0.6577 0.7350 -0.1646
vn 0.2871 0.4022 -0.8694
vn 0.5419 -0.7198 0.4339
vn 0.7784 0.2889 0.5574
vn -0.5175 0.3543 0.7788
vn 0.3341 0.7818 -0.5265
vn -0.4193 -0.6401 -0.6438
vn 0.8252 0.4534 -0.3368
vn 0.4255 -0.8757 0.2282
vn 0.9067 0.2141 -0.3633
vn 0.1720 0.6012 0.7803
vn 0.9704 0.0971 -0.2210
vn -0.5489 -0.7549 -0.3588
vn 0.3474 -0.9350 -0.0710
vn -0.9751 -0.1895 0.1152
vn 0.1225 0.9921 -0.0268
vn -0.4997 -0.7993 -0.3336
vn -0.4090 -0.9090 -0.0803
vn -0.3617 0.3727 0.8546
vn 0.6917 0.3687 0.6209
vn 0.2741 -0.7096 -0.6492
vn -0.9620 -0.1315 -0.2394
vn 0.0007 -0.3821 0.9241
vn -0.9066 -0.3937 -0.1521
vn 0.0174 0.9910 0.1330
vn 0.0175 0.4222 0.9063
vn 0.7571 -0.6211 0.2027
vn -0.9009 -0.2502 -0.3547
vn 0.2976 -0.9511 0.0828
vn 0.4648 -0.8824 -0.0727
vn 0.3246 -0.8634 0.3862
vn 0.9848 -0.1663 0.0510
vn -0.8985 0.2298 0.3739
vn 0.1096 0.4634 0.8793
vn 0.7343 0.3550 0.5785
vn 0.8961 0.1540 0.4162
vn 0.7074 0.2974 0.6413
vn 0.2708 0.4916 0.8276
vn 0.0510 0.9798 -0.1936
vn 0.3430 0.9379 -0.0515
vn -0.4039 0.7594 -0.5101
vn 0.2461 0.6529 0.7164
vn 0.4695 0.1045 0.8767
vn -0.5260 -0.6340 -0.5668
vn 0.1735 -0.0549 -0.9833
vn 0.3004 -0.0217 -0.9536
vn 0.2971 0.7181 0.6293
vn -0.2997 -0.9255 -0.2317
vn 0.6255 -0.1976 0.7548
vn 0.3038 -0.8336 -0.4614
vn -0.5319 -0.8063 -0.2587
vn -0.6590 -0.5607 -0.5014
vn 0.3194 -0.7608 0.5649
vn 0.6093 -0.6984 -0.3755
vn 0.1524 -0.4242 -0.8927
vn -0.0334 0.4479 -0.8935
vn 0.2857 0.5585 -0.7788
vn 0.0199 -0.6231 -0.7819
vn 0.2192 0.9633 -0.1548
vn 0.2324 0.9665 -0.1089
vn 0.0373 0.1193 -0.9922
vn 0.4807 0.4751 -0.7370
vn 0.0627 -0.7199 -0.6913
vn -0.5890 -0.8066 0.0502
vn 0.9072 0.1776 -0.3815
vn 0.0083 -0.5346 -0.8450
vn 0.6957 -0.2744 0.6639
vn -0.3202 -0.4243 -0.8470
vn -0.5113 -0.4235 -0.7478
vn -0.9896 -0.1078 0.0951
vn 0.7219 0.4332 -0.5397
vn -0.4056 0.8954 -0.1837
vn -0.3427 0.7021 -0.6242
vn 0.3352 -0.2682 0.9032
vn 0.6954 -0.4006 -0.5966
vn 0.2238 -0.5524 -0.8030
vn 0.3653 -0.2319 -0.9015
vn 0.5589 -0.2670 0.7851
vn 0.5177 -0.8544 0.0441
vn 0.6182 -0.6895 -0.3774
vn 0.8385 -0.1369 -0.5275
vn 0.5721 -0.8137 0.1030
vn -0.2952 -0.0815 -0.9519
vn -0.4720 -0.5150 -0.7156
vn 0.0681 0.2581 -0.9637
vn -0.3164 -0.8883 -0.3329
vn 0.7528 -0.6444 0.1344
vn 0.1901 -0.9572 0.2184
vn 0.4346 -0.9000 0.0325
vn 0.4577 -0.7318 -0.5050
vn 0.1614 -0.7848 -0.5984
vn 0.4526 -0.8906 -0.0452
vn 0.1956 -0.5701 0.7980
vn -0.0168 -0.8911 -0.4534
vn 0.3102 0.6011 0.7365
vn -0.6059 0.4705 -0.6415
vn -0.5721 0.6156 -0.5420
vn -0.9082 -0.0260 -0.4177
vn -0.3073 0.3409 -0.8885
vn -0.6901 -0.2311 0.6858
vn -0.2213 0.5227 0.8233
vn -0.7927 -0.0217 -0.6092
vn 0.4187 0.8515 0.3157
vn 0.0717 -0.0002 0.9974
vn -0.7458 -0.6340 0.2045
vn -0.3072 0.9515 -0.0178
vn 0.9581 0.2062 -0.1990
vn 0.8059 0.4585 -0.3747
vn -0.9976 0.0433 -0.0549
vn 0.0213 -0.4653 -0.8849
vn -0.3413 -0.8833 0.3213
vn 0.6344 -0.7730 -0.0007
vn 0.2115 0.3604 -0.9085
vn -0.5857 -0.0406 0.8095
vn -0.8031 0.4274 -0.4152
vn -0.0269 0.9866 0.1609
vn -0.3091 0.7424 0.5944
vn 0.1148 -0.9725 0.2024
vn -0.6260 0.7761 -0.0759
vn -0.0793 0.8485 0.5231
vn 0.3465 -0.8596 -0.3754
vn 0.5512 -0.5308 0.6437
vn -0.7829 -0.6154 -0.0917
vn -0.6802 0.6662 0.3058
vn -0.5081 -0.2056 -0.8364
vn -0.6587 -0.7040 0.2656
vn 0.4099 -0.9115 0.0355
vn 0.8456 -0.5179 0.1292
vn 0.9674 -0.1775 0.1808
vn 0.3369 -0.9113 0.2369
vn -0.9082 -0.4064 0.0998
vn -0.9798 0.1932 -0.0524
vn -0.1532 -0.9864 0.0591
vn -0.9528 -0.2651 0.1477
vn 0.8490 0.3346 -0.4089
vn 0.6028 -0.7357 0.3087
vn -0.5072 -0.1490 -0.8489
vn -0.9962 -0.0092 0.0862
vn 0.2743 -0.9336 0.2306
vn 0.9450 0.1404 -0.2955
vn 0.3276 -0.9058 0.2687
vn 0.2369 -0.9613 0.1408
vn 0.1175 -0.9456 -0.3033
vn 0.7213 0.1546 -0.6751
vn 0.0256 -0.9863 0.1632
vn 0.9869 -0.0715 -0.1447
vn 0.5337 -0.3904 -0.7502
vn 0.0485 -0.6145 -0.7874
vn 0.9349 -0.2047 0.2899
vn -0.3143 -0.0910 0.9449
vn -0.1667 0.9858 0.0182
vn 0.1988 0.0236 -0.9798
vn -0.8321 0.0267 0.5540
vn 0.2952 -0.1427 -0.9447
vn -0.6240 0.0917 0.7760
vn -0.1540 0.5122 0.8449
vn 0.5935 -0.3342 -0.7321
vn 0.0863 -0.6049 -0.7916
vn 0.3959 -0.1177 -0.9107
vn -0.1339 0.5684 0.8118
vn -0.0159 -0.7703 -0.6375
vn 0.3336 -0.0380 -0.9420
vn 0.2034 -0.3857 -0.8999
vn 0.8854 -0.1174 -0.4498
vn 0.5054 0.1737 -0.8452
vn 0.8834 0.1310 -0.4499
vn -0.2322 0.0420 -0.9718
vn 0.6651 -0.7454 -0.0445
vn -0.0057 -0.7595 -0.6505
vn -0.1032 0.6086 0.7867
vn -0.0045 0.6658 0.7461
vn -0.0259 -0.7155 0.6981
vn -0.7001 0.2356 0.6740
vn -0.1193 -0.1533 -0.9809
vn -0.1667 -0.6023 0.7806
vn 0.7196 0.1228 -0.6834
vn -0.7097 -0.2965 -0.6391
vn -0.4811 0.2741 0.8327
vn 0.0172 -0.2672 -0.9635
vn 0.0638 -0.1834 0.9810
vn -0.0149 -0.9959 0.0898
vn 0.9723 0.1681 0.1626
vn -0.2271 -0.4577 -0.8596
vn 0.9864 0.1398 -0.0864
vn -0.2225 -0.4878 -0.8441
vn -0.4864 0.0171 0.8736
vn 0.9929 -0.0807 0.0868
vn -0.0741 -0.2057 0.9758
vn 0.0330 -0.2034 0.9785
vn 0.0856 -0.2749 0.9577
vn 0.2386 -0.7368 0.6326
vn -0.0189 0.5935 0.8046
vn 0.1035 -0.2166 0.9708
vn 0.0015 -0.5169 0.8561
vn -0.0119 -0.3650 0.9309
vn 0.8540 -0.2639 0.4483
vn 0.8054 -0.4168 0.4215
vn -0.1780 -0.9452 0.2738
vn 0.2842 0.2292 -0.9310
vn 0.0083 -0.9435 0.3312
vn 0.2024 -0.0707 -0.9768
vn 0.8165 0.3228 -0.4787
vn -0.9016 0.3503 -0.2536
vn -0.0253 0.4651 -0.8849
vn 0.6840 -0.1762 -0.7079
vn 0.7642 0.1710 -0.6219
vn -0.9653 -0.2604 -0.0170
vn 0.6604 0.2678 -0.7015
vn 0.0406 0.3804 -0.9239
vn 0.0260 0.4470 -0.8942
vn 0.3872 0.5674 -0.7267
vn 0.1331 0.0836 -0.9876
vn 0.6740 -0.7053 -0.2196
vn 0.1948 0.5855 -0.7869
vn -0.7780 -0.3718 -0.5065
vn 0.3238 -0.3546 -0.8772
vn -0.4260 -0.9041 0.0329
vn -0.1275 -0.5062 0.8530
vn -0.4142 0.3801 -0.8270
vn 0.0040 0.5722 0.8201
vn 0.2408 -0.9591 0.1491
vn 0.1389 0.0780 -0.9872
vn -0.1278 -0.7830 -0.6087
vn -0.1492 -0.3624 -0.9200
vn 0.3591 0.4030 -0.8418
vn 0.0985 -0.3303 -0.9387
vn 0.9014 -0.0491 0.4303
vn 0.8483 0.3319 -0.4126
vn 0.0036 0.4061 -0.9138
vn 0.4178 0.0115 -0.9085
vn 0.9974 -0.0479 0.0542
vn -0.9692 0.0548 -0.2403
vn 0.5349 0.3683 -0.7604
vn -0.1648 -0.1598 0.9733
vn 0.1728 0.5282 -0.8313
vn -0.6960 0.3965 -0.5986
vn -0.7602 -0.0382 0.6486
vn -0.8751 0.0188 0.4836
vn 0.0731 0.3825 -0.9210
vn -0.8926 0.4508 0.0074
vn 0.7323 0.6550 -0.1863
vn 0.8331 -0.2801 -0.4770
vn -0.1113 -0.1887 -0.9757
vn -0.7155 -0.6903 -0.1073
vn 0.1831 0.4787 -0.8587
vn 0.3680 0.3459 -0.8631
vn 0.9631 0.1164 0.2426
vn 0.4961 0.4162 -0.7620
vn 0.3933 0.8749 -0.2825
vn 0.0812 0.4748 -0.8763
vn -0.0716 0.3746 -0.9244
vn -0.0842 0.6838 -0.7248
vn -0.1702 0.8573 -0.4859
vn -0.7123 0.3591 -0.6030
vn 0.0098 0.3826 -0.9239
vn 0.0546 -0.5713 -0.8190
vn -0.0812 0.4502 -0.8892
vn 0.1668 0.4107 -0.8964
vn -0.0254 0.4651 -0.8849
vn 0.9552 -0.0938 0.2807
vn -0.0036 -0.0775 -0.9970
vn 0.0459 0.5760 -0.8162
vn -0.3478 0.6672 0.6587
vn 0.8784 -0.1991 -0.4345
vn -0.1506 -0.9730 0.1751
vn 0.6739 -0.0189 0.7386
vn 0.9827 -0.0904 0.1613
vn 0.3419 -0.1140 0.9328
vn 0.9754 -0.0436 0.2161
vn 0.2098 0.0156 -0.9776
vn -0.3424 0.6744 0.6542
vn 0.4418 0.0625 0.8949
vn 0.9975 -0.0024 -0.0710
vn -0.3459 -0.8104 -0.4728
vn -0.2953 -0.0792 0.9521
vn 0.2246 -0.1081 0.9684
vn -0.4979 -0.1926 0.8456
vn 0.1562 0.2200 0.9629
vn -0.9759 0.1516 0.1567
vn 0.0404 -0.7451 -0.6657
vn 0.3214 0.8611 0.3940
vn 0.7178 -0.6421 0.2691
vn 0.7973 0.0979 0.5956
vn -0.2194 0.3127 0.9242
vn -0.0813 0.0610 0.9948
vn -0.1000 0.9613 0.2565
vn 0.8897 -0.3811 0.2515
vn 0.2835 0.7306 0.6212
vn 0.7832 -0.4973 0.3732
vn 0.3482 -0.0923 0.9329
vn 0.5220 -0.2787 0.8061
vn -0.2546 -0.3515 0.9009
vn 0.2096 -0.1853 0.9601
vn 0.6927 0.3842 -0.6104
vn 0.5084 0.7879 0.3476
vn -0.9270 -0.3613 0.1008
vn 0.9514 0.1411 0.2737
vn 0.8853 0.4637 0.0354
vn 0.4587 0.8842 0.0881
vn 0.0356 0.0299 -0.9989
vn -0.6551 -0.3559 0.6665
vn 0.5485 0.0935 -0.8309
vn -0.4681 0.8100 0.3532
vn -0.4092 -0.6965 -0.5895
vn -0.3972 -0.2076 0.8939
vn 0.3711 0.9246 0.0857
vn -0.5951 -0.3684 0.7142
vn 0.3774 -0.2284 0.8974
vn -0.0879 0.9727 0.2146
vn -0.6217 0.6417 0.4491
vn 0.8606 0.4507 -0.2373
vn 0.1408 -0.2550 0.9566
vn 0.0754 -0.6297 0.7732
vn 0.4797 -0.7270 0.4914
vn -0.1483 -0.0717 -0.9863
vn 0.9365 -0.2774 -0.2145
vn -0.4831 -0.5632 0.6704
vn -0.4238 0.4983 0.7563
vn -0.0343 0.9716 0.2340
vn 0.4879 0.0084 -0.8729
vn -0.4691 0.0496 0.8817
vn -0.0655 -0.8088 -0.5844
vn -0.4642 0.8005 0.3792
vn -0.8418 -0.5253 -0.1239
vn -0.9820 0.0924 0.1650
vn 0.1208 -0.2728 -0.9545
vn 0.5564 -0.4167 -0.7188
vn -0.1875 0.8921 0.4111
vn -0.0490 0.5784 -0.8143
vn 0.6726 0.5999 0.4332
vn 0.0179 0.5715 0.8204
vn -0.0765 -0.5408 -0.8377
vn -0.0939 -0.2327 -0.9680
vn 0.1126 0.3931 0.9126
vn -0.1685 0.8544 0.4915
vn 0.4124 -0.8752 0.2527
vn -0.1098 0.9928 0.0479
vn -0.0211 0.9503 0.3107
vn 0.7356 -0.1972 -0.6481
vn 0.0467 0.9982 0.0381
vn 0.6379 0.7609 0.1190
vn 0.5858 0.8093 0.0435
vn 0.0411 0.9957 0.0830
vn -0.2915 0.5379 0.7910
vn 0.3790 0.9002 0.2143
vn 0.8014 -0.5182 0.2988
vn 0.5980 0.7609 0.2519
vn 0.9347 -0.3546 0.0268
vn 0.5018 -0.2931 -0.8138
vn 0.4945 0.8676 0.0521
vn 0.1506 -0.8386 -0.5235
vn 0.2353 0.9714 0.0326
vn -0.7661 -0.3959 0.5064
vn 0.1520 0.9820 0.1122
vn 0.6971 -0.2503 0.6718
vn 0.9695 -0.1458 0.1968
vn 0.1775 0.9460 0.2711
vn -0.0301 0.9969 0.0720
vn -0.9238 -0.3712 -0.0936
vn -0.5094 -0.8532 0.1121
vn -0.4313 -0.0194 0.9020
vn 0.1492 0.3455 0.9265
vn -0.2108 0.9674 0.1402
vn -0.3329 0.8913 0.3079
vn 0.0620 0.9380 0.3411
vn 0.0060 0.9886 0.1508
vn 0.6800 0.7050 -0.2016
vn 0.8256 0.3145 -0.4685
vn 0.0376 0.4475 -0.8935
vn 0.0243 0.4536 0.8909
vn 0.3427 -0.3478 -0.8727
vn 0.3426 -0.9270 -0.1525
vn 0.6462 -0.6331 0.4261
vn 0.7531 0.6548 0.0645
vn 0.9939 0.0473 0.0992
vn 0.4555 -0.5066 -0.7320
vn 0.3314 -0.5923 -0.7344
vn -0.0953 -0.9901 0.1033
vn 0.3206 -0.5436 0.7757
vn 0.0715 -0.4989 -0.8637
vn 0.4899 -0.8499 -0.1942
vn 0.5296 -0.2062 -0.8228
vn -0.0449 0.8981 -0.4376
vn 0.7990 -0.2795 0.5325
vn 0.4105 -0.9101 0.0567
vn 0.0791 0.9000 0.4287
vn 0.0716 0.9335 -0.3514
vn 0.6995 -0.5901 -0.4031
vn 0.9783 0.0850 -0.1890
vn 0.0614 0.9980 -0.0154
vn -0.9194 -0.3934 0.0012
vn 0.7671 -0.5757 -0.2831
vn 0.0128 0.8258 0.5639
vn 0.4396 0.1071 0.8918
vn 0.5155 0.5790 0.6317
vn -0.7054 -0.6139 0.3545
vn 0.9867 -0.1036 0.1251
vn 0.5195 0.5869 0.6210
vn 0.0421 0.0924 0.9948
vn 0.8517 -0.2350 0.4684
vn -0.9391 -0.0210 0.3431
vn 0.1333 -0.9634 -0.2326
vn 0.9704 -0.2408 0.0181
vn -0.0114 0.9387 0.3445
vn 0.9004 -0.1034 -0.4227
vn -0.9227 -0.2792 0.2660
vn -0.2642 0.9503 0.1644
vn 0.5990 -0.7613 -0.2481
vn 0.9363 -0.2398 0.2567
vn 0.4922 0.5715 -0.6566
vn -0.0639 0.9142 0.4001
vn 0.8391 -0.1284 -0.5286
vn -0.9683 -0.2480 0.0300
vn 0.9864 0.1226 0.1099
vn 0.4544 0.8561 0.2463
vn 0.3320 0.8456 0.4180
vn 0.7806 -0.2865 0.5555
vn 0.7565 0.2366 0.6097
vn 0.5142 0.3897 0.7640
vn 0.9437 -0.2190 0.2481
vn 0.7686 0.5628 -0.3041
vn -0.1925 -0.1941 -0.9619
vn 0.6915 -0.6556 0.3032
vn 0.9025 0.1522 0.4030
vn 0.9917 0.1002 -0.0807
vn 0.7415 0.6641 0.0961
vn 0.9273 0.3624 0.0941
vn -0.3947 0.8910 0.2244
vn 0.0590 0.8941 0.4440
vn -0.4063 -0.7359 0.5416
vn 0.9602 0.2763 -0.0420
vn 0.9119 0.0690 0.4046
vn 0.2958 0.5409 -0.7873
vn 0.9759 0.0928 0.1973
vn 0.2497 0.4088 -0.8778
vn 0.3474 0.7946 -0.4979
vn 0.9826 0.0972 0.1580
vn 0.1344 0.9465 0.2934
vn 0.6758 0.2962 -0.6750
vn 0.7129 -0.4480 -0.5395
vn 0.9136 0.3211 -0.2496
vn 0.9177 0.0598 0.3927
vn 0.5534 0.7927 0.2557
vn 0.9526 0.2830 -0.1121
vn 0.0103 0.0530 0.9985
vn 0.6020 -0.0751 -0.7950
vn 0.0041 -0.5376 -0.8432
vn 0.7433 0.5971 -0.3016
vn 0.3700 -0.8324 -0.4124
vn 0.7038 0.0061 -0.7104
vn 0.7977 -0.5465 0.2549
vn -0.4044 0.8526 0.3309
vn 0.5519 0.3278 -0.7668
vn 0.5341 0.5083 -0.6755
vn -0.8323 0.3620 -0.4199
vn -0.9735 -0.1322 -0.1867
vn -0.9547 -0.1025 0.2794
vn 0.0253 -0.8197 -0.5722
vn 0.0139 -0.8410 -0.5409
vn -0.9229 0.0057 0.3850
vn 0.5977 -0.7322 0.3264
vn -0.1774 0.9637 -0.1993
vn -0.8226 -0.5636 -0.0761
vn 0.2679 -0.9415 0.2045
vn 0.0810 -0.7036 -0.7060
vn 0.1634 -0.9801 -0.1131
vn 0.5587 0.1363 -0.8181
vn -0.7073 -0.2834 -0.6477
vn 0.6242 -0.5979 0.5029
vn -0.2272 -0.5712 0.7887
vn 0.8550 0.4351 0.2824
vn -0.2347 -0.7708 -0.5923
vn -0.9818 -0.0904 -0.1670
vn -0.8679 -0.1796 -0.4631
vn 0.2811 -0.9371 -0.2071
vn -0.8587 0.1491 0.4903
vn -0.8594 -0.4598 0.2234
vn -0.5195 0.5900 0.6181
vn 0.1718 -0.6797 -0.7131
vn -0.7090 0.2503 0.6593
vn -0.8825 -0.1117 -0.4568
vn -0.3273 -0.0215 -0.9447
vn -0.3856 -0.9224 0.0246
vn -0.7381 -0.4265 0.5227
vn -0.7256 -0.0445 -0.6867
vn -0.9310 -0.3420 0.1275
vn -0.4204 0.0897 0.9029
vn -0.4231 -0.6769 -0.6024
vn 0.8834 -0.1503 -0.4438
vn -0.5121 -0.0754 -0.8556
vn -0.3208 -0.5015 -0.8035
vn 0.7144 0.0917 0.6937
vn 0.5227 -0.7048 0.4796
vn -0.8515 0.4317 -0.2975
vn 0.5045 -0.8631 0.0223
vn 0.6300 0.1672 -0.7584
vn -0.1507 -0.9263 0.3452
vn 0.4206 -0.0171 -0.9071
vn -0.9046 0.4152 -0.0960
vn -0.0276 -0.5086 -0.8606
vn 0.3372 -0.6211 0.7075
vn 0.8872 -0.1391 0.4400
vn -0.7252 -0.5154 0.4566
vn 0.8777 -0.4671 0.1068
vn -0.0784 -0.9239 -0.3746
vn -0.8137 0.1917 0.5487
vn 0.5195 0.5873 0.6206
vn -0.2938 -0.8306 0.4730
vn 0.4341 -0.3383 0.8349
vn -0.9995 -0.0288 0.0093
vn -0.6740 -0.5958 -0.4368
vn 0.7564 -0.5348 0.3766
vn 0.0335 0.3048 0.9518
vn -0.4404 -0.2340 0.8668
vn -0.0418 0.6787 0.7332
vn -0.5983 -0.1709 0.7828
vn 0.0197 0.8695 0.4935
vn -0.5954 0.6067 0.5267
vn 0.3123 -0.8511 -0.4220
vn -0.1977 -0.1883 0.9620
vn 0.9509 0.0720 0.3010
vn -0.0654 -0.9335 0.3526
vn -0.8008 -0.0528 0.5966
vn -0.8276 -0.2209 0.5160
vn 0.2782 -0.7207 0.6350
vn -0.5183 -0.1809 0.8359
vn 0.9649 -0.2302 -0.1267
vn 0.1665 -0.1027 0.9807
vn 0.1301 -0.3253 0.9366
vn 0.0792 -0.8798 0.4686
vn 0.2251 0.4773 0.8494
vn -0.8358 0.3084 0.4542
vn -0.9252 -0.2872 -0.2481
vn 0.8916 -0.0699 -0.4474
vn -0.5476 0.5387 0.6403
vn 0.3357 0.7536 0.5651
vn 0.6243 0.4856 -0.6119
vn 0.4235 -0.9022 -0.0814
vn -0.9282 -0.1092 0.3556
vn -0.5870 -0.3253 -0.7414
vn 0.3685 -0.1161 -0.9223
vn 0.3693 -0.0073 0.9293
vn 0.4091 -0.0421 0.9115
vn -0.2813 -0.1838 -0.9419
vn 0.3764 0.5116 -0.7724
vn -0.2103 -0.7331 -0.6468
vn -0.5640 0.7421 -0.3622
vn -0.5241 -0.0159 -0.8515
vn 0.6334 -0.5905 -0.5002
vn 0.0022 0.3587 -0.9335
vn 0.2595 -0.4949 0.8293
vn -0.3802 0.5964 0.7069
vn -0.3582 -0.4921 -0.7934
vn 0.2508 0.9428 0.2199
vn -0.8087 0.5804 0.0959
vn -0.8339 -0.2820 -0.4745
vn -0.5107 -0.0743 -0.8566
vn -0.9588 -0.0881 -0.2703
vn 0.7254 -0.1516 0.6714
vn 0.0065 0.9997 0.0238
vn 0.8692 0.1746 -0.4626
vn 0.6185 -0.7812 -0.0849
vn 0.1008 0.0102 -0.9948
vn 0.8852 -0.1217 0.4490
vn -0.5352 0.8386 0.1014
vn 0.0379 -0.1209 -0.9919
vn 0.7256 -0.6858 0.0560
vn 0.3942 -0.7928 -0.4648
vn -0.7741 -0.2196 -0.5938
vn -0.6714 -0.0075 -0.7411
vn 0.9905 -0.0252 0.1355
vn 0.2028 -0.9670 0.1545
vn 0.5784 -0.1975 -0.7914
vn 0.8942 -0.3991 0.2025
vn 0.9533 -0.0852 0.2896
vn 0.8201 -0.5709 0.0381
vn 0.6791 -0.1124 0.7254
vn 0.9052 -0.2138 0.3673
vn 0.0859 -0.9274 -0.3641
vn 0.9854 -0.1658 0.0379
vn 0.2608 -0.9035 0.3402
vn 0.8182 -0.4065 -0.4065
vn 0.9598 -0.2765 0.0479
vn -0.6565 -0.5773 0.4855
vn 0.9207 -0.3853 -0.0614
vn 0.7810 -0.4432 -0.4400
vn 0.5270 -0.7698 0.3602
vn 0.5356 -0.2881 0.7938
vn -0.6757 -0.7171 0.1711
vn 0.8726 -0.1444 -0.4665
vn 0.5606 0.0371 -0.8273
vn -0.9769 0.1173 -0.1789
vn -0.4353 -0.8807 -0.1867
vn 0.8956 -0.1229 0.4275
vn 0.2126 -0.3364 -0.9174
vn 0.3501 -0.2827 0.8930
vn 0.4125 0.3878 0.8243
vn 0.7636 -0.6011 -0.2356
vn 0.3589 -0.9293 0.0873
vn 0.7094 -0.2326 0.6653
vn 0.9502 -0.2409 -0.1975
vn 0.6542 -0.7545 -0.0527
vn 0.9543 -0.0710 0.2902
vn 0.3990 0.6349 0.6616
vn 0.9978 0.0236 -0.0613
vn -0.3168 -0.9227 -0.2198
vn 0.8261 0.1215 0.5502
vn 0.4654 -0.7965 0.3860
vn 0.4860 0.0818 -0.8701
vn 0.7530 -0.6563 -0.0472
vn 0.8952 0.1097 -0.4320
vn 0.7510 -0.6226 0.2199
vn 0.1827 -0.2143 0.9595
vn 0.5640 -0.3779 0.7343
vn 0.5689 -0.2274 0.7903
vn 0.0225 -0.9213 0.3883
vn -0.8013 -0.0555 -0.5957
vn 0.8928 0.0405 0.4486
vn -0.7387 -0.6692 0.0800
vn 0.2154 -0.1332 0.9674
vn 0.6673 -0.4779 0.5713
vn 0.7748 -0.0445 0.6306
vn 0.1231 0.5730 0.8103
vn -0.2976 -0.9100 0.2887
vn -0.6022 -0.5114 -0.6130
vn -0.4780 -0.1182 0.8703
vn 0.3101 -0.7209 0.6198
vn -0.0315 -0.0589 0.9978
vn 0.1046 -0.9003 0.4224
vn 0.8702 -0.4298 -0.2409
vn 0.5351 -0.4453 -0.7179
vn -0.5274 -0.8374 -0.1438
vn 0.3285 -0.5998 0.7296
vn -0.2215 -0.1985 0.9547
vn -0.3909 0.4444 0.8061
vn -0.2365 -0.8022 0.5482
vn 0.9938 0.0397 0.1043
vn -0.3913 -0.1737 0.9037
vn -0.3393 -0.7880 0.5137
vn -0.9851 0.0740 -0.1554
vn -0.7234 -0.6809 0.1145
vn -0.5410 -0.4201 0.7286
vn 0.0354 -0.6319 0.7742
vn -0.8897 -0.2515 0.3811
vn 0.9329 -0.2383 0.2701
vn -0.3576 -0.1330 0.9244
vn 0.9683 -0.1341 -0.2106
vn -0.3711 0.0198 0.9284
vn -0.8106 -0.1369 -0.5694
vn 0.7750 -0.0444 0.6303
vn -0.6560 0.7442 0.1255
vn -0.9798 -0.0787 0.1837
vn -0.7364 0.4765 -0.4803
vn -0.9632 -0.1882 0.1921
vn -0.9807 -0.1140 -0.1590
vn -0.0968 -0.9729 0.2102
vn -0.9783 0.1127 -0.1738
vn -0.8595 -0.0011 0.5111
vn -0.5524 0.1289 -0.8235
vn -0.4445 -0.4955 -0.7462
vn 0.1093 -0.2308 -0.9669
vn -0.0054 -0.5566 -0.8307
vn 0.5802 -0.6569 -0.4814
vn -0.3891 -0.5260 -0.7562
vn -0.5784 -0.4177 -0.7007
vn -0.8805 0.2195 -0.4202
vn 0.1765 -0.4860 -0.8560
vn -0.8429 -0.1562 -0.5149
vn 0.7923 -0.4421 0.4204
vn -0.3077 -0.7104 -0.6330
vn -0.0873 -0.2722 -0.9583
vn 0.6884 -0.3068 -0.6572
vn -0.6216 0.1105 0.7755
vn -0.8930 0.4483 0.0405
vn 0.6846 -0.5346 -0.4955
vn -0.2475 -0.5654 0.7868
vn -0.5665 0.2202 -0.7941
vn 0.3681 -0.9283 -0.0520
vn 0.9496 -0.1276 -0.2862
vn 0.9542 -0.2264 -0.1954
vn -0.9208 -0.2626 0.2884
vn 0.2036 -0.9604 0.1901
vn -0.7063 -0.6175 0.3461
vn -0.9403 -0.1425 0.3090
vn 0.8234 0.4701 0.3178
vn 0.0293 -0.8791 -0.4757
vn 0.8574 0.4143 -0.3054
vn -0.6520 0.3776 -0.6575
vn -0.9905 -0.1140 0.0771
vn 0.0189 -0.9749 0.2220
vn 0.3764 -0.8438 0.3825
vn -0.8097 -0.1673 0.5625
vn -0.9068 0.3577 -0.2230
vn -0.8538 -0.3339 0.3995
vn 0.8818 -0.4530 0.1309
vn -0.5958 0.7884 -0.1531
vn -0.9644 -0.2146 -0.1549
vn -0.3224 -0.9109 0.2574
vn -0.8521 -0.1449 -0.5029
vn -0.9264 -0.2065 -0.3148
vn -0.8581 -0.2390 -0.4544
vn -0.2495 -0.1861 -0.9503
vn -0.9861 0.1262 0.1082
vn -0.7217 -0.1845 -0.6672
vn -0.7626 -0.3221 -0.5610
vn 0.8066 -0.2625 0.5295
vn -0.6849 -0.1667 0.7093
vn -0.3200 -0.9299 -0.1812
vn 0.5243 -0.7117 0.4676
vn -0.9191 -0.3666 0.1447
vn -0.7432 -0.0236 0.6687
vn 0.8311 -0.0310 0.5553
vn -0.0939 -0.9580 0.2708
vn -0.9444 0.3209 0.0719
vn -0.5990 -0.4670 -0.6505
vn -0.9723 -0.2023 0.1174
vn 0.7641 0.2560 0.5922
vn 0.7521 -0.2067 0.6258
vn -0.6006 -0.1403 -0.7872
vn 0.1510 -0.8386 -0.5234
vn 0.5193 -0.8503 0.0852
vn 0.0549 -0.9307 0.3616
vn 0.3488 0.0919 0.9327
vn -0.0328 -0.8425 0.5378
vn -0.4083 0.8249 0.3909
vn -0.8319 0.5510 0.0655
vn 0.5396 -0.4558 -0.7079
vn -0.2628 -0.0003 0.9648
vn -0.4004 0.7216 0.5648
vn -0.3110 -0.7846 -0.5364
vn -0.7571 0.6462 0.0958
vn 0.8613 -0.2271 -0.4545
vn -0.8352 0.5455 0.0696
vn -0.4939 0.6064 0.6231
vn -0.5137 0.7621 0.3940
vn -0.2665 0.0413 -0.9629
vn 0.8059 -0.5904 0.0441
vn 0.7371 0.1330 0.6626
vn 0.7200 0.1475 0.6781
vn 0.9461 -0.1641 -0.2793
vn -0.4939 -0.0909 0.8648
vn 0.4072 -0.1437 0.9020
vn -0.7222 0.6649 0.1906
vn 0.5474 -0.0229 0.8366
vn -0.5308 0.4962 0.6870
vn 0.5442 0.0431 0.8378
vn 0.9738 0.1239 0.1908
vn 0.1062 0.0167 0.9942
vn 0.5671 -0.4972 -0.6566
vn 0.5748 -0.2289 -0.7856
vn -0.5962 -0.5490 -0.5857
vn -0.7914 0.6096 0.0461
vn 0.8670 -0.2169 0.4486
vn -0.0467 0.3950 0.9175
vn 0.0735 -0.3387 0.9380
vn 0.9817 -0.1031 -0.1600
vn -0.8829 0.4493 0.1364
vn 0.9534 -0.2188 -0.2080
vn 0.4764 0.0726 0.8762
vn -0.8934 0.4339 -0.1165
vn 0.9955 -0.0948 0.0091
vn 0.5377 -0.1779 0.8241
vn 0.3385 0.0690 0.9384
vn -0.3273 0.3554 -0.8756
vn -0.6493 -0.3931 0.6511
vn 0.1714 -0.9676 0.1852
vn 0.5966 -0.6756 0.4331
vn 0.1342 -0.2082 -0.9688
vn 0.8310 -0.5107 0.2207
vn 0.1957 0.0120 -0.9806
vn -0.1457 -0.9659 0.2140
vn 0.2059 -0.9096 -0.3609
vn -0.5118 -0.1777 -0.8405
vn 0.0709 -0.9905 -0.1175
vn 0.8842 -0.4167 -0.2110
vn -0.9729 0.1597 -0.1675
vn -0.9689 0.2438 0.0424
vn -0.9225 -0.3051 0.2366
vn -0.6067 -0.7718 0.1903
vn -0.1264 -0.2203 -0.9672
vn -0.9210 -0.3579 -0.1540
vn 0.5118 -0.8476 -0.1403
vn -0.2260 0.4464 -0.8658
vn 0.0407 0.0033 0.9992
vn -0.1738 -0.9726 -0.1546
vn 0.2433 -0.3696 0.8968
vn -0.6425 -0.7317 0.2278
vn -0.2807 -0.8778 0.3882
vn -0.4617 0.8751 0.1448
vn 0.8965 -0.4409 -0.0435
vn 0.8568 -0.2223 0.4653
vn -0.0970 -0.9937 0.0563
vn -0.3864 0.5665 -0.7279
vn -0.7156 -0.5234 -0.4626
vn 0.7130 -0.6439 0.2776
vn -0.1781 -0.3723 0.9109
vn 0.6315 -0.3991 0.6648
vn 0.2048 -0.6857 -0.6985
vn -0.2103 -0.1497 0.9661
vn 0.8614 0.0430 0.5062
vn 0.9918 0.1065 0.0707
vn -0.4349 -0.7045 0.5608
vn 0.8715 -0.0189 0.4900
vn 0.3479 -0.4937 -0.7970
vn 0.2931 -0.1325 -0.9469
vn -0.9142 -0.0833 0.3967
vn 0.5111 -0.8336 0.2095
vn -0.2446 -0.8829 0.4008
vn -0.1847 0.0416 0.9819
vn 0.3141 -0.9471 0.0655
vn -0.0675 -0.1323 -0.9889
vn 0.0052 -0.7607 -0.6491
vn 0.7913 0.5576 -0.2509
vn 0.8868 -0.2006 0.4163
vn -0.9131 0.0470 -0.4050
vn -0.8534 -0.2495 0.4577
vn -0.2911 0.5966 0.7478
vn -0.9655 -0.0951 0.2424
vn 0.6254 -0.3039 -0.7187
vn -0.7405 -0.0937 -0.6655
vn -0.8016 -0.1037 0.5889
vn -0.6515 -0.7009 -0.2904
vn -0.7211 -0.2599 0.6422
vn 0.1208 -0.3703 -0.9210
vn 0.1008 -0.7651 -0.6360
vn 0.1543 -0.1874 0.9701
vn -0.5912 -0.3801 0.7114
vn -0.2564 -0.9356 0.2429
vn 0.6420 -0.7282 -0.2398
vn 0.6533 -0.3815 -0.6539
vn -0.3746 -0.0375 -0.9264
vn -0.0572 -0.9968 0.0556
vn -0.2913 -0.0331 -0.9561
vn 0.9828 -0.1821 -0.0320
vn 0.8013 0.5712 -0.1777
vn -0.0114 0.5068 -0.8620
vn -0.5353 -0.8289 -0.1623
vn 0.3070 -0.7168 -0.6260
vn -0.5462 0.3711 0.7509
vn 0.1216 -0.8813 -0.4567
vn -0.6537 -0.1072 0.7491
vn -0.6755 -0.7204 -0.1572
vn -0.4878 -0.2657 -0.8315
vn -0.8749 -0.1168 -0.4701
vn -0.5773 -0.2681 0.7713
vn 0.5359 -0.4092 -0.7385
vn -0.2196 -0.9268 -0.3048
vn -0.8883 -0.3184 -0.3310
vn 0.2497 -0.4581 -0.8531
vn 0.6452 -0.7639 0.0161
vn 0.6945 -0.2232 -0.6840
vn -0.4960 -0.5985 -0.6291
vn -0.1721 0.4481 -0.8772
vn 0.8862 -0.0393 0.4616
vn 0.5061 -0.1407 -0.8509
vn 0.7305 0.4678 -0.4974
vn 0.9159 0.3346 -0.2218
vn 0.9751 0.2115 -0.0666
vn -0.5970 -0.7793 0.1904
vn 0.9965 -0.0762 -0.0355
vn 0.5183 0.6725 -0.5283
vn 0.6745 -0.0248 -0.7379
vn -0.1008 0.8475 0.5212
vn 0.3287 0.9325 -0.1498
vn 0.0777 -0.6062 -0.7915
vn 0.2336 0.9520 0.1978
vn 0.4005 -0.3943 -0.8271
vn 0.0951 0.9693 0.2268
vn -0.0044 0.9955 0.0944
vn 0.8652 0.1051 0.4902
vn 0.9991 0.0235 0.0351
vn 0.4131 -0.5784 -0.7034
vn 0.9791 0.2030 0.0155
vn 0.0502 -0.8560 -0.5145
vn 0.6278 0.4536 -0.6326
vn 0.9751 0.0572 0.2145
vn 0.9232 0.3452 -0.1691
vn 0.9151 -0.2677 0.3015
vn -0.3421 -0.2567 -0.9039
vn 0.9992 0.0128 0.0366
vn 0.9586 -0.1243 0.2560
vn 0.6688 -0.6816 0.2970
vn 0.8717 -0.4433 0.2090
vn 0.9680 0.1925 0.1608
vn 0.1584 -0.8039 -0.5733
vn 0.8221 -0.4555 0.3415
vn 0.9433 -0.3303 0.0340
vn -0.8388 0.5263 -0.1393
vn -0.6506 -0.0059 -0.7594
vn -0.8007 0.5274 -0.2842
vn 0.9745 -0.0718 0.2124
vn -0.7421 0.6001 0.2987
vn 0.9168 -0.3944 0.0629
vn -0.0775 -0.9299 0.3595
vn 0.9806 0.1822 -0.0720
vn 0.3436 -0.9248 -0.1634
vn 0.9741 -0.0280 0.2243
vn 0.6847 -0.3431 -0.6430
vn 0.8366 0.2820 -0.4696
vn 0.8503 -0.3596 -0.3842
vn -0.5898 0.4265 -0.6857
vn 0.9251 -0.2799 0.2565
vn -0.7900 0.0534 0.6107
vn 0.3858 0.5660 -0.7286
vn 0.0293 0.7598 0.6494
vn 0.5267 0.7980 -0.2928
vn 0.4699 -0.8233 0.3184
vn 0.2786 -0.4437 0.8518
vn 0.9941 -0.0589 0.0913
vn 0.9527 -0.1883 -0.2387
vn -0.1518 -0.8067 -0.5711
vn 0.3206 -0.8089 -0.4929
vn 0.0956 -0.8458 -0.5249
vn -0.4623 0.0449 -0.8856
vn 0.9603 0.0757 0.2686
vn 0.5686 -0.7396 0.3601
vn -0.5209 0.3465 0.7802
vn -0.4847 -0.2807 -0.8284
vn 0.0960 0.4082 -0.9078
vn 0.4266 -0.6158 -0.6625
vn -0.9034 -0.1099 0.4144
vn -0.2605 -0.8530 -0.4523
vn -0.0740 -0.8526 -0.5174
vn 0.2609 -0.6650 -0.6998
vn 0.9417 -0.0796 0.3270
vn 0.8739 0.3864 -0.2948
vn -0.6699 0.7409 0.0480
vn 0.9729 0.0477 0.2264
vn 0.1969 0.6438 0.7394
vn 0.6657 -0.7447 -0.0467
vn 0.6511 -0.1292 0.7479
vn 0.2205 -0.9381 0.2672
vn 0.5391 -0.1329 0.8317
vn 0.3870 0.5988 0.7012
vn -0.9363 0.1697 0.3076
vn 0.8925 -0.0332 0.4499
vn -0.4749 0.4279 -0.7690
vn -0.7168 0.6875 0.1167
vn -0.8256 0.5453 -0.1451
vn -0.3712 -0.0102 0.9285
vn 0.7076 0.6992 0.1018
vn 0.5664 0.7399 -0.3628
vn -0.9143 0.2183 -0.3412
vn 0.9729 0.1493 -0.1765
vn -0.6918 0.6771 -0.2508
vn 0.4757 0.2682 0.8377
vn 0.2963 0.6141 0.7315
vn -0.9502 0.0516 0.3075
vn -0.8655 0.3915 -0.3124
vn -0.6049 0.2390 0.7596
vn 0.9086 -0.2177 -0.3564
vn 0.7957 -0.1302 0.5915
vn -0.6962 0.4568 -0.5538
vn -0.2036 0.9688 -0.1411
vn -0.1153 0.6953 0.7094
vn 0.7083 -0.6193 0.3387
vn 0.9589 -0.1161 0.2588
vn -0.1845 0.7668 -0.6148
vn -0.3012 0.7419 0.5990
vn -0.1551 -0.8204 -0.5503
vn 0.5962 -0.7977 0.0909
vn -0.0023 0.5226 0.8526
vn 0.8276 -0.5595 -0.0443
vn -0.9296 -0.1255 0.3466
vn 0.0320 0.7404 -0.6714
vn 0.7507 0.3906 -0.5328
vn 0.5024 0.8599 -0.0904
vn 0.7620 -0.5662 -0.3143
vn -0.5432 -0.0710 -0.8366
vn -0.0379 0.8161 0.5767
vn 0.8691 0.4863 -0.0907
vn -0.9725 -0.0998 -0.2105
vn -0.7898 -0.2048 -0.5782
vn 0.8637 0.4872 -0.1292
vn -0.4773 0.8546 0.2046
vn -0.1015 0.8490 0.5185
vn 0.0458 0.7697 0.6368
vn 0.4724 -0.7399 -0.4789
vn 0.0122 -0.6199 -0.7846
vn 0.1678 0.9801 -0.1064
vn 0.6110 0.4554 0.6475
vn 0.7953 0.4710 -0.3817
vn 0.9853 -0.0642 -0.1581
vn 0.0849 0.4061 -0.9099
vn 0.5573 0.5407 -0.6301
vn -0.9667 0.2195 -0.1318
vn -0.9160 -0.2316 -0.3276
vn 0.3601 -0.8119 0.4595
vn 0.5649 0.5398 -0.6241
vn 0.0074 0.9741 0.2260
vn -0.9776 0.1328 0.1631
vn 0.2334 0.2961 0.9262
vn 0.3213 0.1543 0.9343
vn -0.3588 0.1645 -0.9188
vn -0.1838 0.7575 0.6264
vn -0.8143 0.4427 -0.3753
vn 0.9193 -0.1686 0.3556
vn -0.1731 0.9469 0.2710
vn 0.8415 0.2286 -0.4895
vn 0.8186 0.5378 0.2015
vn -0.2555 -0.7483 -0.6122
vn -0.6828 0.0860 0.7256
vn -0.7987 0.6016 -0.0108
vn 0.6486 0.6952 -0.3099
vn 0.0111 -0.1665 -0.9860
vn 0.4671 0.8823 0.0578
vn 0.9103 0.3922 0.1324
vn -0.1383 0.9678 0.2103
vn 0.5523 0.4659 -0.6913
vn -0.9646 -0.2304 -0.1283
vn -0.2650 0.9436 -0.1984
vn -0.3618 0.6089 0.7060
vn 0.2243 0.8719 -0.4353
vn 0.8397 0.4554 -0.2959
vn -0.5355 -0.7242 -0.4345
vn 0.7499 0.5670 -0.3407
vn -0.0511 0.4806 0.8755
vn 0.1041 -0.7875 0.6075
vn -0.0078 0.8719 -0.4896
vn 0.8188 0.5627 0.1138
vn 0.9862 0.1618 0.0355
vn 0.2131 0.5058 0.8359
vn 0.8269 0.5273 0.1956
vn 0.8321 0.5454 -0.1007
vn -0.8268 0.2766 -0.4898
vn 0.9605 0.2021 -0.1915
vn 0.9002 0.3676 -0.2334
vn 0.9105 0.3840 -0.1531
vn -0.7387 0.3092 0.5989
vn 0.7408 0.6137 0.2731
vn 0.4090 -0.2069 -0.8888
vn -0.8734 -0.4833 0.0605
vn 0.6952 0.7180 0.0341
vn 0.6706 0.7399 0.0537
vn -0.5520 0.8165 0.1692
vn 0.9786 0.1993 0.0513
vn 0.9566 -0.2913 0.0113
vn 0.8569 0.4589 0.2346
vn -0.2257 -0.9485 -0.2221
vn 0.1391 -0.9035 -0.4055
vn 0.5061 0.8339 0.2200
vn -0.7841 -0.5947 -0.1775
vn 0.6703 0.7034 0.2366
vn 0.4629 0.8557 0.2314
vn -0.0966 0.8656 0.4914
vn 0.2557 0.8678 0.4261
vn -0.0010 -0.9348 0.3551
vn -0.3029 -0.9431 0.1370
vn -0.6576 0.4858 -0.5758
vn 0.7727 0.6337 0.0368
vn -0.4160 0.3018 -0.8578
vn 0.8779 0.4761 0.0505
vn 0.9299 0.3568 0.0897
vn -0.4649 -0.8851 0.0215
vn 0.0836 -0.9228 -0.3761
vn 0.7413 0.6581 0.1320
vn 0.7753 0.6260 0.0835
vn -0.9586 0.1342 0.2512
vn 0.0008 0.9087 0.4176
vn -0.0074 0.5562 0.8310
vn -0.7163 0.2362 0.6566
vn -0.9051 -0.3404 -0.2549
vn -0.8853 -0.1579 0.4374
vn -0.3390 0.6435 0.6863
vn -0.5428 0.7294 0.4164
vn -0.3189 0.8737 0.3675
vn 0.8783 -0.4759 -0.0462
vn 0.6468 -0.6827 -0.3400
vn 0.8330 0.5512 0.0485
vn 0.1450 0.6158 0.7744
vn -0.5260 -0.1776 -0.8317
vn -0.3984 -0.4626 0.7920
vn -0.5624 0.0120 0.8268
vn 0.3612 -0.9212 -0.1450
vn 0.2067 0.8816 0.4244
vn -0.9203 0.0331 0.3899
vn 0.4634 0.1346 -0.8758
vn -0.8289 0.5418 0.1391
vn -0.4499 0.1116 0.8861
vn -0.7216 -0.5743 0.3865
vn -0.7797 0.6210 0.0795
vn 0.8332 -0.5324 0.1493
vn 0.2144 0.9578 -0.1913
vn -0.4322 -0.2737 0.8593
vn 0.6669 0.2138 -0.7138
vn 0.4448 0.3662 0.8173
vn -0.4617 -0.3110 0.8307
vn 0.3405 0.5615 0.7542
vn -0.6180 0.7719 0.1491
vn 0.9638 0.0908 -0.2506
vn 0.5530 -0.8243 -0.1213
vn 0.5173 -0.7513 0.4099
vn -0.3148 -0.9477 -0.0523
vn -0.2416 -0.7893 0.5645
vn 0.1265 -0.9101 -0.3945
vn -0.8945 -0.4365 0.0964
vn 0.4783 -0.8170 -0.3220
vn 0.9597 -0.2769 0.0476
vn 0.7057 0.6835 0.1869
vn -0.6055 -0.1978 -0.7709
vn 0.8915 0.4437 0.0915
vn -0.0956 0.9857 0.1390
vn 0.5018 0.5194 0.6916
vn 0.8088 -0.4531 0.3749
vn 0.6676 -0.7331 0.1301
vn 0.9887 -0.0565 0.1389
vn 0.1045 -0.5481 -0.8299
vn 0.7078 0.5178 0.4805
vn 0.7605 0.0548 0.6470
vn -0.1432 -0.6262 0.7664
vn 0.9789 -0.1807 -0.0950
vn -0.3333 -0.9425 0.0227
vn -0.4218 -0.0528 -0.9051
vn -0.4738 0.6341 -0.6111
vn 0.9892 -0.1126 0.0935
vn 0.9881 -0.1454 0.0500
vn 0.6690 0.7181 0.1918
vn 0.2631 -0.9578 -0.1155
vn 0.3650 -0.9134 0.1805
vn 0.9731 0.2152 0.0827
vn 0.9879 -0.1327 0.0806
vn -0.1358 0.9865 0.0910
vn 0.9622 0.2661 -0.0578
vn 0.9974 -0.0476 0.0538
vn 0.3944 -0.8581 0.3288
vn 0.9469 0.2903 -0.1381
vn -0.9937 -0.0751 0.0831
vn -0.2206 0.7626 0.6081
vn 0.9031 0.4247 -0.0637
vn -0.7087 0.6350 0.3076
vn 0.5445 -0.8380 0.0360
vn 0.9958 0.0684 0.0608
vn -0.3156 -0.9222 -0.2233
vn 0.8878 0.4534 -0.0786
vn 0.9263 0.3754 0.0310
vn -0.8964 0.3357 -0.2895
vn 0.9075 0.4165 0.0555
vn 0.6764 0.7336 0.0656
vn 0.9009 0.1385 0.4114
vn 0.8256 0.5521 0.1159
vn 0.9576 -0.0936 -0.2725
vn -0.2318 -0.9086 -0.3474
vn 0.5734 -0.8186 -0.0344
vn 0.9983 0.0242 0.0525
vn 0.9935 0.0923 -0.0672
vn 0.1882 0.8989 0.3958
vn 0.4148 -0.1418 -0.8988
vn 0.6830 0.1827 -0.7072
vn 0.5117 0.2403 -0.8249
vn 0.2718 0.9613 0.0459
vn 0.6743 0.7259 0.1359
vn -0.1056 -0.7630 -0.6378
vn -0.8213 0.5605 0.1061
vn 0.3728 0.6574 -0.6549
vn 0.1877 0.8985 0.3968
vn -0.8729 -0.3804 0.3056
vn 0.9358 -0.2528 -0.2457
vn -0.4416 -0.1757 -0.8799
vn 0.9328 0.3553 0.0606
vn 0.3283 -0.3066 -0.8934
vn 0.8996 0.4234 0.1071
vn 0.7436 0.6473 0.1674
vn 0.8850 0.1375 -0.4449
vn 0.8280 -0.5591 -0.0421
vn 0.5900 0.7989 0.1172
vn 0.4872 0.0230 -0.8730
vn 0.7077 0.5175 0.4810
vn 0.9540 0.1386 -0.2657
vn 0.3348 -0.0384 -0.9415
vn 0.5694 0.7333 0.3714
vn 0.1566 0.0054 0.9876
vn -0.0679 -0.2670 0.9613
vn 0.6644 0.2425 0.7069
vn 0.2019 -0.9176 0.3424
vn 0.2686 0.9580 0.1002
vn -0.4774 -0.6979 0.5339
vn 0.6397 0.6916 0.3353
vn 0.5508 0.7571 0.3513
vn 0.6918 0.7134 0.1116
vn 0.3281 -0.1022 0.9391
vn 0.6191 0.7525 0.2244
vn -0.3685 0.8320 0.4147
vn 0.7101 -0.6106 0.3505
vn 0.2121 -0.1611 0.9639
vn 0.8264 0.4909 -0.2758
vn 0.8795 0.2728 -0.3899
vn 0.7396 -0.3113 -0.5967
vn 0.1867 0.8866 0.4232
vn 0.7190 -0.5145 -0.4673
vn 0.9957 -0.0541 -0.0758
vn 0.1385 0.9081 0.3952
vn -0.9630 0.2646 -0.0510
vn 0.9733 0.1140 -0.1994
vn 0.8793 0.4595 -0.1255
vn -0.4291 0.8368 0.3401
vn 0.4566 0.8842 0.0986
vn 0.8189 0.5381 0.1996
vn -0.4686 0.0507 0.8820
vn 0.4969 0.8550 0.1486
vn -0.7803 -0.2570 0.5702
vn -0.8906 -0.3332 0.3094
vn 0.9926 -0.0510 0.1103
vn -0.0568 -0.3533 0.9338
vn 0.5290 -0.5872 0.6126
vn 0.0545 0.3916 -0.9185
vn 0.6274 -0.1752 0.7588
vn 0.6118 -0.1451 -0.7776
vn -0.8960 -0.4018 0.1889
vn 0.7491 0.6121 0.2533
vn 0.7185 0.6567 0.2290
vn 0.1140 0.9911 0.0689
vn 0.9916 -0.0908 0.0920
vn 0.8214 0.5123 -0.2506
vn -0.6316 -0.7734 0.0548
vn 0.9927 0.0564 -0.1062
vn 0.8844 -0.2037 0.4198
vn 0.9390 -0.3412 0.0438
vn 0.3117 0.4373 -0.8436
vn 0.8790 0.4426 -0.1773
vn -0.4541 0.8895 0.0505
vn -0.9720 -0.0948 0.2151
vn 0.7978 -0.0473 0.6010
vn 0.5260 0.8438 -0.1063
vn 0.7820 0.5351 -0.3196
vn 0.9730 -0.2052 0.1057
vn 0.3623 0.8330 -0.4181
vn 0.2715 -0.7145 -0.6447
vn 0.1414 -0.5836 -0.7996
vn 0.9050 -0.4137 -0.0988
vn -0.3793 0.4453 0.8111
vn 0.9661 0.2336 0.1099
vn 0.8087 0.5731 0.1327
vn 0.9057 -0.4209 0.0511
vn 0.8638 -0.5038 -0.0087
vn 0.9994 -0.0060 -0.0340
vn 0.9968 -0.0439 0.0667
vn 0.9548 -0.2910 0.0603
vn 0.9623 -0.2584 0.0851
vn 0.9819 -0.1741 0.0748
vn 0.9137 0.3948 -0.0964
vn 0.9797 -0.1923 0.0568
vn -0.8021 -0.4571 -0.3843
vn 0.4072 -0.9124 0.0408
vn 0.3978 -0.9175 -0.0048
vn 0.9829 -0.0704 -0.1701
vn 0.9938 -0.0558 0.0957
vn 0.1057 0.9376 0.3312
vn 0.3890 0.1544 -0.9082
vn 0.7507 0.6566 0.0728
vn 0.9985 -0.0543 0.0033
vn -0.0160 -0.4706 -0.8822
vn 0.9004 0.4333 0.0406
vn 0.5574 0.4393 0.7045
vn -0.4530 0.7713 -0.4470
vn 0.6937 -0.3387 -0.6357
vn 0.1787 -0.9454 0.2725
vn 0.9869 0.0804 0.1400
vn 0.9812 0.1826 0.0626
vn 0.6324 0.2243 -0.7415
vn -0.9957 -0.0815 0.0436
vn 0.9812 0.0728 0.1789
vn 0.9997 -0.0184 -0.0179
vn -0.9263 -0.1249 0.3555
vn -0.5443 -0.2037 -0.8138
vn -0.3568 -0.2542 -0.8989
vn 0.8668 0.1072 0.4870
vn -0.7256 0.2927 0.6228
vn -0.6721 -0.6094 -0.4205
vn -0.4780 0.0762 -0.8751
vn 0.0296 -0.9855 0.1669
vn 0.8711 0.3220 0.3709
vn 0.7768 0.2686 0.5696
vn 0.9972 0.0686 0.0305
vn 0.8232 -0.3030 0.4802
vn 0.2649 -0.1200 0.9568
vn 0.9971 0.0140 0.0745
vn -0.0850 -0.7221 -0.6865
vn 0.9905 -0.0287 0.1345
vn 0.9921 -0.0910 -0.0860
vn -0.0776 0.6648 0.7430
vn 0.6217 0.0917 0.7778
vn 0.9953 -0.0927 -0.0293
vn 0.4765 0.0725 0.8762
vn 0.8915 0.4445 0.0870
vn 0.6168 0.3726 0.6933
vn 0.1166 -0.7943 -0.5962
vn 0.8797 0.0239 0.4749
vn 0.5398 -0.8331 0.1210
vn -0.9000 -0.1387 0.4131
vn -0.5948 -0.5007 0.6289
vn 0.9196 -0.0248 -0.3921
vn 0.5674 -0.7855 -0.2470
vn 0.4374 -0.0246 0.8989
vn 0.6724 0.4364 0.5979
vn -0.8262 0.3439 -0.4462
vn 0.3689 -0.8251 -0.4279
vn 0.5915 -0.8030 0.0726
vn 0.9323 -0.0408 -0.3593
vn 0.2364 -0.9714 -0.0235
vn 0.9897 -0.1115 0.0894
vn 0.9974 -0.0372 0.0616
vn 0.4293 0.0732 0.9002
vn -0.4604 -0.8612 0.2153
vn 0.9376 -0.2026 -0.2826
vn -0.6975 -0.6900 0.1935
vn 0.7064 -0.6433 -0.2952
vn 0.7832 -0.2879 -0.5511
vn 0.0111 0.3420 0.9396
vn -0.1318 -0.9321 -0.3374
vn -0.5891 -0.4409 -0.6772
vn 0.8787 0.4584 0.1332
vn 0.7326 -0.2178 -0.6449
vn 0.6204 -0.1913 -0.7606
vn -0.2466 0.3839 -0.8898
vn 0.4778 -0.7874 -0.3894
vn 0.8672 0.4778 0.1399
vn 0.7271 -0.6849 0.0472
vn -0.6567 -0.6580 0.3686
vn 0.8316 0.5069 0.2270
vn -0.9274 0.2658 -0.2634
vn -0.9948 0.0257 0.0987
vn 0.8755 -0.1569 -0.4570
vn 0.9666 0.0030 0.2564
vn 0.7029 -0.6027 -0.3778
vn 0.8358 0.5433 -0.0788
vn 0.5071 0.0973 0.8564
vn 0.4283 0.3661 0.8261
vn 0.9913 0.0571 -0.1185
vn -0.9550 -0.2678 -0.1279
vn -0.9770 0.2096 0.0397
vn -0.8747 0.4812 -0.0574
vn 0.4767 0.8788 0.0208
vn 0.8721 0.4878 0.0376
vn 0.8465 -0.4050 0.3455
vn 0.6814 0.7243 0.1050
vn 0.1982 0.8916 0.4072
vn -0.8475 0.1791 0.4997
vn 0.3737 0.8765 0.3034
vn -0.6834 0.7087 -0.1752
vn -0.0080 0.9646 0.2635
vn -0.6905 0.6338 -0.3486
vn -0.8118 0.2662 -0.5197
vn 0.7896 -0.6134 -0.0164
vn 0.9723 0.2201 0.0789
vn -0.3510 -0.1746 -0.9199
vn 0.7899 0.4916 -0.3665
vn 0.8864 0.1885 -0.4228
vn 0.9271 -0.1282 -0.3523
vn 0.9440 0.3059 -0.1239
vn 0.9451 0.1689 -0.2798
vn 0.8219 0.4959 -0.2804
vn 0.8361 0.3624 -0.4118
vn -0.9032 -0.4266 0.0479
vn 0.9691 0.2410 0.0517
vn 0.9404 0.3384 -0.0338
vn 0.4088 0.6619 0.6283
vn 0.9936 0.0452 -0.1033
vn 0.8234 0.5300 0.2028
vn -0.5243 -0.4585 0.7176
vn -0.6163 -0.2040 0.7606
vn 0.9696 -0.2075 0.1299
vn 0.1691 -0.5698 -0.8042
vn 0.5576 0.8282 0.0559
vn -0.1604 -0.9652 0.2063
vn 0.7909 0.5789 0.1984
vn -0.9070 0.0961 -0.4100
vn 0.9656 0.2364 0.1087
vn 0.1709 0.4196 -0.8915
vn -0.3383 -0.9295 -0.1470
vn 0.2821 -0.9201 -0.2717
vn -0.9123 0.1525 0.3802
vn 0.4020 -0.7065 -0.5825
vn 0.7974 0.6000 0.0642
vn 0.9963 -0.0236 0.0830
vn 0.9972 0.0398 0.0636
vn -0.2248 -0.4855 -0.8449
vn -0.5171 0.4989 0.6955
vn 0.9987 0.0187 0.0469
vn 0.2677 -0.1960 -0.9434
vn 0.9390 -0.2459 0.2403
vn 0.0437 0.8768 -0.4789
vn 0.5757 -0.5313 -0.6215
vn 0.9266 0.2391 -0.2903
vn 0.3669 0.8553 0.3659
vn 0.3517 -0.8627 -0.3633
vn 0.9153 -0.4026 0.0090
vn -0.6075 -0.7357 0.2994
vn 0.3956 -0.9135 -0.0949
vn -0.9936 -0.0325 -0.1085
vn 0.7952 0.5823 0.1694
vn -0.9462 0.0327 -0.3220
vn 0.7677 0.4223 0.4820
vn 0.5551 -0.5126 0.6550
vn -0.9945 0.0197 0.1031
vn -0.3746 -0.4317 -0.8205
vn 0.9727 0.2280 0.0426
vn 0.6276 -0.7560 0.1862
vn 0.1952 -0.0634 -0.9787
vn 0.9479 -0.1591 0.2759
vn 0.2080 -0.4456 -0.8707
vn 0.8510 -0.5243 0.0296
vn 0.7832 -0.6209 -0.0320
vn 0.9660 -0.2477 0.0739
vn 0.1971 0.9772 0.0785
vn 0.1557 0.0537 0.9863
vn 0.5918 -0.7786 -0.2085
vn 0.8293 0.3681 -0.4205
vn 0.8575 0.2867 -0.4272
vn 0.9870 -0.1438 0.0723
vn 0.8574 -0.5144 0.0155
vn 0.9037 0.4269 0.0335
vn 0.8407 0.4545 -0.2943
vn 0.0052 0.0854 -0.9963
vn -0.0078 0.0099 -0.9999
vn 0.3334 0.0187 -0.9426
vn 0.4987 0.8650 0.0551
vn 0.9754 0.0141 -0.2198
vn 0.9120 0.3776 -0.1599
vn 0.8524 0.4219 -0.3090
vn 0.9485 0.0808 0.3063
vn 0.3652 -0.9009 0.2345
vn 0.9946 0.0431 0.0947
vn 0.9877 -0.0798 0.1346
vn 0.9984 -0.0540 -0.0159
vn 0.9375 0.3451 0.0460
vn 0.9856 -0.1000 0.1364
vn 0.0179 0.9735 0.2281
vn 0.8514 0.4272 -0.3044
vn 0.9967 0.0565 -0.0585
vn 0.0198 -0.9992 0.0342
vn 0.1813 -0.6124 -0.7695
vn 0.6912 0.4610 -0.5565
vn 0.8494 0.5011 -0.1657
vn -0.9072 -0.1629 -0.3879
vn 0.3719 0.4326 0.8213
vn 0.7133 0.6986 -0.0556
vn 0.9351 0.1714 -0.3102
vn 0.9557 -0.1528 0.2515
vn 0.9229 -0.0664 0.3794
vn -0.4939 -0.2265 -0.8395
vn 0.7279 -0.6401 -0.2459
vn 0.9995 -0.0305 -0.0094
vn 0.8892 0.0858 -0.4494
vn -0.0690 0.1788 -0.9815
vn 0.7514 -0.4933 -0.4382
vn 0.4545 -0.8893 0.0510
vn 0.4855 0.0864 -0.8699
vn 0.4029 -0.8893 0.2163
vn -0.8283 -0.5353 0.1654
vn 0.9557 0.1571 -0.2491
vn -0.4160 -0.0433 0.9083
vn 0.4180 0.0004 0.9085
vn -0.3284 -0.8414 0.4292
vn 0.9572 -0.2536 -0.1393
vn -0.8516 -0.0894 0.5165
vn -0.2566 -0.1185 0.9592
vn -0.5652 -0.1011 0.8188
vn -0.2650 -0.9200 -0.2886
vn -0.3826 -0.3318 0.8623
vn -0.9320 -0.3066 0.1935
vn 0.2068 -0.5950 0.7767
vn 0.5061 0.7926 -0.3401
vn -0.9772 0.1980 -0.0761
vn -0.6703 -0.3838 -0.6352
vn 0.5036 -0.8394 0.2046
vn -0.7439 0.0027 0.6683
vn 0.9986 -0.0012 0.0521
vn -0.0832 -0.0702 0.9941
vn 0.7373 -0.3726 0.5636
vn 0.6768 0.0463 0.7347
vn -0.8916 -0.4119 0.1884
vn 0.7814 0.6230 0.0354
vn -0.5601 -0.4434 -0.6998
vn -0.6105 -0.1700 -0.7736
vn 0.0318 -0.9836 -0.1773
vn 0.3521 0.0118 0.9359
vn 0.1736 -0.9817 0.0786
vn 0.9959 -0.0877 -0.0234
vn 0.9988 -0.0148 -0.0463
vn -0.4005 -0.9162 0.0114
vn 0.6136 -0.7339 0.2915
vn 0.6270 0.1423 0.7659
vn 0.1893 0.0249 0.9816
vn 0.7006 -0.2679 -0.6613
vn -0.2482 -0.9503 -0.1877
vn 0.9428 0.2270 -0.2443
vn 0.0905 -0.9907 0.1016
vn 0.6468 0.1470 -0.7484
vn 0.6318 -0.7466 -0.2084
vn 0.1736 -0.7528 -0.6350
vn 0.9053 -0.1557 -0.3952
vn -0.9963 -0.0685 0.0516
vn 0.7339 0.4871 -0.4734
vn 0.8952 0.1598 -0.4161
vn 0.4893 0.1087 -0.8653
vn 0.3478 -0.1008 -0.9321
vn 0.7837 0.3983 -0.4767
vn -0.9491 -0.0682 0.3074
vn 0.9650 -0.2597 0.0356
vn 0.9392 0.1014 -0.3279
vn -0.1903 -0.8683 -0.4581
vn 0.1954 -0.7328 -0.6518
vn 0.3635 0.1487 -0.9196
vn 0.3059 -0.1756 -0.9357
vn 0.8253 -0.5645 0.0179
vn 0.4636 0.0852 0.8819
vn 0.4038 0.0178 -0.9147
vn 0.6136 -0.1826 -0.7682
vn 0.3293 -0.4457 -0.8324
vn 0.6422 0.3374 -0.6883
vn 0.6083 0.0886 -0.7887
vn 0.7770 0.4690 -0.4199
vn -0.3393 0.9401 0.0339
vn 0.4644 -0.0757 -0.8824
vn 0.9232 0.2828 -0.2604
vn 0.9837 0.1478 0.1021
vn 0.9696 0.2341 -0.0708
vn 0.4262 -0.8339 -0.3507
vn -0.5807 0.1389 0.8022
vn 0.9987 0.0184 0.0465
vn 0.5126 -0.6436 -0.5684
vn 0.9747 0.1094 -0.1951
vn 0.0188 -0.0741 -0.9971
vn 0.0819 0.5257 -0.8467
vn 0.5615 0.0706 -0.8245
vn 0.0544 -0.8169 0.5742
vn 0.2476 -0.8959 0.3688
vn 0.0110 -0.1974 -0.9803
vn -0.8268 -0.0805 0.5566
vn 0.9382 0.1784 0.2965
vn 0.6930 -0.0356 -0.7200
vn -0.9795 -0.0091 0.2011
vn 0.2247 0.0532 -0.9730
vn 0.7728 -0.5576 -0.3032
vn 0.6057 0.1378 -0.7836
vn 0.5214 0.0442 -0.8522
vn 0.9267 0.2396 -0.2894
vn 0.6202 -0.4017 0.6738
vn 0.8663 0.3252 -0.3792
vn -0.6558 -0.2909 -0.6966
vn 0.8577 0.2325 -0.4586
vn 0.2051 -0.1675 -0.9643
vn -0.2693 -0.9504 0.1554
vn -0.5166 -0.3257 0.7919
vn 0.9826 -0.1306 0.1318
vn 0.2059 -0.1675 -0.9641
vn -0.4390 -0.2975 -0.8478
vn 0.7570 0.2761 -0.5922
vn -0.7875 -0.1574 -0.5959
vn 0.7935 -0.3691 -0.4838
vn 0.9598 0.2772 -0.0449
vn -0.2611 -0.8051 0.5326
vn -0.3474 -0.5581 0.7536
vn -0.1001 0.4107 -0.9063
vn 0.9557 0.1568 -0.2490
vn -0.0848 0.9920 0.0931
vn -0.0873 -0.5138 -0.8534
vn -0.4900 0.0086 -0.8717
vn 0.3695 -0.8752 -0.3122
vn 0.0009 0.5197 -0.8543
vn 0.2066 0.4022 -0.8919
vn -0.1478 -0.9573 -0.2485
vn 0.0257 -0.8685 -0.4951
vn 0.9359 0.3455 0.0681
vn 0.4630 -0.8800 0.1056
vn -0.5747 -0.8008 0.1686
vn 0.8933 -0.4473 0.0435
vn 0.9143 -0.3996 0.0667
vn 0.3456 -0.2262 -0.9107
vn 0.1773 0.4237 -0.8883
vn 0.7936 -0.1719 -0.5837
vn 0.2365 -0.9655 -0.1089
vn 0.4732 -0.8801 -0.0387
vn -0.4174 -0.0062 0.9087
vn 0.4218 -0.9054 0.0473
vn -0.4107 0.0751 0.9087
vn 0.1404 -0.9850 -0.1007
vn -0.4981 -0.2939 0.8158
vn 0.3217 -0.2870 -0.9023
vn -0.5625 0.1121 0.8192
vn -0.6569 -0.2935 -0.6945
vn 0.4414 -0.7283 -0.5242
vn 0.8761 0.4630 0.1346
vn 0.1874 -0.1386 0.9724
vn -0.6361 -0.6413 0.4290
vn 0.1593 -0.4099 0.8981
vn 0.7625 -0.1401 -0.6316
vn 0.0823 0.0647 0.9945
vn 0.5685 -0.7399 0.3597
vn -0.2027 -0.6922 0.6927
vn 0.1807 0.5230 -0.8330
vn 0.6924 -0.6254 0.3598
vn 0.9716 -0.0108 -0.2363
vn -0.6767 -0.7290 -0.1031
vn 0.5624 0.0053 0.8269
vn 0.9152 0.3110 0.2563
vn 0.0287 -0.9795 0.1993
vn 0.0057 -0.9862 -0.1652
vn 0.6575 -0.7092 0.2546
vn 0.9833 -0.1755 -0.0475
vn -0.9159 0.3471 0.2016
vn 0.0719 -0.2730 0.9593
vn 0.4304 -0.7883 -0.4397
vn -0.8126 -0.2264 0.5370
vn -0.1675 -0.9822 -0.0845
vn 0.6762 -0.7315 -0.0875
vn 0.3623 0.3354 0.8696
vn -0.2784 -0.2052 0.9383
vn 0.9726 -0.2321 -0.0088
vn 0.3867 -0.9196 -0.0699
vn 0.0533 0.7915 0.6088
vn -0.4163 -0.0046 0.9092
vn -0.3163 -0.8911 -0.3254
vn -0.6215 -0.3887 0.6802
vn -0.1193 -0.0078 0.9928
vn 0.3042 -0.7070 0.6384
vn 0.7511 -0.2059 0.6272
vn 0.9820 -0.0748 -0.1734
vn 0.3771 -0.8288 0.4134
vn -0.4795 0.8254 0.2979
vn 0.1818 -0.4762 0.8603
vn 0.0098 -0.9883 0.1525
vn -0.4575 -0.0364 0.8884
vn -0.7235 0.3722 0.5814
vn 0.9958 -0.0126 -0.0906
vn -0.7063 -0.2032 -0.6781
vn -0.5012 -0.8587 -0.1071
vn 0.4101 0.2119 0.8871
vn -0.1514 -0.9372 -0.3142
vn -0.1158 -0.9775 -0.1765
vn 0.3731 -0.8835 0.2831
vn -0.5615 -0.8247 -0.0683
vn -0.1837 -0.6660 -0.7230
vn -0.9644 0.2639 -0.0157
vn -0.5420 -0.2145 0.8125
vn -0.8815 -0.0083 -0.4721
vn -0.4174 -0.1566 -0.8951
vn 0.2133 0.0363 -0.9763
vn -0.1959 -0.9802 0.0298
vn 0.3041 -0.5904 -0.7476
vn -0.5924 0.5836 -0.5554
vn -0.3870 -0.0757 -0.9190
vn -0.7626 -0.5645 -0.3159
vn -0.7534 -0.0318 -0.6568
vn -0.9338 0.2931 -0.2054
vn -0.7624 -0.5469 -0.3460
vn -0.9660 -0.2546 0.0448
vn 0.1951 0.1448 0.9700
vn -0.6406 -0.7170 -0.2748
vn -0.9558 -0.2683 0.1202
vn -0.6284 0.7702 0.1091
vn -0.1791 0.6868 0.7044
vn 0.5631 -0.3663 0.7407
vn 0.4014 0.5468 0.7347
vn -0.7090 -0.1954 0.6776
vn -0.0422 0.9173 -0.3960
vn -0.5228 0.5872 0.6179
vn -0.5532 0.5161 0.6539
vn -0.2708 0.5878 0.7623
vn -0.5603 -0.2751 0.7813
vn -0.1256 0.5711 -0.8112
vn 0.1313 -0.9011 -0.4132
vn -0.0666 -0.7610 -0.6453
vn 0.8276 -0.5514 0.1052
vn -0.0908 -0.8368 -0.5400
vn -0.7191 -0.4899 -0.4928
vn -0.2474 -0.5991 -0.7615
vn -0.9841 0.1683 0.0572
vn -0.9700 -0.0929 0.2247
vn -0.5021 0.2971 -0.8122
vn 0.6447 -0.7517 0.1392
vn 0.0768 -0.1394 0.9873
vn -0.4265 -0.8950 0.1304
vn 0.9514 0.2815 -0.1253
vn -0.1108 -0.9925 -0.0515
vn -0.4655 0.1074 -0.8785
vn 0.8786 0.1947 -0.4360
vn 0.4937 -0.8675 -0.0614
vn 0.9793 0.0834 0.1842
vn -0.1860 -0.5766 -0.7956
vn -0.4268 -0.1025 -0.8985
vn 0.2995 -0.1690 -0.9390
vn 0.7235 -0.2742 -0.6336
vn 0.0135 -0.1907 -0.9816
vn -0.5426 -0.7640 -0.3492
vn 0.4553 -0.3952 -0.7978
vn -0.1073 -0.6850 -0.7206
vn -0.0953 -0.6964 -0.7113
vn 0.8288 -0.3959 0.3955
vn 0.6122 -0.5562 -0.5620
vn -0.3163 -0.3029 -0.8990
vn -0.6268 -0.5172 -0.5828
vn -0.1915 -0.2418 -0.9512
vn -0.5686 -0.5694 0.5937
vn 0.5529 -0.5702 -0.6076
vn -0.9316 -0.1902 -0.3096
vn -0.7724 -0.2277 -0.5929
vn -0.3754 -0.6095 0.6983
vn -0.9776 0.0036 0.2103
vn 0.3803 -0.3839 0.8414
vn 0.0509 -0.7742 0.6310
vn 0.9921 0.0878 0.0899
vn -0.6405 0.5061 -0.5776
vn -0.2210 0.5550 -0.8020
vn -0.4552 0.4429 -0.7724
vn -0.9194 0.1780 0.3507
vn 0.2871 -0.9571 0.0393
vn -0.7439 0.6599 -0.1055
vn 0.8394 -0.3377 -0.4258
vn 0.5646 0.5084 0.6502
vn -0.9854 0.0374 -0.1660
vn -0.2280 0.2953 0.9278
vn 0.5758 0.1071 0.8105
vn 0.0774 0.9960 0.0438
vn -0.9322 0.2430 0.2681
vn 0.7418 -0.3679 -0.5608
vn 0.4284 -0.8685 -0.2493
vn 0.3468 -0.6104 -0.7122
vn 0.8228 -0.3713 0.4304
vn 0.0002 -0.8436 0.5369
vn 0.9563 -0.1490 -0.2516
vn 0.5483 -0.0721 -0.8332
vn 0.8921 -0.0475 0.4494
vn -0.5576 0.8279 0.0598
vn -0.7590 -0.4192 -0.4982
vn -0.1331 0.8996 0.4160
vn 0.4378 -0.8922 0.1109
vn 0.2492 -0.4173 -0.8739
vn 0.9282 -0.2692 0.2568
vn -0.6512 -0.3783 0.6579
vn 0.2276 -0.1131 0.9672
vn 0.1658 -0.1054 0.9805
vn -0.8915 -0.4451 -0.0844
vn -0.3977 0.4981 0.7705
vn -0.0465 0.9987 0.0217
vn 0.8297 -0.3446 -0.4392
vn 0.7243 -0.1357 -0.6760
vn 0.3927 -0.5092 0.7658
vn 0.8840 0.3868 -0.2626
vn 0.1239 -0.1881 0.9743
vn -0.8314 0.1023 0.5462
vn -0.4342 0.3823 -0.8157
vn -0.9849 0.1700 -0.0325
vn -0.7079 -0.1727 0.6849
vn -0.2377 0.0305 0.9709
vn 0.3976 0.9021 0.1675
vn 0.9788 0.1350 0.1543
vn 0.7034 -0.7108 0.0106
vn 0.9739 0.2211 0.0510
vn 0.9773 -0.1568 -0.1421
vn -0.3411 0.8469 0.4079
vn 0.9897 -0.0309 0.1400
vn 0.7072 -0.3168 -0.6321
vn -0.0253 0.6218 0.7828
vn 0.2185 0.5098 -0.8321
vn 0.5821 -0.2373 -0.7777
vn -0.8266 -0.1979 -0.5269
vn 0.1028 0.9947 -0.0058
vn 0.5385 -0.1019 0.8365
vn 0.4980 0.2524 -0.8297
vn -0.1337 -0.9160 0.3783
vn -0.8972 -0.0818 -0.4340
vn 0.6599 0.5222 -0.5402
vn 0.0568 0.9389 0.3396
vn 0.3087 -0.7345 -0.6043
vn 0.3771 -0.2902 -0.8795
vn -0.0099 0.4161 0.9092
vn 0.5145 -0.5329 0.6718
vn 0.1329 0.6156 -0.7768
vn 0.4980 -0.7793 0.3803
vn 0.3356 0.0798 -0.9386
vn 0.9115 -0.3296 -0.2461
vn 0.8959 0.3920 0.2091
vn -0.9544 -0.1963 0.2248
vn -0.9637 -0.1804 0.1969
vn 0.6099 0.7566 0.2357
vn -0.6105 -0.2201 0.7608
vn 0.2367 0.6458 0.7259
vn 0.3522 -0.7827 0.5132
vn 0.1684 0.9574 -0.2345
vn 0.0629 0.1459 0.9873
vn -0.9363 -0.3509 -0.0138
vn -0.8193 -0.2574 -0.5124
vn -0.9942 -0.0970 0.0471
vn 0.0692 0.1391 0.9879
vn -0.1320 -0.2484 0.9596
vn -0.9841 -0.0680 -0.1640
vn -0.9266 -0.0779 -0.3678
vn 0.3289 -0.8880 0.3214
vn 0.3180 -0.0789 0.9448
vn -0.9744 0.0430 0.2208
vn -0.1373 -0.7722 0.6203
vn 0.1686 0.9855 -0.0193
vn 0.6467 -0.1348 0.7508
vn -0.8762 -0.4093 -0.2545
vn -0.3231 0.9387 0.1201
vn 0.5662 0.8123 0.1400
vn 0.0776 0.9957 0.0500
vn 0.0709 -0.9904 -0.1187
vn -0.1553 -0.3436 -0.9262
vn 0.2377 -0.2600 -0.9359
vn -0.0071 -0.1793 -0.9838
vn -0.0347 -0.1886 -0.9814
vn 0.8265 -0.5613 -0.0425
vn 0.5153 0.8501 -0.1084
vn 0.4507 -0.8321 0.3233
vn 0.9409 -0.0351 -0.3370
vn -0.8393 -0.1713 0.5160
vn 0.7919 -0.2040 0.5756
vn -0.0592 -0.9971 0.0486
vn 0.8596 -0.1649 0.4837
vn 0.1503 -0.2295 -0.9616
vn 0.9704 -0.0871 -0.2251
vn 0.0839 0.9961 0.0270
vn -0.9704 -0.0952 0.2221
vn 0.1128 0.9857 0.1251
vn -0.9945 0.0224 0.1022
vn -0.1903 -0.7362 0.6495
vn 0.4693 0.8271 0.3093
vn -0.2815 -0.9205 0.2709
vn 0.1911 -0.9330 -0.3049
vn 0.7759 -0.3894 0.4963
vn -0.4931 -0.2818 0.8231
vn 0.9123 -0.2501 -0.3244
vn -0.0874 -0.8704 -0.4844
vn -0.2375 -0.1348 0.9620
vn 0.4164 0.9047 0.0903
vn 0.6858 -0.6176 -0.3849
vn 0.1432 -0.8531 0.5018
vn -0.0265 0.9173 0.3973
vn -0.4300 -0.5979 0.6764
vn -0.0567 -0.9820 0.1801
vn 0.4926 -0.8620 0.1197
vn 0.0023 0.5675 -0.8233
vn 0.9750 -0.1609 0.1532
vn -0.5293 0.7726 0.3507
vn 0.0933 0.8432 0.5294
vn 0.6348 -0.7358 -0.2356
vn 0.6931 -0.7045 -0.1526
vn -0.3265 -0.7651 -0.5550
vn -0.9736 0.2221 0.0526
vn 0.4666 0.5162 -0.7183
vn 0.5819 -0.5804 0.5697
vn 0.9455 -0.3203 -0.0587
vn -0.5087 0.0841 -0.8569
vn 0.8605 -0.1586 -0.4842
vn -0.4694 -0.8166 -0.3359
vn -0.0871 -0.8887 -0.4501
vn -0.0349 -0.4929 -0.8694
vn -0.1226 -0.9598 -0.2525
vn 0.1389 -0.3359 -0.9316
vn 0.4219 0.2146 0.8809
vn -0.6502 0.7590 0.0339
vn -0.6247 -0.0216 0.7806
vn -0.0111 -0.4036 -0.9149
vn 0.1164 -0.8317 -0.5429
vn -0.2359 -0.5753 -0.7832
vn -0.9306 -0.3218 0.1746
vn -0.7918 -0.5148 0.3287
vn -0.7841 0.3773 -0.4927
vn 0.2296 -0.8874 -0.3998
vn -0.9289 -0.2018 0.3105
vn -0.6974 -0.0819 0.7119
vn -0.0587 0.5411 -0.8389
vn -0.8374 0.5118 0.1918
vn -0.9131 -0.1994 0.3558
vn -0.2345 -0.1327 -0.9630
vn -0.7785 0.4923 -0.3894
vn -0.7273 -0.6676 0.1592
vn 0.2822 -0.9285 0.2415
vn -0.7413 0.6695 0.0484
vn -0.6227 -0.7501 -0.2227
vn -0.9398 -0.1254 -0.3180
vn -0.5442 0.8304 -0.1191
vn 0.9911 -0.1310 -0.0248
vn -0.9192 -0.0116 -0.3936
vn -0.8374 -0.5454 -0.0355
vn -0.4155 -0.0053 0.9096
vn -0.0571 -0.1257 -0.9904
vn 0.6640 -0.0614 0.7452
vn 0.0857 0.9614 0.2613
vn -0.9310 -0.1995 0.3057
vn -0.1218 -0.5907 -0.7977
vn -0.4990 -0.8617 0.0918
vn 0.8935 -0.2414 -0.3787
vn -0.6515 0.6747 0.3469
vn -0.7702 0.5892 0.2441
vn -0.9983 -0.0272 0.0517
vn 0.0836 0.9085 0.4094
vn 0.3211 0.8874 0.3307
vn -0.9000 0.4264 0.0902
vn -0.6791 -0.6409 0.3579
vn -0.7186 0.6909 0.0793
vn -0.9247 0.3647 0.1090
vn -0.6152 0.7304 0.2967
vn 0.1820 -0.2505 -0.9508
vn 0.5006 0.0995 0.8599
vn -0.6796 0.7242 0.1173
vn -0.9421 0.3331 0.0390
vn 0.8124 -0.4945 0.3089
vn 0.0792 -0.2048 0.9756
vn 0.0408 0.9986 0.0322
vn -0.8175 -0.2965 -0.4937
vn -0.6419 0.6021 0.4748
vn -0.8820 0.4568 0.1153
vn 0.7165 -0.6946 -0.0648
vn 0.7592 -0.5222 0.3885
vn -0.7102 0.7032 -0.0318
vn -0.9925 0.0982 0.0734
vn -0.6458 -0.6627 -0.3792
vn -0.4327 0.0977 0.8962
vn -0.7473 -0.2130 -0.6294
vn -0.3710 -0.0372 -0.9279
vn 0.9466 0.2633 0.1861
vn -0.3608 0.1429 0.9216
vn -0.9913 0.0788 0.1050
vn -0.1781 0.1089 0.9780
vn -0.9300 0.3533 0.1018
vn 0.7589 0.4956 -0.4225
vn 0.0354 0.0272 0.9990
vn 0.4644 -0.2263 0.8562
vn -0.3464 -0.0953 0.9332
vn 0.5040 0.0250 0.8633
vn 0.6375 -0.1408 0.7575
vn 0.2080 -0.9738 0.0916
vn -0.5743 -0.7841 0.2353
vn -0.1728 -0.1932 -0.9658
vn -0.1485 0.4105 -0.8997
vn -0.1146 0.9910 0.0685
vn -0.8772 0.0125 0.4799
vn 0.9080 0.2180 -0.3578
vn -0.4076 0.0045 0.9132
vn 0.2230 0.6858 0.6928
vn -0.0299 0.8594 -0.5104
vn 0.0681 -0.0184 0.9975
vn 0.7385 0.4683 -0.4851
vn -0.2656 -0.9487 -0.1714
vn -0.3751 -0.3137 0.8723
vn 0.5325 -0.6736 -0.5125
vn -0.2496 -0.2293 -0.9408
vn -0.6659 0.1813 -0.7236
vn -0.0172 0.3939 -0.9190
vn -0.3173 0.8742 -0.3675
vn 0.5196 -0.2533 -0.8160
vn -0.8960 -0.4045 0.1832
vn -0.9602 -0.2713 0.0668
vn 0.9597 0.1863 0.2105
vn 0.1239 0.6717 -0.7304
vn -0.1187 -0.6195 0.7760
vn 0.5253 0.8206 -0.2254
vn -0.7368 0.6266 0.2541
vn 0.0797 -0.9890 -0.1243
vn -0.9620 -0.2653 0.0640
vn 0.0255 -0.8619 -0.5064
vn 0.9376 -0.3021 0.1724
vn 0.4201 0.4953 -0.7604
vn -0.9789 0.1007 -0.1777
vn 0.2531 0.3910 -0.8849
vn -0.9658 0.1317 -0.2234
vn -0.0753 0.4093 -0.9093
vn 0.8422 0.5391 0.0069
vn -0.0532 -0.7882 0.6131
vn 0.0374 -0.9384 0.3435
vn 0.5958 -0.3002 -0.7449
vn 0.3656 -0.1689 -0.9153
vn -0.9774 0.0965 -0.1879
vn -0.9782 0.0917 -0.1863
vn -0.5104 0.0540 -0.8583
vn -0.8338 -0.4327 0.3429
vn 0.9152 -0.2397 0.3241
vn -0.8510 0.1377 -0.5067
vn 0.0444 -0.2528 0.9665
vn 0.8747 -0.2518 -0.4141
vn 0.3318 -0.0956 0.9385
vn -0.3996 -0.7007 -0.5911
vn 0.4647 0.4847 0.7410
vn -0.4512 -0.4014 0.7971
vn 0.4288 0.6579 0.6191
vn -0.1289 -0.2212 0.9667
vn -0.7422 -0.6681 0.0526
vn 0.9460 0.0430 0.3212
vn -0.9686 0.1254 0.2145
vn 0.0226 -0.6605 0.7505
vn 0.9796 0.1808 -0.0872
vn -0.5151 0.1962 -0.8344
vn -0.5901 0.3006 -0.7492
vn 0.5069 -0.2462 -0.8261
vn 0.1637 -0.6297 0.7594
vn 0.2746 0.1645 -0.9474
vn -0.9483 0.0409 0.3147
vn 0.9397 0.0074 0.3419
vn 0.9909 -0.0692 0.1154
vn 0.0893 -0.1502 0.9846
vn 0.3182 -0.8967 -0.3078
vn -0.9831 0.0876 -0.1605
vn -0.9756 -0.1249 -0.1808
vn -0.0073 -0.6006 -0.7995
vn 0.6070 -0.7383 -0.2939
vn 0.0043 0.0222 -0.9997
vn -0.9877 -0.1080 -0.1127
vn -0.1516 -0.9656 0.2114
vn -0.5272 0.0286 -0.8493
vn 0.1060 -0.7718 -0.6269
vn 0.4794 -0.8496 0.2199
vn -0.0497 -0.8913 -0.4508
vn 0.0219 0.0983 -0.9949
vn -0.7247 0.1801 -0.6651
vn 0.0333 -0.7040 -0.7094
vn -0.6216 0.2135 -0.7537
vn 0.0284 -0.9271 0.3737
vn 0.5273 -0.8371 0.1459
vn -0.5788 -0.6616 0.4768
vn -0.1231 -0.8262 -0.5498
vn -0.9857 -0.0661 -0.1548
vn -0.5785 -0.8112 -0.0860
vn 0.2936 -0.7773 -0.5565
vn -0.1436 -0.5470 -0.8247
vn -0.0551 -0.6400 -0.7664
vn -0.6289 -0.3129 -0.7118
vn 0.8290 0.0742 -0.5542
vn -0.9714 0.0168 -0.2370
vn -0.2758 0.0244 -0.9609
vn -0.3339 -0.6625 0.6705
vn -0.7800 -0.4403 0.4446
vn 0.1169 -0.8117 0.5722
vn -0.9065 -0.0669 0.4168
vn 0.0814 -0.7722 -0.6302
vn -0.1268 -0.8640 -0.4872
vn 0.1363 -0.1423 -0.9804
vn -0.5281 0.0680 -0.8465
vn -0.3323 -0.7648 -0.5520
vn -0.1746 -0.9277 -0.3300
vn -0.7810 -0.6194 -0.0800
vn 0.7998 -0.5896 -0.1125
vn 0.4513 -0.8839 -0.1227
vn 0.6722 -0.7401 -0.0217
vn -0.2869 -0.0936 -0.9534
vn 0.2865 -0.9551 -0.0761
vn 0.1185 -0.9606 -0.2512
vn 0.4459 -0.8839 0.1413
vn 0.6512 0.5221 -0.5508
vn -0.4967 -0.8146 0.2993
vn 0.3583 -0.8903 -0.2811
vn 0.5795 0.1615 -0.7988
vn 0.6041 -0.7733 0.1927
vn 0.0182 -0.9976 0.0669
vn 0.2109 -0.1374 0.9678
vn -0.8284 -0.0570 0.5572
vn -0.9611 -0.0513 0.2714
vn 0.3689 -0.1796 0.9120
vn 0.5875 0.0425 -0.8081
vn 0.2008 0.7602 -0.6179
vn -0.1180 0.9925 -0.0313
vn 0.5482 -0.1220 -0.8274
vn 0.6762 -0.5524 -0.4875
vn 0.2909 0.2332 0.9279
vn 0.9989 -0.0434 0.0166
vn 0.2772 0.6749 -0.6839
vn -0.7695 0.4056 0.4932
vn 0.1102 0.4965 0.8610
vn 0.2060 0.5723 0.7938
vn -0.5436 0.0768 -0.8358
vn -0.4770 0.1578 -0.8646
vn 0.8041 0.0079 0.5944
vn 0.7658 -0.4760 -0.4324
vn 0.3078 -0.7352 -0.6039
vn -0.4236 -0.6440 0.6371
vn 0.2259 0.1581 -0.9612
vn 0.5504 -0.1742 0.8165
vn 0.9408 -0.3303 -0.0759
vn 0.3700 -0.8978 0.2389
vn -0.2951 -0.9068 -0.3010
vn 0.1498 -0.9522 -0.2664
vn 0.1576 -0.9872 0.0260
vn 0.7063 0.0980 0.7011
vn -0.3327 0.3566 -0.8730
vn -0.6214 -0.7340 0.2739
vn 0.1037 -0.9764 0.1894
vn 0.7403 0.4701 -0.4806
vn -0.9854 -0.1207 -0.1198
vn 0.2308 0.0497 -0.9717
vn 0.5091 0.5841 0.6322
vn 0.0944 -0.1299 -0.9870
vn 0.0467 -0.0019 -0.9989
vn 0.2161 -0.9719 -0.0929
vn 0.9016 -0.2495 0.3534
vn 0.9825 0.0574 0.1772
vn 0.7218 0.1997 0.6627
vn -0.1535 -0.3601 0.9202
vn 0.2540 -0.7367 -0.6267
vn 0.9004 0.0715 -0.4292
vn -0.4668 0.5063 0.7251
vn 0.0476 -0.2926 -0.9551
vn 0.2931 -0.9549 -0.0486
vn 0.4289 -0.4730 -0.7697
vn -0.1721 0.5941 -0.7858
vn 0.9949 -0.0383 -0.0935
vn 0.0167 -0.9852 -0.1704
vn 0.6065 0.4444 -0.6593
vn 0.0276 -0.3939 -0.9187
vn 0.4799 -0.0693 -0.8746
vn 0.2357 -0.1362 0.9623
vn 0.3246 -0.9452 0.0349
vn 0.6397 0.3330 -0.6927
vn -0.0512 -0.2111 -0.9761
vn -0.2859 -0.0754 0.9553
vn -0.2232 -0.0334 -0.9742
vn 0.0409 -0.0779 -0.9961
vn 0.4038 0.4192 -0.8131
vn -0.0061 -0.3604 -0.9328
vn 0.0560 0.5452 -0.8364
vn 0.7340 0.0106 -0.6791
vn -0.5478 -0.7762 -0.3121
vn -0.4569 -0.3856 -0.8016
vn 0.8375 -0.0968 -0.5378
vn 0.0616 0.5930 -0.8028
vn -0.0169 -0.1628 -0.9865
vn -0.7383 -0.5799 0.3444
vn 0.5736 -0.0296 -0.8186
vn 0.9609 -0.2103 -0.1802
vn 0.0855 0.0032 0.9963
vn 0.9764 0.1715 0.1312
vn 0.4672 0.6409 0.6091
vn -0.0795 -0.9246 -0.3724
vn 0.8276 -0.4551 0.3287
vn 0.5861 -0.6515 -0.4817
vn 0.6619 -0.7153 -0.2239
vn 0.7002 -0.6583 0.2764
vn 0.8254 -0.5345 -0.1815
vn 0.8231 -0.0189 -0.5676
vn 0.0888 0.8727 -0.4801
vn 0.5825 -0.8119 0.0379
vn -0.6228 0.3639 -0.6926
vn 0.4389 0.5764 0.6893
vn 0.6257 -0.7762 0.0779
vn 0.1175 0.4193 0.9002
vn 0.0031 0.9765 -0.2153
vn -0.1390 -0.1203 -0.9830
vn 0.7123 0.1265 -0.6904
vn 0.1572 -0.9818 -0.1067
vn -0.3311 0.2724 -0.9034
vn 0.2591 0.3202 0.9112
vn 0.2091 -0.3778 -0.9020
vn 0.0277 -0.6002 -0.7994
vn 0.0495 0.0231 -0.9985
vn 0.3344 0.7153 0.6136
vn 0.8907 -0.4490 0.0718
vn 0.2423 -0.2874 -0.9267
vn -0.5497 0.6715 -0.4969
vn -0.9038 -0.4076 -0.1303
vn 0.0357 0.0287 -0.9990
vn 0.4766 0.1829 -0.8599
vn 0.4753 0.5746 -0.6663
vn 0.0796 0.3771 -0.9227
vn 0.2418 0.7526 -0.6124
vn 0.9279 0.2520 -0.2749
vn -0.0296 0.6198 0.7842
vn 0.4555 0.2461 -0.8555
vn 0.0635 -0.8860 0.4593
vn 0.3391 0.3754 -0.8626
vn 0.7148 0.5829 -0.3864
vn 0.2528 0.9208 -0.2970
vn 0.5556 0.8039 -0.2123
vn 0.6910 0.5927 -0.4137
vn -0.1456 0.9409 0.3059
vn 0.1501 0.9837 -0.0988
vn 0.5467 0.6513 0.5262
vn 0.9272 -0.2181 -0.3047
vn 0.9874 0.1249 -0.0977
vn 0.9262 0.2978 -0.2311
vn 0.6058 -0.2159 -0.7658
vn -0.0489 0.9222 0.3837
vn -0.2055 0.6242 -0.7538
vn 0.8266 0.4302 -0.3629
vn 0.6447 -0.1337 -0.7527
vn 0.9286 -0.2116 -0.3048
vn 0.9329 0.0212 0.3594
vn -0.2651 -0.8257 0.4979
vn -0.8766 -0.0161 0.4809
vn -0.0810 -0.2585 -0.9626
vn 0.3808 -0.0976 0.9195
vn 0.6604 0.7343 -0.1570
vn 0.2535 0.1254 -0.9592
vn 0.5134 0.7874 -0.3412
vn 0.0112 -0.2270 0.9738
vn -0.3978 0.4561 0.7961
vn 0.8372 0.4407 -0.3238
vn 0.6728 0.7164 -0.1847
vn 0.4994 -0.5104 -0.7001
vn 0.0186 0.8418 -0.5395
vn 0.3155 0.1184 0.9415
vn -0.1092 0.0806 0.9907
vn 0.7724 0.6321 0.0618
vn 0.6215 0.1561 -0.7677
vn 0.8858 0.0198 -0.4636
vn -0.3141 0.1394 0.9391
vn -0.2546 -0.9552 0.1508
vn 0.3218 0.0671 -0.9444
vn 0.3717 0.6373 0.6750
vn 0.1419 -0.0424 0.9890
vn 0.2980 0.9356 0.1894
vn 0.3459 -0.9217 -0.1755
vn 0.2464 -0.4885 0.8371
vn 0.1327 0.4554 0.8803
vn 0.0163 -0.3777 0.9258
vn 0.8462 -0.1738 0.5037
vn 0.7538 -0.6453 0.1235
vn 0.9631 0.0126 -0.2688
vn -0.8918 0.0465 -0.4501
vn -0.2123 0.9772 -0.0065
vn 0.5506 -0.8347 0.0107
vn -0.0321 0.9971 -0.0687
vn -0.4267 0.3871 -0.8173
vn -0.9894 0.1285 0.0672
vn 0.9042 -0.4008 -0.1477
vn 0.6440 -0.1776 -0.7441
vn 0.2581 -0.3304 0.9078
vn 0.4159 0.6199 0.6654
vn 0.8087 -0.3519 -0.4714
vn -0.0287 0.7483 0.6628
vn 0.7992 -0.5353 -0.2733
vn 0.4871 0.0370 -0.8726
vn 0.9942 0.0702 0.0814
vn -0.5752 0.8154 0.0656
vn 0.4916 0.8394 0.2319
vn 0.8495 -0.3784 0.3677
vn -0.4711 0.5784 0.6660
vn 0.8661 0.1418 -0.4793
vn 0.5150 -0.6671 0.5383
vn 0.1404 0.9819 -0.1274
vn 0.3576 -0.0194 -0.9337
vn 0.7063 -0.6863 -0.1737
vn 0.0008 0.9769 -0.2137
vn 0.1051 0.8899 -0.4440
vn 0.8825 -0.4081 0.2335
vn 0.5599 -0.5668 0.6044
vn 0.0229 0.8221 0.5688
vn 0.3671 0.9285 0.0558
vn 0.9747 -0.1885 -0.1205
vn 0.1133 0.9807 0.1596
vn 0.9528 0.0959 0.2882
vn 0.6663 0.1672 -0.7267
vn 0.1193 0.6186 -0.7766
vn -0.4513 -0.6166 0.6451
vn -0.2130 0.1934 0.9577
vn 0.3674 -0.8494 -0.3788
vn 0.2985 0.5256 0.7966
vn 0.4142 -0.7516 -0.5133
vn 0.8776 -0.1202 -0.4642
vn -0.2942 0.5534 -0.7792
vn -0.6567 -0.7136 0.2440
vn 0.0147 0.4610 0.8873
vn -0.2174 -0.2297 0.9487
vn 0.9845 0.1751 0.0089
vn 0.3304 0.6731 0.6617
vn -0.2903 0.6935 0.6594
vn -0.5262 0.8503 -0.0084
vn 0.0906 0.9851 0.1461
vn 0.9470 -0.0825 0.3105
vn 0.7485 -0.6631 0.0076
vn 0.8807 -0.1173 -0.4589
vn -0.6652 -0.4800 -0.5719
vn 0.4519 0.6462 0.6150
vn 0.2945 0.7588 -0.5810
vn -0.3202 0.6024 -0.7312
vn -0.1505 0.4083 0.9003
vn -0.2580 0.3979 0.8804
vn -0.8950 0.3414 -0.2871
vn 0.3813 -0.0811 -0.9209
vn -0.1411 0.8929 0.4276
vn 0.4002 -0.7977 0.4510
vn -0.7341 -0.1635 -0.6591
vn 0.9745 0.2183 0.0523
vn 0.7053 0.6587 -0.2619
vn 0.0578 -0.6970 -0.7148
vn -0.3741 0.9262 -0.0475
vn 0.0817 0.9885 0.1274
vn 0.5761 0.7745 -0.2614
vn 0.5958 0.5309 -0.6027
vn 0.5338 -0.1981 0.8221
vn -0.1398 -0.2396 0.9607
vn 0.8436 0.3161 -0.4340
vn -0.1038 -0.9753 0.1949
vn 0.1733 0.6855 -0.7071
vn 0.2051 0.8717 -0.4451
vn -0.9028 -0.2939 -0.3141
vn 0.9531 -0.2032 0.2244
vn -0.3954 -0.6520 0.6469
vn -0.9429 -0.2306 0.2402
vn -0.6801 -0.0111 -0.7330
vn -0.0422 0.9975 -0.0573
vn 0.3435 0.1410 -0.9285
vn 0.9558 -0.2936 0.0119
vn 0.9614 -0.0756 -0.2645
vn 0.1193 0.0962 -0.9882
vn 0.2260 0.0250 -0.9738
vn -0.9749 0.2023 0.0928
vn 0.3063 0.9493 0.0710
vn -0.5198 0.4424 -0.7308
vn 0.9876 -0.1110 0.1113
vn -0.0698 0.0559 0.9960
vn 0.9949 0.0469 -0.0898
vn -0.2970 0.0098 -0.9548
vn 0.5705 -0.8009 -0.1819
vn 0.8305 0.2932 -0.4736
vn 0.8290 -0.1435 -0.5405
vn 0.6144 0.7244 -0.3127
vn 0.4022 -0.0844 0.9116
vn 0.4796 0.0751 -0.8742
vn 0.2832 0.6470 0.7080
vn 0.1216 0.9818 0.1462
vn -0.0414 0.4490 0.8926
vn 0.5918 -0.7638 0.2575
vn 0.5469 0.7475 0.3770
vn 0.2703 0.4993 -0.8232
vn 0.4095 0.0030 0.9123
vn 0.0130 0.9541 -0.2991
vn -0.6509 0.7548 0.0804
vn 0.3604 0.5724 0.7366
vn 0.0312 0.9720 -0.2329
vn 0.2847 0.8888 -0.3592
vn 0.0084 0.9872 0.1593
vn 0.0894 0.9333 -0.3477
vn -0.3193 0.5704 0.7567
vn 0.8666 -0.0370 -0.4977
vn -0.1269 0.9602 0.2490
vn 0.9958 -0.0893 -0.0196
vn -0.9452 0.2101 -0.2498
vn 0.6161 -0.6249 0.4796
vn -0.0116 0.9004 -0.4350
vn -0.2863 -0.6202 -0.7303
vn 0.9593 0.2823 -0.0117
vn 0.8478 -0.3573 -0.3918
vn 0.0787 0.8666 -0.4928
vn 0.4565 0.2993 0.8378
vn -0.2851 0.1833 -0.9408
vn 0.7661 -0.1621 0.6219
vn 0.7579 -0.3176 0.5699
vn 0.7266 0.6847 -0.0569
vn 0.9905 -0.0984 0.0957
vn 0.0640 0.5606 0.8256
vn -0.7553 -0.3563 0.5500
vn 0.1233 0.9845 -0.1248
vn 0.9399 -0.2453 -0.2374
vn -0.8864 -0.4117 -0.2115
vn 0.2093 0.5981 -0.7736
vn 0.4978 -0.7446 0.4447
vn 0.1706 -0.8865 0.4302
vn -0.9828 -0.1343 0.1269
vn 0.9823 0.0722 -0.1730
vn 0.7313 0.0729 0.6782
vn 0.9841 -0.1584 0.0801
vn -0.9431 -0.2807 -0.1782
vn -0.3388 0.8854 -0.3182
vn 0.8751 -0.0463 0.4817
vn 0.9976 -0.0155 0.0680
vn 0.2793 0.5400 0.7940
vn -0.6316 0.4083 -0.6590
vn 0.8838 -0.1713 -0.4353
vn 0.8533 0.2770 -0.4417
vn 0.9617 -0.0764 0.2634
vn 0.0143 0.6795 0.7336
vn -0.2155 -0.6036 0.7676
vn 0.1386 0.7711 -0.6215
vn 0.2074 -0.3312 -0.9205
vn 0.7702 0.1922 -0.6081
vn -0.2989 0.9502 0.0880
vn 0.6062 0.5087 0.6114
vn 0.4113 0.8861 -0.2136
vn 0.7638 0.4709 -0.4414
vn -0.1303 -0.3458 0.9292
vn -0.5890 -0.5615 -0.5813
vn -0.4577 0.3285 0.8262
vn -0.8940 -0.1031 0.4361
vn 0.0345 0.4869 0.8728
vn 0.2056 -0.1859 0.9608
vn 0.9329 -0.3109 0.1818
vn 0.6091 -0.4203 0.6726
vn 0.8900 0.3655 0.2727
vn -0.6412 0.3611 -0.6771
vn 0.9502 -0.2534 0.1814
vn 0.3259 0.4461 0.8335
vn 0.9143 0.3375 -0.2237
vn 0.0203 0.8193 -0.5730
vn 0.8402 -0.4734 0.2646
vn -0.7598 0.5120 -0.4007
vn 0.7815 0.0846 -0.6181
vn 0.9850 -0.0214 -0.1714
vn 0.4312 0.2915 -0.8539
vn 0.9717 0.2354 0.0167
vn -0.0227 -0.7579 -0.6520
vn 0.8490 0.5026 0.1632
vn 0.9038 -0.3976 0.1584
vn 0.7541 -0.5250 0.3946
vn -0.3354 0.5419 0.7706
vn 0.7541 0.6546 0.0523
vn -0.5906 -0.8068 -0.0153
vn 0.5264 -0.1971 -0.8271
vn 0.6350 0.2731 0.7226
vn -0.0120 -0.9110 0.4121
vn 0.4517 0.8902 0.0592
vn 0.2832 -0.1859 -0.9409
vn 0.4483 -0.6820 -0.5779
vn 0.7022 -0.6585 0.2709
vn -0.1781 0.9812 -0.0742
vn 0.8127 -0.3833 0.4388
vn -0.2347 -0.2199 0.9469
vn -0.0362 -0.1514 -0.9878
vn -0.4577 0.2369 -0.8570
vn -0.7259 -0.6415 -0.2480
vn -0.9860 -0.1409 0.0886
vn 0.0990 -0.9631 -0.2503
vn -0.3214 -0.8546 -0.4078
vn 0.7251 -0.4770 -0.4967
vn 0.2896 -0.8867 -0.3605
vn -0.7505 -0.4705 -0.4641
vn 0.1886 -0.9619 -0.1981
vn -0.0150 -0.9408 -0.3387
vn 0.2404 -0.9323 -0.2704
vn 0.8841 -0.2105 0.4171
vn -0.0661 -0.9386 -0.3387
vn -0.1650 0.0065 -0.9863
vn 0.6629 0.7262 0.1823
vn 0.5672 0.8234 -0.0185
vn 0.7820 -0.3748 0.4979
vn 0.7702 0.6375 0.0190
vn 0.5724 0.2868 -0.7682
vn 0.5154 -0.8145 -0.2664
vn -0.7753 -0.6106 0.1614
vn 0.8314 0.5535 0.0497
vn -0.5651 -0.8247 -0.0220
vn 0.8872 0.4532 0.0859
vn 0.1713 -0.9479 -0.2687
vn 0.8849 0.4650 -0.0272
vn 0.0005 0.5132 -0.8583
vn 0.3049 0.8801 0.3638
vn 0.9900 0.1223 0.0703
vn 0.1646 0.5758 -0.8008
vn 0.5178 0.6654 -0.5377
vn -0.4224 -0.8694 0.2565
vn -0.3338 -0.9387 0.0864
vn -0.1328 0.9319 0.3376
vn -0.1476 -0.9267 -0.3456
vn 0.0699 -0.0966 -0.9929
vn -0.6187 -0.0675 0.7827
vn 0.3304 -0.8726 0.3597
vn -0.1902 -0.9591 0.2098
vn 0.2574 -0.6629 -0.7031
vn 0.3147 -0.9329 -0.1751
vn 0.6193 0.3861 0.6836
vn 0.7807 -0.6051 -0.1561
vn 0.2059 -0.9786 -0.0039
vn -0.3913 -0.1380 -0.9099
vn 0.6028 0.7048 0.3740
vn 0.1824 0.9814 0.0595
vn -0.1216 0.0529 0.9912
vn 0.2495 0.6363 -0.7300
vn 0.9717 -0.2360 0.0112
vn 0.9970 0.0139 0.0764
vn 0.3076 0.5080 -0.8046
vn 0.5712 -0.5469 -0.6120
vn 0.8879 -0.3987 0.2296
vn -0.3353 -0.1624 0.9280
vn -0.0998 -0.9945 -0.0309
vn 0.9074 0.4194 0.0276
vn 0.3288 -0.9197 0.2143
vn 0.9826 0.1800 0.0448
vn 0.5671 0.1602 0.8080
vn 0.3654 0.4658 0.8059
vn 0.5800 0.6498 0.4913
vn 0.3483 0.5437 0.7636
vn 0.3100 -0.0858 0.9468
vn 0.2657 0.5283 0.8064
vn -0.5103 -0.0756 0.8567
vn -0.7129 0.7012 -0.0098
vn -0.4369 -0.1047 -0.8934
vn -0.0430 -0.1989 0.9791
vn 0.3335 -0.4005 -0.8534
vn -0.6724 -0.0892 -0.7348
vn -0.9912 -0.0921 0.0952
vn -0.8385 -0.2658 -0.4757
vn 0.4360 -0.0251 0.8996
vn 0.5764 0.1717 0.7990
vn -0.9401 0.0923 0.3282
vn -0.6531 0.4822 -0.5839
vn 0.9505 -0.0591 -0.3050
vn -0.4429 -0.8804 0.1696
vn 0.8132 -0.2601 -0.5206
vn 0.8613 0.3004 -0.4097
vn 0.2713 0.5399 0.7968
vn 0.6701 0.3132 -0.6729
vn -0.9871 -0.1523 0.0489
vn 0.9722 0.1471 -0.1824
vn 0.8433 -0.3427 -0.4140
vn 0.0347 -0.1314 0.9907
vn 0.2387 0.9404 0.2422
vn 0.0299 0.9864 -0.1616
vn 0.9086 0.3226 0.2652
vn -0.0037 -0.7018 -0.7123
vn 0.0219 -0.5161 -0.8563
vn -0.7190 0.1857 0.6697
vn 0.0775 0.6561 0.7507
vn 0.6081 0.7889 0.0884
vn 0.8645 -0.0083 -0.5025
vn 0.3549 -0.7279 0.5867
vn -0.8630 -0.1985 0.4645
vn 0.3626 0.1217 0.9240
vn 0.5006 0.0031 0.8657
vn 0.0635 0.8282 0.5568
vn -0.4043 -0.2229 0.8870
vn 0.3229 0.7404 0.5896
vn 0.5033 0.0497 -0.8627
vn 0.6587 -0.7514 0.0381
vn 0.2167 0.6126 0.7601
vn 0.8214 0.0103 -0.5703
vn -0.0820 0.7891 0.6088
vn 0.6981 0.0375 0.7151
vn -0.1219 -0.0053 0.9925
vn -0.8957 -0.3974 0.1996
vn 0.0846 -0.2658 0.9603
vn 0.6746 0.6721 0.3054
vn 0.3436 -0.7890 -0.5094
vn -0.5127 0.5806 0.6325
vn 0.2465 0.9634 0.1057
vn -0.6323 0.0337 0.7740
vn 0.8311 0.4134 0.3721
vn 0.1400 -0.1763 0.9743
vn -0.9971 -0.0604 0.0461
vn 0.6600 -0.0529 -0.7494
vn -0.8094 -0.2340 0.5387
vn -0.0238 0.2709 -0.9623
vn 0.2437 -0.1411 0.9595
vn 0.7328 0.3115 -0.6049
vn 0.7339 0.2035 -0.6481
vn -0.8685 0.0482 0.4933
vn -0.3165 0.2723 0.9087
vn -0.7846 -0.5848 0.2059
vn 0.5370 0.1995 0.8197
vn 0.4432 0.0323 -0.8958
vn -0.0530 -0.1665 -0.9846
vn -0.0383 -0.7306 -0.6818
vn -0.0267 0.8734 -0.4863
vn 0.2820 -0.1282 0.9508
vn 0.3622 -0.1470 -0.9204
vn 0.6322 0.2243 -0.7417
vn -0.1012 -0.9894 -0.1044
vn 0.1848 -0.1837 0.9655
vn -0.9887 -0.0431 -0.1433
vn 0.3166 -0.8818 -0.3497
vn -0.1677 -0.2983 -0.9396
vn -0.5492 -0.8351 -0.0302
vn -0.6054 -0.7940 0.0550
vn -0.4270 -0.9020 -0.0636
vn 0.9885 -0.0937 0.1186
vn -0.9865 -0.0533 0.1550
vn 0.4416 -0.8653 -0.2374
vn -0.8155 -0.3162 0.4848
vn -0.3810 -0.9232 -0.0507
vn -0.3141 -0.9379 0.1471
vn -0.9574 -0.2842 0.0510
vn 0.0880 0.0090 0.9961
vn -0.0567 -0.8159 -0.5754
vn -0.1218 0.3335 0.9348
vn -0.3982 -0.9085 0.1271
vn 0.4759 -0.5273 -0.7039
vn -0.7037 -0.6971 0.1376
vn 0.3401 0.7474 0.5707
vn -0.5960 -0.8017 -0.0455
vn 0.4583 -0.3147 0.8312
vn -0.3524 -0.9111 -0.2137
vn -0.0260 -0.2883 0.9572
vn -0.0870 -0.1977 0.9764
vn 0.5394 -0.2155 0.8140
vn 0.5975 -0.2487 0.7624
vn -0.8128 -0.5683 -0.1282
vn -0.1386 -0.0824 -0.9869
vn 0.7059 -0.2768 -0.6520
vn -0.2469 0.0088 -0.9690
vn -0.5545 0.2938 0.7786
vn -0.3447 -0.4201 -0.8395
vn 0.6903 -0.1422 -0.7094
vn 0.7023 -0.6640 -0.2567
vn 0.1472 -0.2011 0.9684
vn -0.1063 -0.9876 0.1152
vn -0.5652 -0.1157 -0.8168
vn -0.1577 -0.9833 0.0906
vn -0.4953 -0.8334 -0.2453
vn 0.9068 0.1072 0.4077
vn 0.2430 -0.9685 -0.0545
vn -0.4797 -0.2744 0.8334
vn 0.8527 -0.1693 -0.4943
vn -0.0434 -0.9764 -0.2114
vn -0.9787 -0.2023 0.0348
vn 0.2432 -0.9195 0.3089
vn -0.0049 -0.9507 -0.3100
vn -0.1338 -0.9858 0.1018
vn -0.1356 -0.9675 -0.2135
vn 0.8093 -0.5791 0.0982
vn 0.4585 -0.8214 -0.3392
vn 0.9584 0.2080 -0.1955
vn 0.5610 -0.8242 -0.0771
vn -0.2578 -0.9432 0.2095
vn -0.2760 -0.9554 0.1048
vn -0.1653 -0.8263 -0.5385
vn 0.2834 -0.1373 -0.9491
vn -0.8531 -0.0473 0.5195
vn -0.2637 -0.1894 -0.9458
vn 0.1491 -0.1945 0.9695
vn -0.7024 -0.1867 -0.6869
vn -0.9203 0.1226 -0.3716
vn -0.7977 -0.0758 -0.5983
vn -0.2019 -0.4297 -0.8801
vn 0.7158 -0.2364 0.6571
vn 0.8030 -0.2665 0.5330
vn 0.6158 0.3207 0.7197
vn 0.3192 -0.9428 0.0964
vn -0.8216 0.4642 -0.3309
vn 0.2922 -0.1921 0.9369
vn 0.5676 -0.3380 0.7507
vn 0.8900 -0.4030 -0.2134
vn 0.6026 -0.5021 0.6202
vn 0.5435 0.3893 0.7437
vn -0.9570 -0.2588 -0.1308
vn 0.6651 -0.2646 -0.6983
vn -0.5180 0.5883 0.6209
vn 0.5559 -0.7321 -0.3937
vn 0.1111 -0.7740 -0.6234
vn -0.2170 -0.4755 -0.8525
vn 0.1513 -0.8250 0.5445
vn -0.5850 0.6898 -0.4266
vn -0.9366 0.3395 0.0871
vn -0.5683 0.0426 0.8217
vn -0.9044 0.1892 -0.3825
vn -0.9727 -0.1020 0.2084
vn 0.8933 -0.1377 -0.4279
vn -0.3780 0.7981 -0.4692
vn 0.0884 0.6899 -0.7185
vn -0.6021 -0.7668 -0.2223
vn -0.1460 0.7071 -0.6919
vn -0.2575 0.8012 0.5402
vn 0.3095 -0.8507 -0.4248
vn 0.0364 0.1840 0.9822
vn -0.0397 0.7193 -0.6936
vn -0.9398 -0.0414 -0.3393
vn 0.0991 -0.4290 0.8979
vn -0.4076 0.5805 0.7049
vn 0.7873 -0.5903 0.1780
vn -0.8319 0.2818 -0.4780
vn -0.5698 0.0061 0.8217
vn -0.0692 -0.0968 0.9929
vn -0.9401 0.0035 0.3408
vn -0.0246 -0.6652 -0.7463
vn -0.7942 0.1693 -0.5836
vn -0.6508 -0.2436 -0.7191
vn 0.0998 -0.9231 -0.3713
vn -0.6998 0.5001 0.5101
vn -0.7433 0.4693 -0.4767
vn -0.1638 0.3799 -0.9104
vn -0.8371 0.2138 0.5035
vn -0.8861 0.1500 0.4385
vn -0.4294 -0.3653 0.8259
vn -0.8366 0.4082 0.3655
vn 0.1625 -0.9121 0.3763
vn -0.9952 -0.0678 -0.0704
vn -0.7835 -0.0055 -0.6214
vn 0.0949 0.1470 -0.9846
vn -0.9164 -0.3965 -0.0555
vn -0.2803 -0.4595 0.8428
vn -0.9497 0.1761 -0.2591
vn 0.3035 0.5694 0.7640
vn -0.7428 0.2480 -0.6218
vn -0.9656 0.1753 -0.1920
vn -0.4695 0.1085 0.8762
vn -0.4055 0.8941 -0.1900
vn -0.4519 -0.0911 -0.8874
vn 0.2427 0.1065 0.9642
vn -0.8762 0.3194 -0.3610
vn 0.9251 -0.3495 0.1482
vn 0.0224 0.9995 0.0209
vn -0.2144 -0.1820 -0.9596
vn -0.5227 0.4679 0.7126
vn 0.7287 -0.1360 -0.6712
vn 0.5408 -0.0100 -0.8411
vn -0.9540 -0.2902 -0.0748
vn -0.8048 -0.4333 0.4056
vn -0.4010 -0.7647 0.5044
vn -0.3846 -0.2289 0.8942
vn -0.4497 -0.0284 -0.8927
vn -0.5376 0.2701 -0.7988
vn -0.1682 0.4198 -0.8919
vn 0.0268 -0.1586 -0.9870
vn -0.8809 0.1929 0.4322
vn -0.1198 0.2318 -0.9654
vn -0.1092 0.4112 -0.9050
vn -0.1086 -0.0901 -0.9900
vn -0.6607 -0.1188 -0.7412
vn 0.8108 -0.5609 -0.1677
vn -0.9560 -0.2902 0.0432
vn 0.0585 0.1910 -0.9798
vn 0.0118 -0.9348 -0.3551
vn 0.0412 -0.0694 -0.9967
vn 0.0776 0.7376 0.6708
vn 0.4021 -0.9122 -0.0788
vn 0.6293 -0.7580 0.1716
vn -0.8011 -0.5691 0.1853
vn -0.7951 -0.3873 0.4668
vn -0.0472 -0.9882 0.1455
vn -0.0848 -0.6455 -0.7590
vn 0.6278 -0.5999 0.4960
vn -0.5662 -0.7443 0.3542
vn -0.8481 0.4572 -0.2676
vn -0.5661 -0.1813 0.8042
vn -0.9523 -0.2212 0.2103
vn -0.9948 0.0702 -0.0733
vn -0.3612 -0.8708 0.3335
vn -0.7680 -0.5853 0.2598
vn -0.2963 -0.1073 -0.9491
vn -0.5915 0.7788 -0.2086
vn -0.0785 -0.0749 -0.9941
vn -0.7400 0.1710 -0.6505
vn 0.0729 -0.9973 -0.0053
vn -0.9722 -0.0358 -0.2314
vn -0.8878 0.1734 -0.4262
vn -0.2553 -0.0812 -0.9634
vn -0.8537 0.2512 -0.4562
vn -0.7774 0.4118 -0.4755
vn 0.0644 -0.9936 0.0924
vn -0.6663 -0.3728 -0.6459
vn -0.9628 0.1866 -0.1955
vn -0.4143 -0.0397 -0.9093
vn -0.1512 -0.9814 0.1181
vn -0.9197 0.3842 0.0810
vn -0.4073 -0.0505 0.9119
vn 0.7920 -0.4412 0.4219
vn 0.7580 -0.5219 0.3911
vn 0.7996 -0.4228 0.4265
vn 0.2378 -0.0268 0.9709
vn 0.5206 -0.3039 0.7979
vn -0.9988 -0.0266 -0.0410
vn -0.4315 0.1519 0.8892
vn -0.4200 0.2703 0.8663
vn -0.6923 0.0705 0.7181
vn 0.5270 -0.6722 -0.5201
vn -0.8812 -0.4646 0.0873
vn 0.9659 -0.2177 0.1401
vn -0.5485 -0.3687 -0.7504
vn 0.6215 -0.7585 0.1960
vn -0.7742 0.1322 0.6190
vn -0.6956 0.0496 0.7168
vn -0.1844 0.5881 -0.7875
vn 0.7298 -0.5121 0.4529
vn -0.4443 -0.8958 -0.0055
vn 0.2978 0.3942 -0.8694
vn 0.2300 -0.0875 0.9692
vn -0.8924 -0.2174 0.3953
vn -0.3833 -0.3477 -0.8557
vn -0.7763 0.5039 0.3786
vn -0.6936 0.0450 0.7190
vn 0.5763 -0.7329 -0.3616
vn 0.1854 -0.3338 -0.9242
vn -0.8720 0.0212 0.4890
vn -0.0290 0.3774 -0.9256
vn 0.0434 0.8343 -0.5496
vn -0.1502 0.5213 -0.8400
vn 0.8993 -0.3833 -0.2107
vn -0.7610 0.6326 0.1437
vn -0.8002 0.1348 0.5844
vn -0.1645 -0.3693 0.9146
vn -0.0727 0.3736 -0.9247
vn -0.6641 0.3167 -0.6773
vn -0.3043 -0.2525 -0.9185
vn 0.3532 -0.7073 0.6124
vn 0.4915 -0.4386 -0.7524
vn -0.0595 0.0931 0.9939
vn -0.9320 0.3563 -0.0670
vn -0.5619 -0.8241 -0.0718
vn -0.6456 -0.7555 -0.1114
vn -0.5343 0.8061 0.2546
vn 0.0783 -0.4907 0.8678
vn -0.6243 -0.7802 0.0399
vn 0.4568 -0.4201 0.7841
vn -0.2553 -0.9420 -0.2176
vn -0.6888 -0.6993 0.1910
vn -0.9546 -0.2881 0.0756
vn 0.9614 0.1283 0.2434
vn -0.4112 -0.1839 -0.8928
vn 0.2690 -0.1780 -0.9466
vn -0.8374 0.5452 0.0391
vn -0.9819 0.1757 -0.0710
vn 0.5155 -0.2947 -0.8046
vn -0.2911 -0.9374 -0.1913
vn -0.6791 -0.0236 0.7337
vn 0.9673 -0.2064 0.1472
vn -0.9982 -0.0404 0.0453
vn -0.5604 -0.5947 0.5764
vn 0.3662 0.0244 0.9302
vn -0.1957 -0.8483 0.4921
vn 0.7934 -0.3810 -0.4747
vn 0.2105 0.0169 -0.9775
vn -0.9986 -0.0521 0.0085
vn 0.1322 -0.8134 -0.5664
vn -0.8712 -0.1696 0.4607
vn 0.9618 0.0607 0.2670
vn -0.7177 0.6276 -0.3017
vn -0.3662 0.8397 0.4011
vn -0.1946 -0.1714 0.9658
vn -0.5294 0.7556 0.3858
vn 0.0100 0.9274 0.3740
vn 0.1077 -0.5595 -0.8218
vn -0.0364 -0.9855 0.1658
vn 0.3618 0.5817 0.7284
vn -0.9996 -0.0182 -0.0195
vn -0.7217 0.6326 0.2811
vn -0.9980 -0.0311 0.0558
vn 0.4903 -0.1894 0.8507
vn -0.0470 0.9921 0.1163
vn 0.9154 -0.3420 0.2123
vn -0.7796 0.6051 0.1614
vn -0.7864 0.5848 0.1991
vn -0.7386 0.4958 -0.4567
vn -0.4659 0.8847 -0.0154
vn -0.7856 0.5962 0.1654
vn -0.7029 0.6637 0.2560
vn -0.1932 0.0210 0.9809
vn -0.5585 0.7911 0.2494
vn 0.0049 0.9677 0.2519
vn -0.5715 0.0215 0.8203
vn -0.1223 0.3041 0.9447
vn -0.7731 -0.3896 -0.5005
vn -0.4930 0.6523 0.5757
vn -0.3768 -0.0681 0.9238
vn -0.5854 -0.1523 -0.7963
vn -0.3145 -0.9492 -0.0102
vn -0.7283 0.6017 0.3279
vn -0.4995 0.0717 -0.8633
vn 0.9015 -0.4159 0.1197
vn 0.5189 -0.7070 0.4805
vn 0.3032 0.1100 0.9466
vn -0.6125 0.7679 0.1878
vn -0.7505 -0.4807 -0.4536
vn -0.8964 0.1254 -0.4252
vn -0.6831 0.6221 0.3825
vn 0.9608 0.2299 -0.1551
vn -0.6259 0.0113 0.7798
vn -0.3936 -0.9186 0.0369
vn 0.0026 -0.9758 -0.2188
vn -0.6370 0.5127 -0.5756
vn -0.4011 0.9095 0.1094
vn 0.0063 0.9566 -0.2912
vn 0.7301 0.3992 -0.5546
vn -0.9906 -0.1356 0.0200
vn 0.5977 -0.5804 -0.5531
vn -0.3973 0.5490 0.7353
vn -0.9108 0.1449 0.3865
vn -0.7691 -0.5971 -0.2278
vn -0.9109 0.1118 0.3972
vn -0.6531 0.6456 -0.3958
vn 0.0898 0.9399 0.3294
vn -0.9067 0.3299 -0.2627
vn -0.8943 0.2520 -0.3696
vn -0.9585 0.2391 -0.1556
vn 0.4369 0.6032 0.6673
vn -0.9676 -0.2184 0.1265
vn -0.6431 0.7625 0.0705
vn -0.4262 -0.2524 0.8687
vn -0.9256 -0.3014 0.2291
vn -0.9725 0.1424 -0.1845
vn -0.8193 0.3913 -0.4191
vn -0.3041 -0.1171 0.9454
vn -0.9834 -0.0411 0.1769
vn 0.3894 0.7982 0.4595
vn -0.3991 0.5101 -0.7620
vn -0.5265 -0.8409 0.1248
vn 0.8528 -0.0546 -0.5194
vn 0.1202 0.2667 0.9563
vn -0.2070 -0.1546 0.9661
vn 0.5868 -0.1159 0.8014
vn -0.8908 -0.4542 0.0114
vn -0.0878 0.8786 -0.4694
vn 0.0428 -0.9875 -0.1519
vn 0.4624 0.5334 0.7083
vn -0.9112 0.4120 0.0034
vn -0.2528 -0.4553 -0.8537
vn 0.9945 -0.0372 -0.0974
vn 0.7111 -0.4419 -0.5469
vn 0.3808 -0.8820 0.2776
vn 0.9886 -0.1483 -0.0241
vn -0.9827 0.1352 0.1264
vn 0.6853 -0.0527 -0.7264
vn 0.1121 -0.0929 -0.9893
vn -0.1012 -0.0163 -0.9947
vn -0.6280 0.3224 0.7083
vn -0.0412 -0.9829 -0.1793
vn 0.0762 -0.2441 0.9668
vn -0.2423 -0.4073 0.8806
vn -0.7643 0.6294 0.1404
vn 0.4699 -0.2335 -0.8513
vn -0.8882 0.4544 0.0681
vn 0.2272 -0.5149 0.8266
vn -0.0528 0.9938 -0.0978
vn -0.2692 0.4644 -0.8437
vn -0.9556 -0.1941 0.2215
vn -0.8960 0.4358 0.0850
vn -0.6303 -0.1588 0.7599
vn -0.4801 0.8754 -0.0564
vn 0.1239 0.9039 0.4095
vn 0.1451 -0.1702 0.9747
vn 0.2218 -0.9694 -0.1051
vn 0.2671 -0.5909 0.7613
vn -0.2846 0.9440 0.1669
vn 0.0099 0.9924 0.1228
vn -0.9389 0.0751 0.3359
vn -0.1312 -0.2974 0.9457
vn -0.2904 -0.7964 -0.5305
vn -0.8383 0.4008 -0.3696
vn -0.8793 0.4760 0.0154
vn -0.1696 0.3515 0.9207
vn -0.8759 0.4823 0.0133
vn 0.1893 -0.0757 -0.9790
vn -0.0087 0.0324 -0.9994
vn 0.5260 -0.1064 -0.8438
vn -0.8270 -0.3581 0.4335
vn 0.9949 -0.0076 0.1001
vn 0.5403 -0.0104 -0.8414
vn -0.1552 -0.8060 0.5713
vn 0.2904 0.2153 0.9324
vn -0.5463 -0.7711 0.3271
vn -0.5273 -0.8495 -0.0188
vn -0.9253 -0.2108 0.3152
vn -0.0560 -0.2878 -0.9560
vn -0.9096 -0.3757 -0.1775
vn 0.8577 0.0983 0.5047
vn -0.9781 -0.0213 0.2070
vn -0.7821 0.5681 0.2560
vn -0.0682 -0.1091 0.9917
vn -0.9941 -0.0491 0.0966
vn -0.5093 -0.4602 0.7272
vn -0.7672 0.5149 -0.3826
vn -0.2657 0.8677 0.4201
vn 0.3005 -0.4270 0.8529
vn -0.7880 0.5034 -0.3546
vn -0.0821 -0.9847 -0.1538
vn 0.1829 -0.9524 0.2440
vn -0.7617 -0.6298 0.1520
vn -0.9885 0.1113 0.1021
vn 0.9663 -0.2537 0.0437
vn -0.6106 -0.7335 0.2987
vn 0.3267 0.0513 -0.9437
vn 0.0166 0.9607 0.2770
vn -0.1483 -0.7665 0.6248
vn 0.7875 -0.5804 0.2072
vn -0.5130 -0.8524 -0.1015
vn -0.2839 -0.7281 0.6240
vn 0.7068 -0.2707 -0.6536
vn -0.9835 0.1791 0.0266
vn 0.5391 -0.4512 -0.7111
vn -0.5797 -0.2734 -0.7676
vn -0.7371 0.3395 -0.5843
vn -0.6389 -0.0807 -0.7650
vn 0.7185 -0.6301 -0.2945
vn 0.2090 0.0526 0.9765
vn -0.7681 -0.5890 -0.2511
vn -0.6024 -0.2340 -0.7631
vn 0.8251 -0.3998 0.3991
vn 0.5406 -0.6371 0.5495
vn 0.2489 -0.9197 -0.3038
vn -0.5534 0.0860 -0.8285
vn -0.6905 -0.2847 -0.6650
vn 0.4927 0.5287 0.6912
vn 0.6503 -0.6514 0.3909
vn -0.9686 0.2079 0.1361
vn 0.4847 -0.8358 0.2578
vn -0.7778 0.6261 0.0549
vn -0.7710 0.6120 -0.1760
vn 0.9510 -0.1132 0.2878
vn 0.7619 0.4609 -0.4549
vn 0.6859 0.0376 0.7267
vn 0.7537 -0.6551 -0.0525
vn 0.9799 -0.1330 -0.1485
vn 0.9449 -0.1376 -0.2971
vn -0.7501 0.2734 -0.6022
vn 0.4244 -0.9054 -0.0038
vn 0.4925 -0.0332 0.8697
vn -0.9982 -0.0505 -0.0316
vn -0.4864 -0.2752 0.8293
vn -0.8463 -0.0419 0.5310
vn -0.4272 -0.2066 0.8802
vn 0.1640 -0.8838 -0.4383
vn -0.6306 -0.0145 0.7759
vn -0.3160 -0.9197 0.2329
vn -0.9382 -0.1768 -0.2975
vn -0.9544 -0.0727 0.2896
vn -0.1990 -0.1798 -0.9634
vn -0.4924 -0.2504 -0.8336
vn -0.9981 -0.0609 0.0105
vn -0.4889 -0.6338 0.5995
vn 0.5042 -0.1445 -0.8514
vn -0.2287 -0.9456 0.2316
vn -0.5830 -0.7926 -0.1785
vn 0.4749 -0.7612 -0.4417
vn -0.8844 -0.2288 0.4068
vn -0.9600 -0.2213 -0.1713
vn -0.8092 -0.5382 0.2357
vn 0.0860 -0.3335 -0.9388
vn -0.0358 -0.7163 -0.6969
vn -0.2236 0.1157 0.9678
vn 0.3107 -0.0882 -0.9464
vn -0.6719 -0.2440 -0.6993
vn 0.0586 -0.8835 -0.4648
vn -0.9956 -0.0909 -0.0245
vn -0.5694 0.8204 0.0523
vn 0.4877 -0.6765 0.5518
vn -0.7741 0.4794 -0.4136
vn 0.9576 -0.2817 -0.0609
vn -0.4576 -0.2623 -0.8496
vn -0.9838 0.1213 -0.1321
vn 0.7187 -0.6903 -0.0830
vn -0.3396 -0.9028 -0.2638
vn 0.4896 -0.2670 -0.8301
vn -0.3785 -0.1566 -0.9123
vn -0.3086 -0.9461 -0.0987
vn 0.3665 -0.0177 -0.9303
vn -0.8755 -0.3868 0.2898
vn -0.2684 -0.9633 -0.0068
vn -0.8811 -0.4536 -0.1336
vn 0.8649 -0.0770 0.4960
vn -0.9847 -0.0952 -0.1458
vn -0.5720 -0.0666 -0.8175
vn -0.1625 -0.0876 -0.9828
vn -0.3682 -0.7709 -0.5198
vn -0.1770 -0.5432 -0.8207
vn -0.1081 -0.6410 -0.7599
vn -0.2880 -0.8826 0.3716
vn -0.9727 0.2089 -0.1013
vn -0.2175 -0.9694 0.1136
vn -0.3384 0.6809 0.6495
vn -0.0580 -0.5771 -0.8146
vn -0.9656 0.2533 -0.0590
vn 0.1303 -0.9306 0.3422
vn 0.7772 -0.1215 0.6174
vn -0.4665 -0.8613 0.2013
vn -0.4388 0.8948 0.0817
vn -0.7340 0.6772 0.0514
vn -0.7479 -0.5688 0.3421
vn 0.5457 -0.7017 0.4581
vn -0.7648 -0.6373 0.0941
vn -0.1944 -0.1696 -0.9661
vn -0.7292 -0.3607 0.5816
vn 0.5460 -0.1153 0.8298
vn -0.1555 -0.9826 0.1016
vn -0.5864 -0.5974 -0.5471
vn 0.8632 0.1399 -0.4852
vn 0.7259 -0.6878 -0.0046
vn 0.2473 -0.4844 -0.8392
vn 0.4758 -0.1700 0.8630
vn -0.8958 -0.4271 0.1231
vn -0.8862 0.1660 -0.4325
vn -0.8532 -0.4187 0.3109
vn 0.5582 -0.4404 -0.7032
vn -0.4161 -0.7198 -0.5556
vn -0.6629 -0.5512 0.5067
vn 0.8960 -0.4075 -0.1764
vn -0.6812 0.1530 -0.7160
vn -0.8283 -0.3548 -0.4337
vn -0.9933 0.0221 0.1135
vn 0.4074 -0.2872 -0.8669
vn -0.6823 -0.6175 -0.3913
vn 0.2788 -0.6692 -0.6888
vn 0.1309 -0.8365 0.5321
vn -0.6490 0.4342 -0.6248
vn 0.2991 -0.2613 0.9177
vn -0.1797 0.1741 -0.9682
vn -0.4058 0.5152 -0.7549
vn 0.5061 0.6606 -0.5545
vn -0.0651 0.7627 0.6435
vn 0.6080 -0.6414 0.4680
vn -0.8184 -0.3891 0.4228
vn 0.7473 -0.0954 -0.6577
vn 0.5899 0.6727 -0.4467
vn 0.2611 -0.9304 -0.2572
vn -0.5568 -0.7637 0.3268
vn -0.2068 -0.9235 0.3232
vn -0.7978 -0.4735 0.3732
vn -0.8802 -0.4480 -0.1565
vn -0.9027 -0.2728 0.3328
vn -0.1339 -0.8168 -0.5611
vn -0.8992 0.4263 -0.0981
vn -0.6540 -0.7111 -0.2580
vn 0.8520 -0.1961 -0.4854
vn 0.4273 -0.8995 -0.0917
vn 0.2357 -0.5222 0.8196
vn 0.7167 -0.0895 0.6916
vn -0.4698 0.8468 0.2495
vn -0.4211 0.5118 0.7489
vn -0.7720 -0.6319 -0.0692
vn -0.3132 -0.6059 -0.7313
vn -0.8179 -0.4632 0.3414
vn -0.3028 -0.8544 0.4223
vn -0.7451 -0.5342 0.3995
vn -0.7388 -0.5592 0.3762
vn -0.4629 -0.8305 0.3099
vn -0.9616 -0.2138 -0.1721
vn -0.9857 -0.1377 0.0974
vn 0.1361 -0.1256 -0.9827
vn -0.7633 -0.4379 -0.4750
vn 0.7606 0.5153 -0.3950
vn 0.9996 0.0279 -0.0083
vn 0.0889 0.8895 0.4481
vn -0.6357 -0.1749 0.7518
vn 0.1860 -0.1003 0.9774
vn -0.7120 -0.6513 0.2624
vn 0.8483 -0.4960 0.1854
vn -0.9868 0.1618 0.0114
vn -0.7781 -0.6200 0.1005
vn 0.8581 0.4279 0.2838
vn 0.9919 0.0821 0.0965
vn -0.3128 -0.3162 -0.8956
vn -0.4486 -0.0874 -0.8894
vn -0.8483 -0.2496 0.4670
vn -0.9110 -0.2089 0.3557
vn 0.2110 -0.9596 0.1859
vn -0.6869 0.7059 -0.1729
vn 0.9760 -0.2111 -0.0542
vn 0.9827 -0.1205 0.1404
vn -0.8367 0.4176 -0.3542
vn -0.7728 -0.5092 -0.3788
vn 0.9243 -0.2942 0.2432
vn -0.2472 -0.8968 0.3670
vn -0.0421 -0.5572 0.8293
vn 0.9500 -0.2291 0.2122
vn -0.5349 -0.6323 -0.5604
vn -0.7684 0.5725 -0.2860
vn 0.1787 -0.7833 -0.5954
vn 0.5525 -0.3771 0.7433
vn -0.8674 0.4876 0.0991
vn 0.5842 -0.1197 0.8028
vn -0.1726 -0.1970 -0.9651
vn -0.2357 -0.2328 -0.9435
vn -0.3786 -0.8914 0.2490
vn 0.6052 -0.1820 -0.7750
vn -0.7314 0.6067 0.3115
vn -0.9981 -0.0169 0.0595
vn -0.9934 -0.0553 -0.1008
vn 0.0052 -0.3035 -0.9528
vn -0.1316 -0.9475 0.2913
vn -0.6829 -0.2235 -0.6955
vn -0.5773 -0.6848 0.4446
vn -0.8587 -0.2893 -0.4230
vn 0.0077 0.3290 -0.9443
vn -0.2268 -0.9606 -0.1610
vn -0.0107 -0.7927 -0.6096
vn -0.6391 -0.7148 -0.2839
vn 0.2378 -0.3629 0.9010
vn 0.7992 -0.3558 0.4845
vn -0.2702 -0.8127 0.5163
vn -0.7255 0.5146 -0.4570
vn 0.5945 -0.4486 0.6673
vn -0.9972 -0.0124 0.0744
vn -0.8355 -0.1829 -0.5181
vn -0.0804 -0.9688 -0.2346
vn 0.9655 -0.2063 -0.1589
vn 0.2402 -0.0023 0.9707
vn 0.7420 0.4261 -0.5175
vn -0.3093 -0.8415 -0.4430
vn -0.9909 0.0452 0.1268
vn 0.9148 -0.1789 0.3622
vn -0.4532 -0.3320 -0.8273
vn -0.3068 0.9516 -0.0181
vn -0.5462 0.2647 -0.7948
vn 0.8749 -0.1404 -0.4635
vn 0.0732 -0.2542 -0.9644
vn -0.8527 -0.3616 -0.3770
vn -0.7489 0.0563 -0.6603
vn -0.1731 -0.0967 0.9801
vn -0.9902 -0.1374 0.0239
vn 0.0317 -0.8268 0.5617
vn -0.5963 0.0363 0.8019
vn 0.7588 -0.5030 0.4137
vn -0.9207 -0.0320 0.3891
vn -0.5454 0.4273 0.7211
vn -0.7380 -0.6734 0.0445
vn -0.8717 -0.1640 0.4617
vn -0.9995 -0.0074 -0.0321
vn -0.8039 -0.3675 0.4677
vn -0.6789 0.6916 0.2464
vn -0.7097 -0.6912 -0.1363
vn 0.1385 -0.2152 -0.9667
vn 0.8906 0.1596 0.4258
vn 0.8571 0.3225 -0.4017
vn -0.6322 -0.7629 -0.1353
vn -0.8317 -0.4103 0.3741
vn -0.8381 0.5110 0.1911
vn -0.7286 -0.4361 0.5281
vn 0.0678 0.5099 -0.8576
vn -0.8952 0.4435 0.0436
vn 0.1338 -0.6026 -0.7868
vn 0.2072 -0.9763 0.0621
vn 0.2979 -0.7076 -0.6408
vn 0.6137 -0.0564 -0.7875
vn -0.0546 -0.2946 -0.9540
vn 0.1790 -0.1781 -0.9676
vn -0.9767 0.2118 0.0349
vn -0.9399 0.3388 0.0426
vn -0.8848 0.4502 0.1199
vn -0.2030 0.4621 -0.8633
vn 0.1765 0.4393 -0.8809
vn -0.7065 -0.5838 -0.4000
vn -0.1859 -0.1159 -0.9757
vn -0.0499 -0.8974 -0.4385
vn -0.2365 0.8088 0.5384
vn -0.0477 0.9921 0.1159
vn -0.6619 0.7485 0.0411
vn -0.9820 -0.1827 -0.0488
vn 0.0732 -0.8798 -0.4696
vn -0.7119 0.0581 -0.6999
vn -0.0542 0.9714 0.2311
vn -0.4124 -0.4071 -0.8150
vn 0.3217 -0.9339 0.1560
vn -0.5903 0.7909 0.1613
vn -0.2298 0.9644 0.1311
vn -0.8875 0.4573 0.0563
vn -0.9786 -0.1823 -0.0959
vn 0.9159 -0.3407 0.2123
vn -0.9982 -0.0379 0.0454
vn -0.6443 0.5534 0.5278
vn 0.0588 0.9503 0.3058
vn -0.1527 -0.9576 -0.2443
vn -0.8989 -0.1331 0.4175
vn 0.3352 -0.9402 0.0608
vn 0.0370 -0.1201 0.9921
vn -0.9747 0.2211 -0.0335
vn 0.9025 -0.1430 -0.4062
vn 0.9632 -0.0396 0.2660
vn 0.0365 -0.9817 -0.1872
vn -0.3068 -0.2298 0.9236
vn 0.8364 -0.2726 0.4756
vn 0.9684 -0.0032 0.2493
vn -0.2062 0.9087 0.3629
vn 0.8882 -0.1745 0.4249
vn -0.2337 0.9076 0.3488
vn 0.2393 -0.4853 -0.8410
vn -0.6279 -0.2005 -0.7520
vn 0.5273 -0.1124 -0.8422
vn -0.2155 0.8875 0.4073
vn -0.1541 -0.9277 -0.3401
vn 0.5483 -0.5707 0.6113
vn -0.1347 -0.9229 -0.3607
vn 0.8587 -0.0765 0.5067
vn 0.9521 -0.1271 0.2781
vn -0.0034 -0.6554 0.7553
vn 0.7453 -0.2022 0.6353
vn -0.4156 -0.7200 -0.5558
vn -0.9223 0.2327 -0.3085
vn -0.0640 0.5630 -0.8239
vn 0.5642 -0.8256 -0.0066
vn 0.5762 -0.5631 -0.5923
vn -0.2023 0.9782 0.0468
vn -0.8071 -0.1465 -0.5720
vn 0.8383 -0.1910 -0.5106
vn -0.7050 -0.6445 0.2959
vn -0.6482 -0.6666 0.3681
vn -0.9808 0.0603 -0.1857
vn -0.3593 0.4397 0.8232
vn 0.3924 -0.9095 -0.1369
vn -0.6953 -0.7164 0.0581
vn -0.9897 -0.1068 0.0951
vn -0.7667 -0.4940 0.4100
vn -0.9135 0.3460 -0.2143
vn -0.6531 -0.7376 0.1716
vn -0.9832 -0.1808 -0.0247
vn -0.3276 -0.8405 -0.4316
vn -0.4120 -0.7240 -0.5532
vn -0.2933 -0.9553 0.0379
vn -0.9960 0.0121 0.0882
vn -0.6682 0.7440 0.0020
vn 0.0203 0.5970 0.8020
vn -0.4742 0.0401 0.8795
vn -0.1161 0.1036 0.9878
vn -0.9895 -0.0428 0.1381
vn -0.7748 -0.6313 0.0339
vn -0.9073 0.2322 -0.3505
vn -0.7439 0.6304 0.2219
vn -0.9949 0.0833 0.0574
vn -0.2858 -0.8494 -0.4436
vn -0.3801 -0.8480 0.3695
vn -0.4534 0.6599 0.5990
vn -0.2914 0.8040 0.5183
vn -0.8724 -0.4885 0.0189
vn -0.1662 0.1969 0.9662
vn -0.9033 0.3397 -0.2621
vn -0.7179 0.0347 0.6953
vn 0.9705 -0.0570 -0.2341
vn -0.8719 0.0958 0.4803
vn 0.0585 0.9447 0.3226
vn -0.7658 0.5869 -0.2627
vn -0.5645 0.0859 0.8209
vn 0.2459 0.0318 0.9688
vn -0.2760 -0.1143 0.9543
vn -0.9361 0.3093 0.1677
vn -0.0058 0.8317 -0.5551
vn -0.7399 0.0683 0.6692
vn -0.7448 0.5638 -0.3570
vn -0.1499 -0.1510 0.9771
vn -0.2190 -0.1819 -0.9586
vn -0.1530 0.3967 -0.9051
vn -0.4598 -0.8269 0.3236
vn -0.2462 -0.4201 -0.8734
vn -0.2215 0.7494 -0.6240
vn -0.9421 0.3127 -0.1215
vn -0.9894 0.0899 0.1137
vn -0.4436 0.4480 -0.7762
vn 0.7385 0.3553 -0.5730
vn -0.8932 -0.2433 -0.3783
vn -0.8782 0.4778 0.0222
vn -0.6195 0.7774 -0.1089
vn -0.9687 0.1254 0.2143
vn -0.8215 0.4718 -0.3202
vn -0.8063 0.5405 0.2404
vn -0.2936 0.3219 -0.9001
vn -0.2301 -0.2665 -0.9360
vn -0.7638 -0.6454 0.0124
vn -0.8511 0.2895 -0.4380
vn -0.8064 0.2661 0.5281
vn -0.7401 -0.6663 -0.0911
vn -0.5781 -0.2577 0.7742
vn -0.4319 -0.3876 -0.8144
vn -0.5876 0.0790 -0.8053
vn -0.5575 -0.7894 0.2571
vn -0.8613 0.4666 -0.2010
vn -0.1275 0.0441 0.9909
vn -0.9566 0.2416 -0.1629
vn -0.3784 -0.4558 0.8057
vn -0.7802 0.5677 -0.2627
vn 0.2229 0.9748 -0.0107
vn 0.9991 -0.0303 0.0308
vn 0.0326 0.9960 0.0829
vn -0.8082 0.5476 0.2169
vn -0.9288 0.2828 -0.2394
vn -0.8205 0.5489 0.1596
vn -0.5300 -0.8100 -0.2511
vn -0.9978 0.0183 0.0639
vn -0.9998 -0.0114 -0.0148
vn -0.4949 0.8078 0.3203
vn -0.8778 -0.4507 -0.1623
vn -0.5525 0.8151 0.1741
vn -0.1622 0.9470 0.2774
vn 0.0070 0.9955 0.0950
vn 0.8810 -0.2491 -0.4021
vn 0.4940 -0.3308 -0.8041
vn -0.5974 0.7423 0.3034
vn -0.0087 -0.8173 -0.5761
vn 0.3261 0.9086 0.2609
vn -0.6324 -0.7441 0.2152
vn -0.9957 0.0322 0.0863
vn -0.2197 0.9640 0.1495
vn 0.1265 0.9634 0.2362
vn -0.9673 0.2290 0.1088
vn -0.9889 0.1427 0.0415
vn -0.8397 -0.2178 0.4975
vn -0.6283 0.6836 0.3714
vn -0.9934 -0.0924 0.0684
vn -0.6129 -0.7587 0.2209
vn -0.6536 -0.7473 0.1196
vn -0.7777 -0.6278 0.0315
vn -0.9450 -0.2928 0.1458
vn -0.9074 -0.2880 0.3061
vn -0.3127 0.8987 0.3076
vn -0.8156 -0.2895 -0.5010
vn 0.6241 -0.7812 -0.0126
vn -0.0135 0.9197 0.3923
vn -0.5244 0.2017 -0.8272
vn -0.3211 0.8042 0.5002
vn -0.9984 0.0237 -0.0522
vn -0.9444 0.0941 -0.3152
vn -0.7890 -0.5817 0.1979
vn -0.2194 0.6232 0.7507
vn -0.9982 0.0603 -0.0017
vn -0.9770 0.1281 -0.1708
vn -0.0732 0.9920 0.1028
vn -0.0912 -0.0765 -0.9929
vn 0.0763 0.4166 -0.9059
vn -0.0361 0.6007 0.7987
vn 0.8333 -0.1210 -0.5394
vn 0.0861 0.9607 0.2638
vn -0.2385 -0.9145 0.3268
vn 0.0636 -0.9835 -0.1694
vn -0.4206 0.0288 0.9068
vn 0.0594 -0.9853 -0.1601
vn 0.7783 -0.5175 -0.3556
vn -0.0707 -0.2390 0.9684
vn 0.6564 -0.6893 0.3065
vn -0.4607 -0.0040 0.8875
vn -0.0627 -0.9836 -0.1692
vn 0.8789 -0.3053 -0.3664
vn 0.2851 -0.8257 -0.4868
vn 0.1385 -0.9600 0.2432
vn 0.8116 -0.1935 0.5512
vn -0.5887 -0.4267 -0.6866
vn -0.4521 -0.1537 -0.8786
vn -0.2197 -0.0000 0.9756
vn -0.2197 -0.0011 0.9756
vn -0.4137 -0.9025 0.1196
vn -0.1202 -0.2546 0.9596
vn -0.9935 -0.0680 0.0912
vn -0.2077 -0.4334 -0.8769
vn -0.2965 -0.1131 -0.9483
vn -0.1776 -0.1997 0.9636
vn -0.6525 0.2927 -0.6989
vn 0.6861 -0.7125 0.1468
vn 0.6714 -0.4076 0.6190
vn -0.6333 0.1091 -0.7662
vn -0.8721 -0.1316 0.4712
vn -0.0863 -0.9857 -0.1445
vn -0.9369 0.1800 -0.2997
vn -0.9933 -0.0778 0.0855
vn 0.8640 -0.0333 -0.5024
vn -0.7680 -0.3873 -0.5101
vn 0.2215 0.9659 0.1344
vn 0.0109 0.9183 0.3957
vn 0.1295 -0.9713 -0.1994
vn -0.0449 -0.9858 0.1618
vn -0.2968 0.9414 0.1600
vn -0.4875 0.3473 -0.8011
vn -0.2602 -0.4417 0.8586
vn -0.1335 -0.4657 -0.8748
vn -0.0040 0.9287 0.3709
vn -0.0269 -0.5627 -0.8262
vn -0.1655 -0.3282 -0.9300
vn -0.9943 0.0431 0.0975
vn 0.4568 -0.1150 0.8821
vn -0.3019 0.9516 0.0579
vn -0.7542 0.1635 -0.6359
vn -0.1589 -0.1811 -0.9705
vn 0.6052 -0.2239 0.7639
vn -0.9935 0.0507 -0.1023
vn 0.2093 -0.0443 0.9768
vn -0.1462 0.5911 0.7932
vn -0.0486 0.7668 0.6401
vn -0.3835 -0.9188 -0.0932
vn 0.7850 0.5196 0.3374
vn -0.9973 0.0034 0.0731
vn -0.3595 0.9286 0.0915
vn -0.8784 -0.4779 -0.0112
vn -0.1420 -0.8003 -0.5826
vn 0.9705 -0.2411 0.0001
vn -0.2689 0.7561 0.5967
vn -0.2372 -0.9337 0.2683
vn 0.5654 -0.7818 0.2627
vn -0.5782 -0.8148 0.0419
vn 0.7072 -0.6079 0.3609
vn -0.1207 0.3675 0.9221
vn -0.2026 -0.1549 0.9669
vn -0.5706 0.8048 -0.1633
vn -0.4185 -0.9082 0.0037
vn -0.8109 -0.1652 0.5614
vn -0.8726 -0.1579 -0.4623
vn -0.0114 -0.9999 -0.0001
vn -0.9442 0.0415 0.3267
vn -0.3993 0.0239 0.9165
vn -0.5649 -0.1781 0.8057
vn 0.4953 -0.0419 0.8677
vn -0.6373 -0.0832 -0.7661
vn 0.3780 -0.7106 0.5935
vn 0.6530 -0.1499 -0.7424
vn -0.1747 0.5986 0.7818
vn -0.4323 -0.9012 0.0317
vn -0.5882 -0.3470 0.7305
vn 0.4779 -0.8783 -0.0127
vn -0.2854 0.0826 0.9548
vn 0.8875 -0.0781 0.4541
vn 0.9281 -0.3491 0.1293
vn -0.4449 -0.8791 0.1708
vn -0.6576 0.4410 0.6108
vn -0.3536 0.2827 -0.8917
vn -0.0976 -0.0613 -0.9933
vn -0.0584 0.4499 -0.8912
vn -0.8758 0.3354 0.3470
vn -0.2477 0.3707 -0.8951
vn -0.2979 0.7661 -0.5696
vn 0.0570 -0.4224 0.9046
vn -0.5627 0.6596 0.4983
vn -0.5905 0.3672 -0.7187
vn 0.5303 0.4942 0.6889
vn 0.0175 -0.9403 0.3399
vn -0.8432 -0.0829 0.5311
vn -0.4958 -0.4399 0.7488
vn 0.2413 0.8444 0.4783
vn -0.5540 0.7605 -0.3387
vn -0.5925 -0.1843 0.7842
vn -0.4983 0.0127 -0.8669
vn -0.1428 -0.5217 0.8411
vn -0.3902 0.4804 -0.7855
vn -0.4228 0.5548 -0.7166
vn 0.7968 0.4959 0.3451
vn 0.1962 0.8164 0.5431
vn 0.8160 0.2394 -0.5262
vn -0.2480 0.4793 -0.8418
vn -0.2374 -0.9135 0.3303
vn 0.7631 -0.5330 0.3655
vn -0.7014 -0.6078 0.3722
vn -0.0026 0.5732 -0.8194
vn 0.1415 0.0175 0.9898
vn -0.0327 -0.0502 0.9982
vn -0.2619 0.3880 -0.8837
vn -0.1761 -0.1821 0.9674
vn 0.0641 0.6357 0.7692
vn -0.2135 0.4421 -0.8712
vn 0.1309 -0.2228 -0.9660
vn 0.0633 -0.8119 -0.5804
vn -0.2169 0.2020 -0.9551
vn 0.7760 -0.3666 -0.5132
vn 0.2474 -0.1641 0.9549
vn 0.0842 -0.7322 0.6759
vn -0.1554 -0.0789 -0.9847
vn -0.9649 0.2039 0.1657
vn 0.7163 -0.6902 0.1028
vn 0.1589 -0.9286 -0.3354
vn -0.1390 -0.9734 -0.1824
vn -0.7795 -0.3433 0.5239
vn -0.0436 -0.9557 0.2911
vn 0.1274 -0.9635 0.2354
vn -0.9131 -0.1212 -0.3892
vn 0.6844 -0.3810 0.6216
vn 0.3202 -0.9464 0.0431
vn 0.0703 -0.9845 -0.1607
vn 0.5907 -0.7969 -0.1266
vn -0.1969 -0.1904 0.9618
vn 0.4442 -0.8469 -0.2924
vn 0.3217 -0.4306 -0.8433
vn 0.3808 -0.6130 0.6923
vn 0.3916 -0.1783 0.9027
vn -0.3314 0.0302 -0.9430
vn 0.3677 -0.9299 -0.0041
vn 0.3505 -0.9341 0.0674
vn -0.0135 -0.0315 0.9994
vn 0.6554 -0.7496 -0.0931
vn 0.8012 -0.1585 0.5771
vn -0.2784 -0.9329 -0.2284
vn -0.4412 0.8863 0.1404
vn -0.4577 -0.6609 -0.5948
vn 0.9750 -0.0838 0.2058
vn -0.1228 -0.7491 -0.6510
vn -0.3360 -0.6732 -0.6587
vn 0.0471 -0.2945 0.9545
vn -0.2532 -0.8910 -0.3767
vn -0.9758 -0.1612 -0.1480
vn -0.5621 -0.2285 -0.7949
vn 0.0291 -0.4713 -0.8815
vn -0.0408 -0.4935 -0.8688
vn 0.0070 -0.2761 -0.9611
vn 0.0594 0.2083 0.9763
vn -0.4674 0.5721 -0.6740
vn -0.5515 0.8338 -0.0225
vn -0.0547 -0.9984 -0.0175
vn -0.0937 -0.9692 -0.2276
vn -0.6522 0.3775 -0.6573
vn 0.1165 0.9875 0.1063
vn -0.3063 0.7571 0.5770
vn 0.2942 0.9054 -0.3062
vn 0.2524 0.7929 0.5546
vn -0.8525 -0.5228 -0.0020
vn -0.1852 0.0305 0.9822
vn 0.9366 -0.3196 -0.1440
vn 0.8021 0.5626 -0.2003
vn 0.5710 -0.1000 0.8149
vn -0.6390 -0.2139 0.7389
vn 0.8379 -0.3402 -0.4268
vn 0.3310 -0.4088 0.8505
vn -0.3278 -0.0905 -0.9404
vn -0.4553 -0.0488 -0.8890
vn -0.5526 -0.0240 -0.8331
vn 0.3302 0.3366 0.8819
vn -0.6419 0.0408 -0.7657
vn 0.5856 -0.3441 0.7340
vn 0.5039 0.7551 -0.4194
vn -0.0016 0.0483 -0.9988
vn -0.2398 -0.2211 -0.9453
vn -0.1793 0.4710 0.8637
vn -0.1415 -0.9769 -0.1602
vn 0.3084 0.4851 -0.8183
vn -0.9914 0.0911 -0.0943
vn -0.2876 -0.9369 0.1987
vn -0.9604 -0.2647 0.0873
vn -0.5202 -0.7303 -0.4428
vn -0.4193 -0.8723 0.2515
vn 0.3918 0.5501 0.7375
vn -0.4067 -0.1902 0.8935
vn 0.0642 -0.9906 -0.1207
vn -0.3087 -0.9386 -0.1539
vn -0.8566 -0.2450 0.4542
vn -0.9210 -0.1240 0.3693
vn -0.0470 -0.9695 -0.2405
vn 0.7606 0.3170 -0.5666
vn 0.2116 0.5621 0.7996
vn -0.2340 0.8402 0.4893
vn -0.5103 0.1766 0.8417
vn -0.9114 -0.3630 0.1936
vn -0.1961 0.4448 0.8739
vn -0.9927 -0.0258 -0.1178
vn 0.9291 0.0604 0.3649
vn -0.2301 -0.9439 0.2370
vn -0.2003 -0.8457 -0.4946
vn -0.6376 -0.1921 0.7461
vn -0.6851 0.1321 -0.7164
vn 0.2467 -0.7037 0.6662
vn 0.1839 0.9762 0.1151
vn 0.3270 0.4693 0.8203
vn 0.7660 0.1502 0.6251
vn 0.9310 -0.2750 0.2399
vn -0.1136 -0.9909 0.0726
vn -0.0152 -0.2840 0.9587
vn -0.5230 -0.7782 -0.3475
vn -0.2880 -0.9563 -0.0496
vn 0.0593 -0.5721 -0.8180
vn -0.3523 -0.3503 -0.8679
vn -0.4640 0.5881 0.6625
vn 0.3129 -0.1621 0.9358
vn -0.5359 -0.8079 -0.2453
vn 0.9279 -0.0901 -0.3619
vn 0.4047 -0.6100 -0.6813
vn 0.0136 0.1402 -0.9900
vn 0.0826 -0.2182 -0.9724
vn -0.8440 -0.3722 0.3862
vn 0.0399 -0.3754 -0.9260
vn 0.3771 -0.8720 0.3121
vn -0.8589 -0.5103 -0.0438
vn -0.4945 0.0223 -0.8689
vn -0.3278 0.1025 -0.9392
vn 0.8532 -0.1413 0.5021
vn 0.0041 -0.9351 -0.3545
vn -0.0195 -0.3978 -0.9172
vn 0.1713 -0.5555 -0.8137
vn 0.3169 -0.4544 -0.8325
vn 0.0481 -0.9972 0.0571
vn -0.4782 0.0254 -0.8779
vn -0.5880 -0.8045 0.0839
vn -0.0365 0.1693 -0.9849
vn -0.1460 -0.5013 -0.8529
vn -0.1191 -0.2203 0.9681
vn 0.4766 -0.8754 -0.0808
vn 0.9824 0.0985 0.1585
vn -0.1515 -0.6471 -0.7472
vn 0.1084 -0.9766 0.1856
vn 0.2643 -0.1078 -0.9584
vn -0.3732 0.3611 0.8546
vn 0.2036 0.5298 0.8233
vn -0.7840 0.1117 0.6106
vn 0.4107 -0.9117 -0.0069
vn 0.4549 -0.8675 0.2012
vn 0.5449 0.4659 0.6972
vn 0.3065 -0.9164 -0.2574
vn -0.5797 -0.7096 -0.4005
vn -0.9596 0.1053 0.2608
vn 0.6177 -0.7807 0.0946
vn -0.6883 -0.6553 0.3113
vn -0.1509 -0.3438 -0.9268
vn -0.9280 0.3592 0.0990
vn 0.8214 -0.4261 -0.3791
vn 0.7470 0.4164 -0.5183
vn 0.0882 0.4035 -0.9107
vn -0.9920 -0.0415 -0.1188
vn 0.4507 0.0511 -0.8912
vn -0.5010 0.1002 0.8596
vn 0.5161 -0.5527 -0.6544
vn 0.6014 0.4064 0.6879
vn -0.7418 0.1347 0.6569
vn -0.2934 0.2749 0.9156
vn -0.8943 0.2517 -0.3699
vn -0.5914 -0.1274 0.7963
vn -0.6327 0.0420 0.7733
vn 0.9822 -0.1773 0.0615
vn -0.7905 0.3801 -0.4802
vn 0.0681 -0.9696 -0.2349
vn 0.7051 0.3558 -0.6134
vn 0.0667 0.9766 -0.2044
vn -0.9057 0.2375 -0.3512
vn -0.5631 0.2287 -0.7941
vn 0.9011 0.0971 -0.4227
vn 0.1772 -0.1480 -0.9730
vn 0.2573 0.4237 -0.8685
vn -0.0932 0.6811 0.7263
vn -0.1667 -0.7573 -0.6315
vn 0.5232 -0.0157 -0.8521
vn -0.3067 0.6407 0.7039
vn -0.3188 0.1298 -0.9389
vn 0.1489 0.5448 -0.8253
vn 0.2756 -0.2542 0.9271
vn 0.1193 -0.6889 -0.7150
vn 0.0767 -0.9716 0.2241
vn -0.4464 0.7733 0.4503
vn -0.4542 0.6501 0.6092
vn -0.3239 0.6086 -0.7243
vn 0.2163 0.5013 0.8378
vn 0.4700 -0.6426 -0.6051
vn -0.5790 -0.3876 -0.7173
vn -0.5311 0.8041 -0.2670
vn -0.1830 -0.3069 0.9340
vn 0.5209 0.5190 0.6777
vn 0.5081 0.3839 -0.7710
vn 0.9897 0.0567 0.1317
vn 0.0390 0.4368 0.8987
vn -0.7296 -0.6224 -0.2833
vn -0.7735 0.3444 -0.5321
vn -0.5182 -0.8434 0.1415
vn 0.0133 0.9104 -0.4134
vn -0.4571 0.6655 0.5901
vn -0.3315 -0.4208 -0.8444
vn -0.4549 0.3115 -0.8343
vn -0.4534 0.4303 0.7805
vn -0.9879 0.1073 -0.1121
vn -0.2028 -0.1269 0.9710
vn -0.0773 0.9760 -0.2038
vn -0.5048 0.8378 -0.2079
vn -0.3131 -0.6307 -0.7100
vn -0.9104 0.0501 -0.4106
vn 0.0263 0.7324 -0.6803
vn 0.8959 -0.1240 0.4266
vn 0.2138 -0.4591 -0.8623
vn -0.1887 0.9046 -0.3823
vn -0.4529 -0.0642 -0.8892
vn -0.2251 0.9228 0.3128
vn -0.7051 -0.6182 0.3474
vn -0.7217 0.4882 -0.4907
vn 0.0135 -0.2022 0.9792
vn 0.0194 0.3033 0.9527
vn 0.0194 0.9396 -0.3417
vn -0.2128 0.7115 0.6696
vn -0.1069 0.9936 -0.0360
vn 0.0516 0.4596 0.8866
vn 0.0489 -0.3079 -0.9502
vn -0.7088 -0.1800 0.6820
vn -0.0307 0.6399 0.7679
vn -0.9954 -0.0892 0.0346
vn -0.8915 -0.1987 -0.4070
vn 0.2296 -0.9384 -0.2580
vn -0.2300 0.1642 0.9592
vn -0.0015 0.3310 -0.9436
vn -0.6595 0.5228 -0.5401
vn -0.9761 -0.1944 0.0972
vn -0.1343 0.7373 -0.6621
vn -0.2265 0.6261 0.7461
vn 0.8864 0.1891 -0.4226
vn -0.5906 -0.7895 -0.1669
vn -0.0721 0.5863 -0.8069
vn -0.2710 -0.5367 0.7991
vn -0.4307 0.1603 0.8881
vn 0.8342 0.4867 -0.2592
vn 0.9598 0.1402 0.2434
vn 0.2666 0.3766 -0.8872
vn -0.9991 0.0042 -0.0410
vn -0.4157 0.4202 0.8066
vn -0.3464 -0.6734 0.6531
vn -0.9844 -0.1708 0.0420
vn -0.0945 0.6631 0.7425
vn -0.2901 0.6970 0.6558
vn -0.1683 -0.0070 0.9857
vn -0.4632 -0.6802 0.5682
vn -0.9963 -0.0166 0.0843
vn -0.2010 -0.0376 -0.9789
vn -0.2373 0.7959 0.5570
vn 0.0538 0.4776 -0.8769
vn 0.0460 -0.5662 -0.8229
vn 0.4170 0.5687 0.7090
vn 0.0528 0.3708 0.9272
vn 0.8665 -0.0591 0.4956
vn -0.5195 0.5902 0.6178
vn 0.6803 -0.3321 0.6533
vn 0.1060 -0.3404 -0.9343
vn -0.1761 0.9641 -0.1986
vn -0.0532 0.2870 0.9565
vn 0.5544 0.0862 -0.8277
vn 0.0266 0.9504 0.3098
vn 0.4698 0.3457 0.8123
vn 0.7177 0.6744 -0.1735
vn -0.9543 0.0651 0.2916
vn -0.2919 0.6222 -0.7264
vn 0.3482 0.4449 -0.8251
vn 0.1259 0.9520 0.2791
vn -0.6758 0.4046 -0.6161
vn -0.0632 0.9227 0.3802
vn 0.1147 0.2910 -0.9498
vn 0.0071 0.3540 -0.9352
vn -0.9992 -0.0165 -0.0363
vn 0.4313 0.7995 0.4182
vn -0.2485 -0.6915 -0.6783
vn -0.1157 0.6391 -0.7604
vn 0.8216 0.5489 0.1537
vn 0.1872 0.7398 -0.6463
vn 0.0410 0.9077 0.4177
vn -0.7461 0.3673 -0.5554
vn -0.3487 -0.0293 0.9368
vn -0.0017 0.9589 0.2837
vn 0.6673 0.4278 0.6097
vn -0.9085 -0.3756 -0.1831
vn 0.7117 0.2484 0.6571
vn 0.9871 -0.0868 -0.1348
vn 0.0004 -0.9113 -0.4116
vn 0.4253 -0.1914 0.8846
vn -0.0633 -0.2066 0.9764
vn -0.0110 -0.7720 -0.6356
vn 0.6740 -0.7289 0.1199
vn 0.0666 0.9566 0.2838
vn -0.9913 -0.0926 -0.0933
vn 0.5589 -0.3497 0.7519
vn 0.7152 0.0713 -0.6953
vn 0.7562 -0.4937 -0.4294
vn -0.0707 0.9135 0.4006
vn -0.0259 0.8771 -0.4795
vn -0.3894 -0.7796 -0.4906
vn -0.8998 0.2753 -0.3386
vn 0.8318 0.5424 0.1175
vn -0.6710 -0.0873 -0.7363
vn 0.5455 0.7489 0.3763
vn -0.3566 0.0827 0.9306
vn 0.3505 0.8120 0.4667
vn -0.2751 0.4666 -0.8406
vn 0.7359 0.0205 -0.6768
vn -0.3247 0.8799 -0.3469
vn -0.4749 0.4044 -0.7816
vn -0.7038 0.4672 0.5351
vn 0.5759 0.4494 -0.6829
vn -0.7789 -0.1301 -0.6135
vn 0.9134 -0.2747 0.3003
vn 0.4857 0.6750 -0.5554
vn -0.4183 0.6255 0.6586
vn -0.9252 0.0027 0.3796
vn 0.7116 0.6946 0.1056
vn 0.2125 0.9690 0.1261
vn -0.8366 -0.2543 0.4852
vn 0.3818 0.9234 0.0381
vn 0.4996 0.3529 -0.7911
vn 0.5573 -0.0907 0.8254
vn -0.9000 -0.0912 -0.4262
vn 0.5648 0.3378 -0.7529
vn -0.1814 0.5267 -0.8305
vn 0.0191 0.9847 0.1730
vn -0.5763 0.7740 -0.2624
vn -0.7455 -0.0859 0.6609
vn -0.4606 -0.1434 0.8760
vn 0.0911 0.5322 -0.8417
vn 0.3309 0.1089 -0.9374
vn -0.2784 0.7903 0.5458
vn -0.3030 0.8485 -0.4339
vn 0.2216 0.4830 0.8471
vn -0.1787 0.2185 0.9593
vn -0.0083 0.9996 0.0269
vn -0.0187 0.8204 0.5715
vn -0.1349 0.5853 0.7995
vn -0.2866 0.9281 -0.2378
vn -0.0124 0.9754 -0.2199
vn -0.4651 0.8841 0.0442
vn 0.2004 0.7369 0.6457
vn 0.1495 0.3824 -0.9118
vn 0.5494 0.3427 -0.7620
vn -0.0725 0.1013 -0.9922
vn 0.1683 -0.1569 0.9732
vn 0.0142 0.2043 0.9788
vn 0.8981 -0.4386 -0.0333
vn -0.6326 -0.2070 -0.7463
vn -0.3236 0.1301 0.9372
vn 0.7792 0.4587 -0.4272
vn -0.1068 0.6665 -0.7378
vn -0.8988 0.3699 -0.2353
vn 0.3516 -0.8836 0.3093
vn -0.4770 0.5398 -0.6936
vn 0.5907 0.4882 0.6424
vn 0.5490 -0.8186 -0.1689
vn -0.9522 0.0671 0.2981
vn -0.4528 0.8851 0.1073
vn -0.5012 -0.5234 -0.6891
vn -0.2785 0.7542 -0.5947
vn -0.0844 0.9901 0.1124
vn 0.9830 0.1285 -0.1315
vn -0.7958 -0.0202 -0.6052
vn 0.0497 0.8882 0.4568
vn -0.1199 0.8635 -0.4900
vn 0.9420 -0.1102 -0.3169
vn -0.7502 0.6042 -0.2685
vn -0.8692 0.3219 -0.3753
vn -0.0085 0.0947 0.9955
vn 0.0164 0.9007 0.4341
vn -0.9454 0.3205 0.0588
vn -0.8919 -0.4360 0.1202
vn 0.3900 0.4949 0.7765
vn -0.3448 0.8967 0.2775
vn -0.8879 0.0601 -0.4561
vn -0.1656 -0.3935 -0.9043
vn 0.8847 -0.4512 -0.1174
vn -0.9930 -0.0396 0.1116
vn 0.3172 0.7376 0.5961
vn 0.0078 0.9874 0.1582
vn 0.8403 -0.0865 0.5351
vn 0.2581 -0.1472 -0.9548
vn 0.9178 -0.3359 0.2119
vn 0.4152 -0.5768 -0.7035
vn -0.7484 -0.5367 -0.3896
vn 0.9902 -0.0129 0.1392
vn 0.8447 -0.0269 -0.5346
vn -0.2981 -0.6234 -0.7228
vn 0.1622 -0.9389 0.3036
vn -0.3946 -0.5307 -0.7501
vn 0.7250 -0.6168 -0.3066
vn 0.1244 -0.9249 0.3592
vn -0.4227 -0.9061 -0.0175
vn -0.1117 -0.9891 -0.0960
vn 0.2741 -0.9165 -0.2914
vn -0.1010 -0.9464 0.3067
vn 0.0030 -0.9815 -0.1913
vn 0.2484 0.2720 0.9297
vn 0.4487 -0.0826 0.8899
vn -0.4879 -0.8616 0.1398
vn 0.6611 -0.2608 -0.7036
vn -0.2226 -0.6080 0.7621
vn -0.1941 -0.2181 0.9564
vn 0.9567 -0.2881 0.0421
vn -0.0873 -0.9656 -0.2448
vn 0.7414 0.2985 0.6009
vn 0.1058 -0.9732 -0.2042
vn -0.2967 -0.9335 -0.2013
vn 0.1108 0.8079 -0.5788
vn -0.9938 -0.1096 0.0166
vn 0.2084 -0.9772 0.0410
vn -0.3599 0.4053 -0.8404
vn 0.8345 -0.5411 -0.1040
vn -0.9418 -0.2965 0.1584
vn -0.9587 -0.2802 0.0488
vn 0.9903 -0.0775 -0.1151
vn -0.3818 -0.9108 -0.1570
vn -0.4564 0.8772 0.1488
vn -0.2546 -0.7671 -0.5888
vn 0.4643 -0.1825 0.8667
vn -0.7113 -0.5192 0.4738
vn -0.2649 -0.9419 0.2064
vn -0.5166 -0.8486 -0.1141
vn 0.2214 -0.9689 -0.1110
vn -0.1573 -0.9664 -0.2035
vn -0.8141 0.3400 0.4708
vn -0.6148 -0.7879 -0.0336
vn 0.5230 -0.0970 0.8468
vn -0.1957 -0.9667 -0.1651
vn -0.9555 -0.2002 0.2169
vn 0.6914 -0.7036 -0.1638
vn -0.5671 -0.7231 -0.3943
vn -0.8802 -0.1265 -0.4574
vn 0.0637 -0.8397 -0.5393
vn 0.3859 0.0035 -0.9225
vn 0.9922 -0.0718 0.1019
vn 0.0776 -0.3946 0.9156
vn -0.5127 -0.8514 -0.1108
vn -0.9367 -0.3478 0.0410
vn 0.4398 -0.0391 0.8972
vn -0.9676 -0.1435 -0.2079
vn -0.3280 -0.6944 -0.6405
vn 0.0874 -0.9961 0.0128
vn -0.6898 -0.3256 0.6466
vn 0.6057 -0.7595 -0.2372
vn 0.2816 -0.9316 0.2296
vn -0.9101 -0.4120 0.0433
vn 0.7471 -0.1718 0.6421
vn 0.1401 -0.7584 -0.6366
vn -0.9881 -0.1372 -0.0690
vn -0.6139 -0.7054 0.3543
vn -0.6216 -0.7289 0.2868
vn -0.6702 -0.7359 -0.0967
vn -0.5414 -0.7568 0.3662
vn 0.9745 -0.0848 0.2079
vn 0.8080 -0.3987 0.4339
vn 0.0116 -0.6904 -0.7233
vn -0.5205 -0.3072 -0.7967
vn 0.8869 -0.2076 -0.4128
vn 0.4717 -0.7958 0.3797
vn -0.5436 -0.1626 0.8234
vn 0.9315 -0.3233 -0.1669
vn -0.3922 -0.9129 -0.1127
vn -0.9501 -0.3056 0.0617
vn 0.5420 -0.8243 -0.1635
vn 0.0656 -0.9484 -0.3103
vn 0.4993 -0.3835 0.7769
vn 0.5080 0.0361 -0.8606
vn -0.8943 -0.4452 0.0448
vn -0.9987 -0.0475 0.0167
vn 0.0216 -0.3183 0.9477
vn -0.5669 0.1099 0.8164
vn -0.6444 -0.7617 0.0669
vn -0.3587 0.1414 -0.9227
vn 0.1461 0.9844 0.0979
vn 0.1483 0.5939 -0.7907
vn 0.7626 0.5718 0.3025
vn -0.8726 -0.0432 -0.4865
vn 0.9153 -0.3597 -0.1813
vn -0.4424 0.3879 0.8086
vn -0.9351 0.1809 0.3049
vn 0.7660 0.1198 -0.6316
vn -0.4298 -0.6965 0.5746
vn -0.4996 -0.8615 0.0908
vn -0.0476 0.9786 -0.2004
vn 0.6824 -0.2781 0.6760
vn -0.1112 0.0127 -0.9937
vn 0.3669 -0.9301 -0.0165
vn 0.5915 -0.6784 -0.4358
vn -0.8680 0.1396 0.4765
vn -0.3738 0.0896 0.9232
vn 0.9682 0.0513 -0.2451
vn 0.9532 -0.1866 0.2379
vn -0.7737 0.4756 -0.4185
vn -0.9503 0.2917 -0.1084
vn -0.0474 0.0481 0.9977
vn 0.1955 0.9614 -0.1939
vn -0.0274 0.6288 0.7771
vn -0.5583 0.4608 0.6899
vn 0.9585 -0.2603 0.1165
vn -0.4390 0.5495 0.7109
vn 0.5776 -0.4469 -0.6831
vn -0.3147 -0.0675 0.9468
vn 0.1505 -0.3858 0.9102
vn 0.4710 0.1248 0.8733
vn 0.7133 -0.0584 -0.6984
vn -0.7847 0.3821 0.4881
vn 0.6443 0.1340 0.7530
vn 0.3347 0.4754 0.8136
vn -0.2752 -0.2793 0.9199
vn -0.6179 -0.0746 0.7827
vn -0.2604 -0.2124 0.9418
vn -0.1212 -0.0958 0.9880
vn 0.5987 0.7277 0.3348
vn -0.7416 -0.4818 -0.4668
vn -0.1855 0.6558 0.7318
vn 0.2682 0.5285 0.8055
vn -0.2534 0.5679 0.7831
vn -0.6667 0.6509 -0.3631
vn -0.1657 -0.5410 -0.8245
vn 0.4489 -0.5726 -0.6860
vn 0.8272 -0.1607 0.5385
vn -0.5586 0.2098 0.8024
vn 0.8061 -0.4417 0.3939
vn 0.1810 -0.9764 -0.1174
vn 0.8980 -0.0685 0.4346
vn 0.9918 -0.0514 0.1174
vn -0.1193 0.9314 0.3439
vn 0.8576 -0.5117 0.0524
vn -0.2450 0.9416 0.2312
vn 0.1724 0.5487 0.8180
vn 0.8705 0.2926 0.3959
vn -0.0742 -0.4956 0.8654
vn -0.1994 -0.9709 -0.1329
vn 0.0037 -0.9972 -0.0751
vn -0.6824 0.0708 0.7276
vn 0.0999 -0.1289 0.9866
vn -0.4646 0.1058 0.8792
vn 0.7010 0.2195 0.6785
vn -0.3500 0.4788 0.8052
vn -0.8017 -0.4139 -0.4311
vn -0.3531 -0.1646 0.9210
vn -0.5483 -0.7964 0.2551
vn 0.5629 -0.6771 0.4741
vn -0.2210 -0.1681 -0.9607
vn 0.5539 0.6395 0.5331
vn -0.1696 0.3561 0.9190
vn -0.4144 0.1460 0.8983
vn -0.8332 -0.2114 0.5110
vn -0.5056 -0.6484 -0.5692
vn -0.2407 0.4733 0.8474
vn -0.1998 -0.1244 0.9719
vn -0.7998 -0.1283 0.5864
vn 0.0660 -0.9963 0.0542
vn -0.9034 -0.2802 -0.3247
vn 0.3798 -0.8763 0.2963
vn -0.0398 -0.0724 0.9966
vn -0.4163 -0.1781 0.8916
vn -0.1324 0.5714 0.8099
vn -0.2491 0.5255 0.8135
vn -0.9591 -0.2805 -0.0381
vn -0.9688 0.2403 -0.0615
vn 0.3898 -0.9201 -0.0388
vn -0.9090 -0.3377 -0.2442
vn -0.9515 -0.1391 -0.2745
vn 0.8513 0.4657 0.2417
vn 0.5148 -0.8306 -0.2121
vn 0.0366 -0.8707 0.4905
vn -0.9550 -0.2331 -0.1835
vn 0.0498 -0.9598 -0.2761
vn -0.4000 -0.3606 0.8426
vn -0.0032 -0.9255 -0.3788
vn 0.7494 0.3571 0.5576
vn 0.0103 -0.9343 0.3564
vn 0.4826 0.0366 -0.8751
vn 0.6420 -0.7124 -0.2832
vn 0.5519 -0.8003 -0.2343
vn 0.0721 0.9629 0.2601
vn 0.9480 -0.3037 0.0949
vn 0.0771 -0.3793 -0.9221
vn -0.7340 0.6145 0.2893
vn -0.1736 0.3753 -0.9105
vn -0.9510 0.0180 -0.3088
vn 0.5604 -0.5665 0.6042
vn -0.6936 0.2650 -0.6698
vn 0.9203 -0.1195 -0.3724
vn 0.9287 0.0284 0.3697
vn 0.1140 0.2150 -0.9699
vn 0.3250 0.0712 0.9430
vn 0.9446 -0.2919 -0.1500
vn -0.3005 -0.5376 0.7878
vn 0.4592 -0.4152 0.7853
vn -0.3601 -0.8745 -0.3250
vn -0.3402 -0.5352 0.7732
vn 0.5661 -0.2768 -0.7765
vn 0.1593 0.4179 -0.8944
vn 0.5923 -0.2990 -0.7482
vn 0.9277 -0.3644 0.0814
vn -0.0943 -0.5500 -0.8298
vn 0.8806 0.1823 -0.4374
vn 0.2686 -0.8481 -0.4568
vn 0.5554 0.5107 0.6563
vn -0.0601 0.8658 -0.4967
vn 0.4719 -0.0179 -0.8815
vn -0.7278 -0.3788 0.5717
vn 0.0374 -0.9871 -0.1558
vn -0.4799 -0.6448 0.5949
vn -0.9869 -0.1217 0.1055
vn -0.9127 -0.3753 0.1616
vn -0.0208 -0.9784 0.2057
vn 0.1501 -0.7178 0.6799
vn -0.8826 0.0031 -0.4701
vn -0.4483 0.0487 0.8926
vn 0.9963 0.0825 0.0239
vn 0.3975 -0.0468 -0.9164
vn 0.8909 0.1269 0.4360
vn -0.7383 -0.6128 -0.2818
vn 0.2733 -0.1602 0.9485
vn -0.2987 -0.1059 0.9485
vn 0.9083 -0.3681 -0.1987
vn -0.5179 0.7116 0.4748
vn 0.2917 -0.4835 -0.8253
vn 0.3310 -0.3922 0.8582
vn 0.2375 -0.9410 0.2411
vn 0.9440 0.3061 -0.1236
vn -0.1330 0.5141 -0.8473
vn -0.0012 -0.6006 -0.7995
vn -0.2424 -0.9695 -0.0357
vn 0.0048 -0.9996 -0.0262
vn 0.9937 -0.0686 0.0881
vn -0.0423 0.8596 -0.5092
vn -0.0698 0.0269 0.9972
vn -0.2279 -0.3280 -0.9168
vn 0.3004 0.3665 0.8806
vn 0.7334 -0.6563 0.1772
vn -0.0534 -0.1589 0.9859
vn 0.5621 -0.0586 -0.8250
vn 0.9955 0.0884 -0.0353
vn 0.1067 -0.3298 -0.9380
vn 0.1224 -0.7556 -0.6436
vn 0.9743 -0.1057 0.1987
vn 0.8491 0.4051 -0.3392
vn -0.9100 0.2913 -0.2952
vn 0.3710 -0.9207 -0.1212
vn 0.9387 -0.3418 0.0449
vn 0.5888 0.5032 -0.6325
vn 0.6978 0.3976 -0.5959
vn 0.8331 0.3080 -0.4595
vn 0.0609 0.9838 0.1687
vn 0.6793 0.5142 -0.5237
vn 0.9986 -0.0520 0.0038
vn 0.7813 -0.3482 0.5180
vn -0.0682 -0.3484 -0.9349
vn 0.9602 -0.1855 -0.2086
vn 0.2636 -0.1773 0.9482
vn 0.5934 -0.8018 -0.0702
vn 0.7793 0.2475 -0.5758
vn 0.5549 0.2393 -0.7967
vn 0.5854 0.3382 -0.7369
vn 0.1887 -0.7456 0.6391
vn 0.9794 0.1242 -0.1591
vn 0.9805 0.0869 0.1763
vn 0.4412 0.0255 0.8970
vn 0.7446 -0.3712 0.5547
vn 0.7849 -0.2370 -0.5725
vn 0.1362 -0.1404 -0.9807
vn 0.1570 -0.8772 -0.4537
vn 0.9845 0.0213 0.1741
vn -0.8326 -0.4886 0.2610
vn 0.9340 0.3178 0.1632
vn 0.8344 -0.4626 0.2996
vn 0.6780 0.0492 0.7334
vn -0.3187 0.4745 0.8205
vn -0.9802 -0.1462 -0.1334
vn -0.5668 0.1465 0.8107
vn 0.1999 0.2569 -0.9455
vn 0.5495 0.0493 0.8340
vn -0.2953 -0.0133 0.9553
vn 0.6710 0.7190 -0.1810
vn 0.9416 0.2387 -0.2376
vn 0.7047 -0.6202 0.3446
vn 0.9355 -0.3073 -0.1742
vn -0.2738 0.3756 -0.8854
vn 0.9411 0.2484 -0.2293
vn 0.1188 0.8639 0.4895
vn 0.7397 0.6729 0.0124
vn 0.8808 -0.1893 -0.4339
vn -0.2619 0.0880 0.9611
vn 0.1837 -0.8510 0.4920
vn 0.7479 0.6417 0.1699
vn 0.8114 -0.5347 -0.2361
vn 0.8241 -0.0304 0.5657
vn -0.7348 0.3613 -0.5740
vn 0.5067 0.1742 -0.8444
vn 0.7583 0.6245 -0.1869
vn 0.6817 0.4507 -0.5764
vn 0.8746 0.4847 -0.0071
vn 0.5383 0.8419 0.0382
vn 0.9489 -0.2871 -0.1308
vn -0.1428 0.0598 0.9879
vn -0.0349 0.9971 0.0673
vn 0.6828 0.7077 -0.1814
vn -0.0533 -0.6905 0.7214
vn 0.7922 0.5741 0.2069
vn -0.0856 0.9903 -0.1093
vn -0.0355 0.9984 0.0437
vn -0.1383 -0.9900 0.0268
vn 0.6994 0.6202 0.3552
vn -0.8630 -0.4502 -0.2291
vn 0.3961 -0.0522 0.9167
vn 0.8446 0.5307 0.0709
vn 0.2400 -0.0221 0.9705
vn 0.3679 0.8373 0.4045
vn 0.6934 0.4443 -0.5672
vn 0.5422 0.7791 0.3147
vn 0.6487 0.4031 0.6456
vn -0.7020 0.3765 -0.6045
vn 0.7136 0.6632 0.2257
vn -0.3926 -0.9189 0.0389
vn 0.7660 0.2751 -0.5810
vn 0.8501 0.5266 -0.0081
vn 0.7328 0.6051 -0.3112
vn 0.8556 -0.1497 -0.4955
vn 0.1570 0.9424 0.2953
vn 0.9227 0.1155 0.3677
vn 0.2213 0.7548 0.6175
vn -0.1646 -0.2235 -0.9607
vn 0.0777 0.9653 0.2493
vn 0.8733 0.4670 0.1384
vn 0.8246 0.5604 0.0774
vn 0.5465 0.0340 0.8368
vn 0.1097 0.8512 0.5132
vn 0.7104 0.0639 0.7008
vn 0.6710 0.4253 0.6073
vn -0.0063 0.5094 -0.8605
vn 0.3590 -0.1548 0.9204
vn 0.8673 0.4790 0.1354
vn -0.3616 0.5498 -0.7530
vn 0.2769 -0.3689 -0.8873
vn 0.3526 0.9341 0.0558
vn -0.9900 0.0899 -0.1085
vn -0.0739 0.4106 -0.9088
vn 0.7799 0.2867 0.5564
vn -0.4815 -0.6625 0.5739
vn -0.8327 -0.0084 -0.5536
vn 0.7380 0.6696 0.0837
vn 0.7749 0.5912 0.2235
vn -0.7893 -0.1346 -0.5991
vn -0.9561 0.1680 -0.2401
vn -0.3631 -0.8732 -0.3252
vn 0.3084 -0.2142 0.9268
vn 0.9396 0.3413 0.0246
vn -0.3064 -0.3971 0.8652
vn 0.7709 0.1118 0.6270
vn -0.8299 -0.4795 0.2852
vn 0.0978 -0.1843 -0.9780
vn 0.8182 0.5636 0.1135
vn -0.1084 0.0382 -0.9934
vn 0.6663 0.5101 0.5439
vn -0.6648 -0.1096 -0.7389
vn 0.7792 -0.5200 -0.3501
vn 0.5960 0.7047 0.3850
vn -0.2412 -0.9701 0.0254
vn 0.7969 0.5519 0.2459
vn 0.7472 0.5832 0.3188
vn -0.9865 0.1632 0.0110
vn 0.8808 0.4641 0.0936
vn 0.6892 0.6470 0.3262
vn 0.9277 0.3597 0.1003
vn 0.3086 -0.3107 -0.8990
vn 0.4913 -0.2720 0.8274
vn 0.7300 0.5032 -0.4625
vn 0.7649 -0.4367 0.4735
vn -0.0626 -0.9278 -0.3679
vn 0.4287 0.9020 0.0519
vn 0.1863 -0.9805 -0.0617
vn 0.7873 -0.4322 0.4398
vn 0.3277 -0.3054 -0.8941
vn 0.6404 0.4149 -0.6463
vn -0.1323 -0.6008 -0.7884
vn 0.4241 -0.0055 -0.9056
vn 0.9085 -0.4171 0.0245
vn 0.9065 -0.4091 0.1044
vn 0.8448 -0.2814 0.4551
vn 0.3609 -0.9324 0.0177
vn 0.9755 -0.0930 0.1993
vn 0.9479 -0.2935 0.1235
vn 0.6492 0.2687 -0.7116
vn 0.9146 -0.1918 0.3561
vn -0.8508 -0.4566 -0.2601
vn 0.6332 -0.7740 -0.0036
vn 0.5174 0.5882 0.6215
vn 0.8914 -0.2498 0.3782
vn 0.4224 0.4856 0.7653
vn -0.4707 0.2757 -0.8381
vn -0.0487 0.0474 -0.9977
vn 0.1087 -0.7871 -0.6071
vn 0.1892 -0.1964 -0.9621
vn 0.0868 -0.8844 -0.4585
vn 0.3849 -0.6036 -0.6982
vn -0.5683 0.1686 -0.8053
vn 0.4229 0.7276 0.5402
vn 0.9475 0.3080 0.0864
vn 0.8251 0.3601 -0.4354
vn 0.0016 0.4033 -0.9151
vn 0.1490 -0.9708 -0.1882
vn 0.6303 -0.5685 -0.5286
vn 0.9963 0.0283 0.0810
vn 0.7732 -0.3676 -0.5167
vn 0.5738 -0.7719 -0.2737
vn 0.9723 0.0384 0.2305
vn 0.9873 0.1175 0.1073
vn 0.1409 -0.2091 -0.9677
vn -0.6425 0.1016 -0.7595
vn -0.3885 -0.9212 -0.0226
vn 0.0227 -0.9680 -0.2499
vn 0.8678 -0.4579 0.1930
vn -0.2545 -0.9638 0.0797
vn 0.9799 -0.1918 -0.0547
vn 0.9097 0.1342 0.3929
vn -0.8079 -0.5773 0.1186
vn -0.2339 -0.7223 0.6508
vn 0.9083 0.1655 0.3842
vn 0.4083 -0.2157 -0.8870
vn 0.7184 -0.2564 -0.6466
vn -0.9927 0.0072 -0.1201
vn -0.4276 -0.8208 -0.3787
vn 0.6505 -0.5474 -0.5264
vn 0.7605 0.1758 0.6251
vn 0.7143 -0.5177 -0.4708
vn 0.2998 -0.4026 0.8649
vn -0.0244 -0.5854 -0.8103
vn 0.3487 -0.3669 0.8624
vn -0.9887 -0.0899 0.1197
vn 0.8312 -0.5401 0.1320
vn 0.3169 0.4459 -0.8371
vn 0.3804 -0.8973 0.2240
vn 0.0159 -0.4911 -0.8709
vn -0.1818 -0.9822 0.0467
vn 0.9387 -0.2576 -0.2292
vn 0.2279 -0.0192 0.9735
vn 0.1576 0.0527 0.9861
vn 0.9997 0.0160 -0.0179
vn -0.3178 0.3725 -0.8719
vn 0.9662 0.2435 -0.0852
vn -0.9196 0.0732 0.3859
vn 0.5652 0.2198 -0.7951
vn -0.4618 0.4090 0.7871
vn -0.4801 0.8661 -0.1394
vn 0.1661 -0.8794 -0.4463
vn 0.6848 -0.6905 0.2328
vn 0.9284 -0.1657 0.3327
vn -0.1554 -0.2383 -0.9587
vn 0.8938 0.4427 0.0713
vn -0.8254 -0.4149 0.3829
vn -0.6695 -0.6603 0.3402
vn 0.9941 0.0349 0.1028
vn -0.8228 -0.4657 0.3258
vn 0.9944 -0.0165 0.1048
vn 0.9951 -0.0024 0.0989
vn -0.6976 -0.6992 -0.1564
vn 0.1541 -0.9758 -0.1551
vn 0.9927 -0.0662 0.1007
vn 0.9162 0.3844 0.1132
vn -0.6254 0.0072 0.7803
vn 0.6783 -0.2928 0.6739
vn 0.5809 -0.7938 0.1798
vn 0.9306 -0.3191 -0.1792
vn 0.5330 -0.8422 -0.0814
vn 0.8472 -0.2529 -0.4673
vn 0.1608 -0.9728 -0.1670
vn 0.7417 -0.2309 0.6297
vn 0.7196 -0.1172 0.6844
vn 0.5048 -0.3600 -0.7846
vn 0.5742 -0.8178 -0.0392
vn -0.2694 0.0402 -0.9622
vn 0.5964 -0.7409 0.3089
vn 0.9904 -0.1361 0.0226
vn -0.8691 -0.0342 -0.4935
vn -0.0198 -0.2178 0.9758
vn -0.3597 -0.8876 -0.2876
vn -0.9952 -0.0904 0.0374
vn 0.9996 -0.0088 -0.0263
vn -0.0103 -0.9881 0.1533
vn -0.4576 -0.1072 0.8827
vn -0.4175 -0.0825 0.9049
vn -0.8711 -0.3073 0.3831
vn -0.7546 0.5795 -0.3078
vn 0.3051 0.7912 0.5299
vn 0.9752 0.0977 -0.1985
vn -0.7368 -0.5271 0.4233
vn -0.8206 -0.5572 -0.1271
vn -0.8522 -0.0533 -0.5205
vn -0.6741 -0.4884 -0.5541
vn 0.2072 0.7484 0.6300
vn -0.1146 0.1168 0.9865
vn -0.6384 -0.7401 0.2115
vn -0.7551 -0.6280 0.1882
vn 0.9974 -0.0374 0.0611
vn 0.7299 -0.2955 -0.6164
vn 0.8272 -0.4857 0.2827
vn -0.1555 0.4663 -0.8709
vn 0.9091 0.1155 -0.4002
vn 0.4028 0.2663 0.8757
vn 0.2101 0.0153 -0.9776
vn -0.1951 0.9795 0.0496
vn 0.7308 0.5892 -0.3446
vn 0.1499 0.2636 0.9529
vn -0.0555 0.5135 0.8563
vn -0.5487 -0.8360 -0.0066
vn 0.3229 0.2814 0.9036
vn 0.7619 0.4676 -0.4482
vn 0.1493 -0.3668 -0.9182
vn 0.8109 -0.0421 0.5837
vn 0.9994 -0.0223 -0.0260
vn -0.8565 0.0861 -0.5089
vn 0.6282 0.3604 -0.6896
vn 0.1205 0.4146 -0.9020
vn 0.2468 -0.9587 0.1414
vn 0.8342 0.1638 -0.5266
vn 0.2576 0.5159 -0.8170
vn 0.8350 -0.0343 0.5492
vn 0.5899 -0.7045 -0.3946
vn 0.6280 0.1408 -0.7653
vn 0.4375 -0.7823 -0.4435
vn -0.8157 -0.2855 -0.5032
vn 0.6384 0.1490 -0.7551
vn -0.1505 -0.0285 0.9882
vn 0.4303 -0.8550 0.2894
vn 0.2457 -0.1695 0.9544
vn -0.0183 0.9549 -0.2965
vn 0.8474 0.4733 0.2405
vn 0.7589 0.2008 0.6194
vn 0.8625 0.1617 -0.4794
vn 0.3811 -0.0354 -0.9238
vn -0.9835 -0.0821 -0.1612
vn 0.5780 -0.8131 0.0689
vn 0.1180 0.9910 0.0625
vn -0.9862 -0.1522 -0.0647
vn -0.0626 0.9740 0.2178
vn -0.0541 -0.3174 -0.9468
vn 0.3383 0.9039 0.2618
vn -0.9569 -0.0908 0.2759
vn -0.2441 -0.2577 -0.9349
vn 0.7670 0.1657 -0.6198
vn -0.3961 0.9127 0.1006
vn 0.3444 0.9374 -0.0526
vn 0.0977 0.9413 0.3233
vn 0.3643 -0.1297 -0.9222
vn -0.9046 0.0250 -0.4255
vn 0.2963 -0.0703 -0.9525
vn 0.1584 0.9863 0.0454
vn 0.2581 -0.9210 -0.2916
vn -0.1702 -0.9509 -0.2583
vn 0.8867 -0.1312 0.4433
vn -0.1932 0.9802 0.0436
vn 0.6276 -0.2714 0.7297
vn 0.4452 0.7589 0.4753
vn 0.3725 0.9196 0.1249
vn -0.4131 -0.1968 -0.8892
vn -0.1372 0.5167 0.8451
vn 0.1733 -0.3144 -0.9334
vn 0.3710 -0.1783 -0.9114
vn 0.2341 0.6598 0.7140
vn 0.4659 0.6772 0.5696
vn 0.2021 -0.9575 -0.2057
vn -0.8831 0.1132 0.4553
vn -0.1410 -0.3052 0.9418
vn -0.3107 -0.9499 0.0357
vn -0.3554 -0.9346 0.0131
vn -0.1739 -0.8491 -0.4988
vn -0.9936 -0.0776 -0.0821
s 0
f 1177//1 112//1 1868//1
f 415//2 1447//2 2477//2
f 1961//3 2455//3 797//3
f 8//4 111//4 1701//4
f 1405//5 1441//5 1659//5
f 1274//6 911//6 118//6
f 117//7 1677//7 2349//7
f 1934//8 108//8 92//8
f 243//9 44//9 82//9
f 2485//10 1515//10 1513//10
f 2244//11 2246//11 891//11
f 1918//12 1476//12 1677//12
f 220//13 92//13 22//13
f 786//14 1815//14 914//14
f 796//15 1995//15 1996//15
f 118//16 76//16 123//16
f 430//17 2026//17 1762//17
f 1597//18 380//18 133//18
f 9//19 1701//19 414//19
f 59//20 1651//20 2209//20
f 661//21 149//21 1798//21
f 1322//22 1499//22 766//22
f 566//23 1280//23 1275//23
f 1417//24 2274//24 1651//24
f 2222//25 2083//25 1154//25
f 52//26 1161//26 939//26
f 2078//27 1780//27 2436//27
f 2131//28 1659//28 786//28
f 1628//29 2083//29 214//29
f 96//30 1271//30 1277//30
f 760//31 626//31 469//31
f 2089//32 1913//32 750//32
f 1364//33 1365//33 2317//33
f 1206//34 1915//34 1626//34
f 1715//35 2377//35 2139//35
f 2377//36 1281//36 2139//36
f 2224//37 1115//37 1120//37
f 287//38 247//38 286//38
f 309//39 1957//39 1753//39
f 934//40 1252//40 1242//40
f 27//41 220//41 22//41
f 153//42 1272//42 1270//42
f 1115//43 1111//43 936//43
f 77//44 1276//44 106//44
f 127//45 1527//45 2226//45
f 341//46 2316//46 339//46
f 1971//47 1196//47 1975//47
f 126//48 1438//48 2470//48
f 2209//49 56//49 59//49
f 1277//50 87//50 96//50
f 1782//51 1705//51 1237//51
f 1829//52 1124//52 929//52
f 83//53 1621//53 2218//53
f 1497//54 1385//54 449//54
f 2460//55 1408//55 1272//55
f 397//56 355//56 421//56
f 1276//57 1277//57 1271//57
f 1798//58 1413//58 661//58
f 2310//59 133//59 400//59
f 2311//60 1152//60 528//60
f 1444//61 2130//61 1918//61
f 129//62 850//62 1475//62
f 1441//63 778//63 280//63
f 1126//64 19//64 1132//64
f 183//65 647//65 686//65
f 2293//66 1846//66 1856//66
f 1967//67 754//67 759//67
f 2200//68 2199//68 1901//68
f 2403//69 1024//69 2478//69
f 1438//70 2213//70 1270//70
f 1818//71 1230//71 462//71
f 166//72 170//72 159//72
f 156//73 155//73 2471//73
f 711//74 1213//74 617//74
f 2285//75 2097//75 2284//75
f 170//76 2284//76 250//76
f 2036//77 653//77 2015//77
f 1761//78 416//78 1290//78
f 1177//79 1868//79 1369//79
f 1912//80 1303//80 2371//80
f 1958//81 2351//81 2202//81
f 1040//82 1774//82 2289//82
f 135//83 2404//83 437//83
f 1264//84 228//84 101//84
f 914//85 1815//85 1825//85
f 441//86 421//86 1241//86
f 829//87 254//87 826//87
f 1659//88 2131//88 1476//88
f 77//89 1621//89 1276//89
f 150//90 1201//90 2524//90
f 421//91 426//91 1241//91
f 203//92 520//92 102//92
f 901//93 1385//93 451//93
f 1375//94 2416//94 2425//94
f 192//95 1959//95 2274//95
f 11//96 1//96 9//96
f 964//97 681//97 1844//97
f 128//98 2491//98 497//98
f 396//99 1567//99 1144//99
f 2284//100 1237//100 2285//100
f 278//101 2132//101 1157//101
f 1354//102 547//102 1362//102
f 2214//103 153//103 2149//103
f 2130//104 593//104 1405//104
f 2100//105 2099//105 2060//105
f 852//106 2278//106 793//106
f 128//107 24//107 216//107
f 276//108 2072//108 909//108
f 2213//109 2149//109 153//109
f 194//110 159//110 628//110
f 159//111 267//111 628//111
f 273//112 247//112 295//112
f 616//113 189//113 194//113
f 273//114 267//114 250//114
f 1243//115 1245//115 1474//115
f 1272//116 1408//116 134//116
f 2355//117 1184//117 1483//117
f 287//118 1184//118 292//118
f 1260//119 1319//119 1520//119
f 916//120 1139//120 917//120
f 1369//121 471//121 1222//121
f 1136//122 1149//122 1399//122
f 1113//123 1445//123 471//123
f 386//124 1790//124 1935//124
f 2347//125 1366//125 187//125
f 325//126 556//126 576//126
f 1065//127 1694//127 1067//127
f 1209//128 745//128 1378//128
f 318//129 410//129 302//129
f 30//130 317//130 2221//130
f 104//131 89//131 344//131
f 2294//132 1372//132 2430//132
f 2019//133 832//133 253//133
f 283//134 1122//134 1118//134
f 242//135 570//135 1307//135
f 1117//136 1080//136 1862//136
f 2020//137 1512//137 2019//137
f 1826//138 1909//138 1399//138
f 441//139 344//139 89//139
f 144//140 1645//140 2041//140
f 1413//141 1798//141 2501//141
f 331//142 1081//142 301//142
f 496//143 1005//143 311//143
f 649//144 664//144 2015//144
f 1445//145 1113//145 1122//145
f 1441//146 593//146 1399//146
f 1727//147 1113//147 1369//147
f 7//148 2291//148 1444//148
f 2111//149 2302//149 1264//149
f 1//150 2462//150 2291//150
f 396//151 1248//151 1567//151
f 1093//152 38//152 58//152
f 1535//153 260//153 1900//153
f 1859//154 1945//154 40//154
f 399//155 1246//155 1248//155
f 1989//156 1981//156 2479//156
f 1074//157 2328//157 1064//157
f 2123//158 941//158 1954//158
f 2311//159 405//159 1152//159
f 351//160 846//160 840//160
f 302//161 402//161 318//161
f 344//162 1612//162 340//162
f 973//163 1841//163 685//163
f 372//164 1249//164 377//164
f 38//165 1138//165 403//165
f 318//166 325//166 410//166
f 1593//167 405//167 395//167
f 1800//168 384//168 1794//168
f 130//169 237//169 2124//169
f 1148//170 1607//170 79//170
f 406//171 401//171 399//171
f 492//172 1507//172 1504//172
f 768//173 452//173 1622//173
f 2134//174 2153//174 1035//174
f 991//175 1593//175 994//175
f 556//176 102//176 1935//176
f 135//177 143//177 2409//177
f 447//178 517//178 2400//178
f 52//179 857//179 1161//179
f 2033//180 660//180 884//180
f 844//181 848//181 890//181
f 851//182 836//182 784//182
f 430//183 1336//183 2394//183
f 177//184 199//184 1247//184
f 101//185 1439//185 401//185
f 2002//186 1289//186 2035//186
f 1580//187 25//187 2139//187
f 340//188 473//188 1247//188
f 460//189 1705//189 2288//189
f 383//190 401//190 389//190
f 259//191 1410//191 1380//191
f 1449//192 942//192 2//192
f 1866//193 2098//193 6//193
f 2381//194 448//194 503//194
f 2124//195 237//195 2296//195
f 848//196 2031//196 1783//196
f 273//197 262//197 267//197
f 2149//198 155//198 1232//198
f 2381//199 2461//199 98//199
f 1412//200 2414//200 2413//200
f 152//201 2400//201 517//201
f 344//202 2111//202 104//202
f 505//203 532//203 483//203
f 604//204 525//204 505//204
f 2521//205 6//205 2098//205
f 904//206 942//206 1449//206
f 215//207 1523//207 2300//207
f 380//208 1483//208 400//208
f 500//209 511//209 2279//209
f 1505//210 1506//210 1507//210
f 498//211 1485//211 131//211
f 1030//212 143//212 135//212
f 2124//213 74//213 130//213
f 515//214 1910//214 2279//214
f 483//215 531//215 679//215
f 276//216 1192//216 985//216
f 1309//217 1387//217 1312//217
f 1020//218 1023//218 697//218
f 408//219 1376//219 346//219
f 296//220 1564//220 342//220
f 2161//221 1038//221 81//221
f 2042//222 1286//222 855//222
f 281//223 1127//223 284//223
f 1030//224 135//224 154//224
f 216//225 1511//225 128//225
f 39//226 2//226 2098//226
f 1363//227 225//227 24//227
f 619//228 3//228 1842//228
f 382//229 2009//229 548//229
f 2255//230 851//230 784//230
f 2240//231 865//231 900//231
f 690//232 2474//232 2278//232
f 1203//233 944//233 46//233
f 1135//234 1652//234 2065//234
f 532//235 531//235 483//235
f 664//236 649//236 2264//236
f 2009//237 1490//237 1917//237
f 237//238 130//238 2226//238
f 604//239 595//239 525//239
f 770//240 765//240 468//240
f 1890//241 2218//241 2405//241
f 773//242 371//242 767//242
f 291//243 2551//243 951//243
f 1366//244 135//244 2409//244
f 529//245 564//245 1935//245
f 1482//246 752//246 248//246
f 30//247 410//247 325//247
f 2375//248 120//248 1334//248
f 326//249 289//249 60//249
f 744//250 776//250 2488//250
f 2111//251 340//251 2302//251
f 2139//252 855//252 1580//252
f 2219//253 595//253 598//253
f 1112//254 847//254 1152//254
f 1711//255 1897//255 212//255
f 2221//256 317//256 1593//256
f 899//257 393//257 368//257
f 325//258 318//258 327//258
f 1643//259 1893//259 722//259
f 637//260 348//260 2399//260
f 1267//261 1388//261 1387//261
f 234//262 1171//262 790//262
f 564//263 595//263 386//263
f 42//264 1996//264 2128//264
f 1171//265 234//265 795//265
f 1490//266 373//266 744//266
f 737//267 2313//267 1490//267
f 2495//268 2270//268 1324//268
f 595//269 2219//269 382//269
f 386//270 1935//270 564//270
f 2148//271 1133//271 824//271
f 1042//272 63//272 2165//272
f 2059//273 1917//273 385//273
f 1378//274 13//274 747//274
f 1807//275 755//275 1780//275
f 1153//276 2436//276 2369//276
f 202//277 925//277 1110//277
f 1262//278 2526//278 1263//278
f 1193//279 754//279 773//279
f 1381//280 783//280 1465//280
f 754//281 1967//281 770//281
f 2398//282 1370//282 2299//282
f 2248//283 2232//283 1769//283
f 1046//284 2151//284 1954//284
f 2232//285 726//285 725//285
f 1053//286 236//286 1982//286
f 1263//287 1255//287 1656//287
f 621//288 711//288 617//288
f 1774//289 678//289 2289//289
f 719//290 1333//290 1769//290
f 2015//291 189//291 616//291
f 2164//292 304//292 303//292
f 1165//293 1803//293 68//293
f 664//294 199//294 2015//294
f 260//295 49//295 319//295
f 1318//296 261//296 2360//296
f 2114//297 2180//297 320//297
f 730//298 398//298 696//298
f 381//299 376//299 703//299
f 80//300 523//300 1599//300
f 1831//301 1837//301 2181//301
f 60//302 2159//302 326//302
f 1589//303 1200//303 1688//303
f 683//304 483//304 679//304
f 815//305 834//305 820//305
f 532//306 525//306 529//306
f 166//307 189//307 177//307
f 1310//308 2361//308 1182//308
f 479//309 480//309 1473//309
f 726//310 2232//310 2150//310
f 297//311 2335//311 293//311
f 2324//312 2309//312 2345//312
f 2014//313 2020//313 2019//313
f 832//314 1901//314 253//314
f 2337//315 2424//315 2487//315
f 892//316 1167//316 2441//316
f 836//317 789//317 784//317
f 653//318 2036//318 617//318
f 1330//319 1944//319 769//319
f 2381//320 98//320 453//320
f 540//321 203//321 544//321
f 2243//322 1673//322 1922//322
f 565//323 1205//323 563//323
f 635//324 540//324 666//324
f 539//325 1629//325 2093//325
f 2144//326 2429//326 883//326
f 808//327 1335//327 2061//327
f 2335//328 1521//328 1517//328
f 1164//329 895//329 1921//329
f 895//330 2441//330 1167//330
f 635//331 645//331 531//331
f 2240//332 897//332 865//332
f 1458//333 1459//333 2480//333
f 378//334 1999//334 674//334
f 2315//335 2418//335 2157//335
f 2414//336 1412//336 438//336
f 1047//337 139//337 1021//337
f 1972//338 1304//338 2170//338
f 427//339 1292//339 415//339
f 674//340 679//340 645//340
f 2078//341 858//341 2407//341
f 683//342 679//342 689//342
f 2410//343 1359//343 26//343
f 825//344 2147//344 1951//344
f 2357//345 2361//345 2359//345
f 1063//346 1175//346 555//346
f 1169//347 505//347 483//347
f 595//348 529//348 525//348
f 2225//349 1169//349 500//349
f 357//350 900//350 865//350
f 14//351 1984//351 2529//351
f 1917//352 1490//352 385//352
f 75//353 1606//353 67//353
f 386//354 382//354 548//354
f 711//355 621//355 398//355
f 2317//356 408//356 1364//356
f 1215//357 1180//357 1392//357
f 653//358 1213//358 639//358
f 2398//359 1368//359 2424//359
f 350//360 1132//360 1133//360
f 846//361 2322//361 841//361
f 730//362 696//362 707//362
f 674//363 375//363 726//363
f 1141//364 1129//364 2230//364
f 2416//365 2411//365 2412//365
f 199//366 332//366 1247//366
f 1153//367 879//367 2436//367
f 1162//368 1143//368 1158//368
f 1152//369 847//369 78//369
f 514//370 120//370 445//370
f 2179//371 677//371 434//371
f 2309//372 2203//372 2345//372
f 297//373 201//373 2294//373
f 381//374 5//374 632//374
f 2431//375 2335//375 297//375
f 2391//376 2535//376 2523//376
f 689//377 679//377 674//377
f 1912//378 1633//378 1303//378
f 351//379 2322//379 846//379
f 2063//380 374//380 2229//380
f 741//381 739//381 1202//381
f 653//382 639//382 644//382
f 1373//383 2489//383 2399//383
f 382//384 2219//384 607//384
f 744//385 373//385 774//385
f 248//386 1586//386 521//386
f 80//387 138//387 523//387
f 755//388 759//388 754//388
f 1971//389 1160//389 97//389
f 2280//390 808//390 1830//390
f 606//391 872//391 2000//391
f 2130//392 1222//392 593//392
f 2437//393 2389//393 2069//393
f 2359//394 2358//394 2357//394
f 1368//395 2398//395 2422//395
f 759//396 1971//396 1967//396
f 2124//397 225//397 74//397
f 2015//398 199//398 189//398
f 779//399 1227//399 172//399
f 2491//400 128//400 1511//400
f 1595//401 1590//401 1159//401
f 1896//402 1333//402 719//402
f 138//403 767//403 371//403
f 773//404 767//404 2257//404
f 827//405 838//405 852//405
f 1434//406 323//406 1273//406
f 1047//407 834//407 1045//407
f 845//408 2212//408 1937//408
f 26//409 1363//409 2410//409
f 1309//410 1261//410 1387//410
f 1067//411 2169//411 1065//411
f 376//412 707//412 696//412
f 811//413 295//413 1185//413
f 1823//414 2349//414 1476//414
f 1526//415 732//415 729//415
f 904//416 1449//416 103//416
f 828//417 834//417 1338//417
f 836//418 851//418 732//418
f 828//419 838//419 827//419
f 461//420 2300//420 1523//420
f 1402//421 1451//421 1403//421
f 801//422 1187//422 809//422
f 852//423 799//423 798//423
f 1628//424 1651//424 59//424
f 292//425 1185//425 295//425
f 1473//426 1542//426 479//426
f 249//427 335//427 2133//427
f 1176//428 985//428 1192//428
f 326//429 2159//429 1058//429
f 2553//430 106//430 1408//430
f 1185//431 809//431 369//431
f 707//432 632//432 369//432
f 1255//433 868//433 1268//433
f 820//434 825//434 815//434
f 1501//435 491//435 490//435
f 2235//436 1526//436 37//436
f 1804//437 577//437 615//437
f 793//438 550//438 944//438
f 852//439 793//439 918//439
f 265//440 275//440 2475//440
f 1045//441 834//441 828//441
f 1516//442 2485//442 195//442
f 369//443 809//443 100//443
f 811//444 262//444 295//444
f 346//445 2420//445 408//445
f 732//446 851//446 729//446
f 811//447 1185//447 369//447
f 1355//448 834//448 815//448
f 1489//449 2269//449 1535//449
f 1375//450 2425//450 2427//450
f 1621//451 83//451 1277//451
f 840//452 1179//452 815//452
f 1259//453 1525//453 508//453
f 1687//454 513//454 508//454
f 249//455 323//455 335//455
f 707//456 369//456 100//456
f 1473//457 1541//457 1542//457
f 100//458 732//458 707//458
f 2182//459 514//459 113//459
f 1937//460 1939//460 1338//460
f 1568//461 861//461 1063//461
f 95//462 2225//462 364//462
f 861//463 1568//463 1927//463
f 658//464 2360//464 261//464
f 1930//465 95//465 2049//465
f 1568//466 2500//466 1927//466
f 2281//467 2225//467 1930//467
f 2241//468 2192//468 2242//468
f 5//469 616//469 194//469
f 1364//470 2408//470 2417//470
f 509//471 296//471 15//471
f 870//472 867//472 363//472
f 2049//473 95//473 864//473
f 751//474 2204//474 2338//474
f 113//475 514//475 2235//475
f 1651//476 1628//476 214//476
f 1975//477 1196//477 1807//477
f 1149//478 915//478 778//478
f 516//479 1581//479 2249//479
f 2392//480 862//480 2366//480
f 882//481 1910//481 515//481
f 214//482 4//482 1417//482
f 328//483 1578//483 2249//483
f 2274//484 2209//484 1651//484
f 540//485 544//485 666//485
f 505//486 1169//486 2281//486
f 2408//487 1560//487 2417//487
f 84//488 50//488 2014//488
f 322//489 2245//489 1168//489
f 2374//490 2114//490 1923//490
f 591//491 2050//491 2201//491
f 2249//492 1564//492 93//492
f 2034//493 1300//493 1433//493
f 509//494 518//494 1569//494
f 569//495 1204//495 1635//495
f 37//496 2212//496 113//496
f 767//497 248//497 752//497
f 2256//498 2333//498 305//498
f 516//499 2176//499 1581//499
f 2136//500 1560//500 2222//500
f 358//501 2246//501 2244//501
f 2246//502 358//502 2247//502
f 865//503 1673//503 357//503
f 2540//504 2381//504 503//504
f 526//505 337//505 1096//505
f 900//506 361//506 360//506
f 2168//507 1349//507 582//507
f 358//508 2244//508 895//508
f 215//509 2303//509 1363//509
f 1168//510 361//510 892//510
f 1383//511 1970//511 935//511
f 906//512 1192//512 1792//512
f 1868//513 1727//513 1369//513
f 527//514 1604//514 1599//514
f 233//515 512//515 365//515
f 1302//516 2456//516 2088//516
f 1569//517 2520//517 510//517
f 1143//518 1146//518 1158//518
f 17//519 21//519 11//519
f 1111//520 1115//520 73//520
f 1215//521 2148//521 821//521
f 1800//522 2013//522 822//522
f 643//523 1111//523 1109//523
f 1581//524 2176//524 233//524
f 2410//525 1363//525 2303//525
f 975//526 2311//526 976//526
f 2263//527 2265//527 1923//527
f 1406//528 2534//528 1845//528
f 930//529 1120//529 1115//529
f 928//530 2227//530 73//530
f 936//531 1672//531 2051//531
f 2242//532 862//532 867//532
f 1957//533 309//533 727//533
f 432//534 883//534 2435//534
f 1674//535 1669//535 611//535
f 69//536 1517//536 1521//536
f 1365//537 2342//537 2418//537
f 928//538 73//538 2224//538
f 2103//539 1903//539 1098//539
f 1098//540 2208//540 938//540
f 169//541 20//541 1739//541
f 1922//542 2001//542 2150//542
f 2369//543 379//543 1153//543
f 2058//544 887//544 2045//544
f 184//545 190//545 1125//545
f 2323//546 2114//546 320//546
f 512//547 387//547 365//547
f 2483//548 2116//548 510//548
f 316//549 1573//549 2184//549
f 1620//550 1384//550 1903//550
f 84//551 338//551 1573//551
f 1656//552 1010//552 1263//552
f 969//553 953//553 1103//553
f 978//554 343//554 969//554
f 24//555 497//555 1523//555
f 353//556 341//556 339//556
f 2413//557 2152//557 2299//557
f 1868//558 112//558 2304//558
f 1211//559 2222//559 1560//559
f 440//560 2317//560 2411//560
f 534//561 1901//561 336//561
f 144//562 2187//562 1088//562
f 298//563 715//563 1920//563
f 343//564 1569//564 518//564
f 2041//565 1645//565 835//565
f 2204//566 751//566 407//566
f 1031//567 957//567 1034//567
f 969//568 54//568 953//568
f 1098//569 536//569 2103//569
f 2471//570 2308//570 156//570
f 938//571 950//571 526//571
f 2180//572 387//572 512//572
f 1094//573 1087//573 1092//573
f 950//574 2208//574 974//574
f 978//575 969//575 962//575
f 2199//576 2254//576 336//576
f 2075//577 2125//577 2177//577
f 960//578 333//578 459//578
f 2184//579 1573//579 2180//579
f 1092//580 1195//580 1091//580
f 488//581 2435//581 1340//581
f 2017//582 545//582 226//582
f 1648//583 1611//583 1618//583
f 655//584 2278//584 798//584
f 242//585 998//585 866//585
f 1101//586 966//586 1103//586
f 2184//587 2374//587 2125//587
f 458//588 1634//588 1642//588
f 2370//589 1022//589 2127//589
f 256//590 1325//590 14//590
f 1600//591 1573//591 71//591
f 2258//592 1006//592 1019//592
f 1004//593 496//593 311//593
f 62//594 2494//594 957//594
f 1036//595 1014//595 315//595
f 138//596 80//596 248//596
f 2142//597 315//597 1006//597
f 2116//598 2241//598 510//598
f 1590//599 735//599 88//599
f 1071//600 2328//600 1074//600
f 321//601 63//601 1042//601
f 1486//602 1503//602 491//602
f 2153//603 1538//603 1503//603
f 1035//604 2496//604 1033//604
f 321//605 1028//605 1043//605
f 234//606 1424//606 1970//606
f 1539//607 490//607 491//607
f 2//608 39//608 1449//608
f 1970//609 524//609 234//609
f 1990//610 806//610 1037//610
f 1056//611 289//611 326//611
f 1427//612 1428//612 271//612
f 218//613 1202//613 742//613
f 2527//614 312//614 2110//614
f 2517//615 795//615 2128//615
f 2259//616 1198//616 2370//616
f 1152//617 405//617 1112//617
f 1573//618 338//618 71//618
f 2065//619 893//619 1767//619
f 252//620 1256//620 2554//620
f 2479//621 1986//621 1989//621
f 1050//622 2151//622 2154//622
f 2121//623 1009//623 2122//623
f 1076//624 1075//624 986//624
f 1831//625 2181//625 963//625
f 991//626 1583//626 1112//626
f 496//627 2118//627 1985//627
f 1480//628 265//628 2475//628
f 425//629 941//629 2123//629
f 1158//630 356//630 1162//630
f 578//631 1475//631 1474//631
f 1128//632 1146//632 2230//632
f 2104//633 782//633 783//633
f 1597//634 249//634 1480//634
f 2103//635 2102//635 1620//635
f 1236//636 565//636 519//636
f 1042//637 1028//637 321//637
f 687//638 2339//638 2338//638
f 2245//639 93//639 360//639
f 148//640 1411//640 1853//640
f 932//641 1854//641 2094//641
f 1742//642 1744//642 1743//642
f 1387//643 2198//643 1312//643
f 668//644 468//644 271//644
f 2462//645 220//645 27//645
f 321//646 1538//646 1041//646
f 1015//647 1022//647 1429//647
f 277//648 2093//648 2095//648
f 1261//649 1267//649 1387//649
f 2102//650 2103//650 2060//650
f 2102//651 539//651 2101//651
f 1308//652 1958//652 2353//652
f 587//653 622//653 2028//653
f 404//654 1507//654 1506//654
f 1403//655 1429//655 1402//655
f 932//656 933//656 1099//656
f 1452//657 1964//657 1099//657
f 932//658 1099//658 1854//658
f 1100//659 1117//659 6//659
f 1461//660 1463//660 476//660
f 812//661 1768//661 1289//661
f 475//662 2480//662 476//662
f 1029//663 1025//663 53//663
f 2040//664 263//664 1284//664
f 2252//665 2253//665 864//665
f 1110//666 922//666 2085//666
f 1110//667 2085//667 1877//667
f 1025//668 1029//668 1033//668
f 2338//669 2204//669 687//669
f 366//670 1522//670 1596//670
f 1139//671 1779//671 917//671
f 2317//672 1376//672 408//672
f 2426//673 637//673 346//673
f 141//674 2100//674 452//674
f 1779//675 1870//675 224//675
f 284//676 925//676 281//676
f 1808//677 467//677 2185//677
f 2054//678 881//678 1759//678
f 920//679 1149//679 1136//679
f 1495//680 487//680 2269//680
f 1463//681 1461//681 1464//681
f 1850//682 1234//682 1116//682
f 1875//683 1876//683 1759//683
f 1150//684 915//684 1119//684
f 1434//685 1273//685 1574//685
f 1855//686 1572//686 964//686
f 1136//687 1445//687 1123//687
f 413//688 538//688 420//688
f 1151//689 2437//689 2069//689
f 2365//690 2190//690 864//690
f 438//691 1211//691 573//691
f 1751//692 713//692 709//692
f 2432//693 2335//693 2431//693
f 297//694 2294//694 2431//694
f 1966//695 2390//695 1967//695
f 1688//696 1200//696 1147//696
f 1108//697 281//697 1107//697
f 2084//698 2047//698 2439//698
f 2004//699 1260//699 2372//699
f 1796//700 699//700 1049//700
f 1870//701 702//701 224//701
f 1044//702 204//702 1873//702
f 973//703 908//703 967//703
f 1492//704 1265//704 2502//704
f 2399//705 255//705 2420//705
f 2052//706 1233//706 1234//706
f 2454//707 1916//707 1304//707
f 700//708 1023//708 1020//708
f 1795//709 1163//709 1170//709
f 2060//710 1629//710 2102//710
f 1882//711 1870//711 1779//711
f 2497//712 455//712 2447//712
f 960//713 959//713 1904//713
f 1307//714 570//714 2350//714
f 1441//715 280//715 1659//715
f 971//716 1027//716 299//716
f 1462//717 1750//717 2096//717
f 1540//718 110//718 2228//718
f 445//719 120//719 2375//719
f 201//720 2489//720 1373//720
f 2026//721 1164//721 2156//721
f 78//722 75//722 976//722
f 122//723 504//723 2504//723
f 1464//724 1460//724 2509//724
f 1286//725 52//725 1580//725
f 1274//726 119//726 1273//726
f 152//727 2381//727 453//727
f 578//728 129//728 1475//728
f 1754//729 713//729 1054//729
f 1546//730 1458//730 2504//730
f 920//731 1123//731 1127//731
f 2465//732 1615//732 1602//732
f 533//733 2306//733 831//733
f 1491//734 1492//734 1547//734
f 1545//735 2513//735 2507//735
f 155//736 247//736 1232//736
f 781//737 517//737 785//737
f 1509//738 2296//738 131//738
f 985//739 1176//739 1795//739
f 1459//740 476//740 2480//740
f 821//741 1389//741 1215//741
f 2466//742 1792//742 276//742
f 1949//743 1307//743 2350//743
f 563//744 2088//744 2456//744
f 394//745 1241//745 426//745
f 1626//746 1653//746 1206//746
f 2320//747 17//747 43//747
f 2072//748 276//748 908//748
f 1997//749 2467//749 1995//749
f 2358//750 1723//750 1332//750
f 1867//751 1165//751 1170//751
f 1911//752 1703//752 1893//752
f 40//753 1344//753 192//753
f 117//754 2349//754 243//754
f 132//755 126//755 1274//755
f 1860//756 191//756 1572//756
f 1090//757 1645//757 144//757
f 2135//758 1342//758 2167//758
f 1896//759 719//759 853//759
f 985//760 912//760 908//760
f 165//761 157//761 1726//761
f 1170//762 1165//762 912//762
f 279//763 1170//763 1163//763
f 905//764 1192//764 906//764
f 147//765 474//765 549//765
f 278//766 146//766 47//766
f 1855//767 1844//767 981//767
f 903//768 2073//768 1199//768
f 893//769 1691//769 272//769
f 2029//770 2421//770 1351//770
f 1587//771 248//771 80//771
f 503//772 448//772 1410//772
f 207//773 762//773 634//773
f 385//774 88//774 2059//774
f 1194//775 2070//775 898//775
f 1159//776 1590//776 572//776
f 2515//777 1460//777 2481//777
f 2261//778 1199//778 2073//778
f 1397//779 1955//779 819//779
f 1662//780 2532//780 530//780
f 349//781 976//781 75//781
f 1013//782 736//782 1327//782
f 896//783 274//783 1201//783
f 552//784 1652//784 1135//784
f 907//785 681//785 1183//785
f 2524//786 1668//786 2064//786
f 568//787 474//787 580//787
f 1275//788 269//788 1288//788
f 2072//789 973//789 909//789
f 28//790 1397//790 1072//790
f 67//791 1606//791 1607//791
f 75//792 67//792 1128//792
f 1134//793 2465//793 523//793
f 994//794 1590//794 1595//794
f 472//795 46//795 550//795
f 2234//796 1162//796 1137//796
f 464//797 568//797 1562//797
f 1345//798 830//798 494//798
f 1606//799 1615//799 1607//799
f 1767//800 954//800 2067//800
f 1134//801 270//801 2234//801
f 79//802 1156//802 356//802
f 1406//803 727//803 2534//803
f 743//804 1212//804 2077//804
f 603//805 601//805 602//805
f 816//806 1047//806 151//806
f 1159//807 521//807 1586//807
f 623//808 174//808 12//808
f 1134//809 2473//809 2250//809
f 1134//810 2250//810 270//810
f 668//811 886//811 2057//811
f 1162//812 352//812 1143//812
f 1607//813 1148//813 67//813
f 770//814 1967//814 765//814
f 271//815 468//815 1427//815
f 668//816 1426//816 468//816
f 2518//817 2358//817 1352//817
f 2145//818 2518//818 1352//818
f 536//819 2254//819 32//819
f 2547//820 2085//820 2053//820
f 536//821 32//821 1623//821
f 2079//822 663//822 2074//822
f 1048//823 1243//823 1704//823
f 2444//824 1945//824 1287//824
f 268//825 878//825 2185//825
f 907//826 1778//826 1199//826
f 1259//827 508//827 513//827
f 1236//828 1388//828 565//828
f 64//829 567//829 2018//829
f 1625//830 1268//830 868//830
f 1234//831 1016//831 1224//831
f 1875//832 1759//832 881//832
f 2085//833 922//833 2053//833
f 1510//834 2363//834 1305//834
f 1231//835 881//835 2054//835
f 2280//836 1335//836 808//836
f 1107//837 925//837 202//837
f 892//838 361//838 1167//838
f 2045//839 271//839 2058//839
f 2376//840 1932//840 1933//840
f 1404//841 2536//841 1407//841
f 2452//842 2116//842 2483//842
f 2053//843 922//843 1233//843
f 1266//844 28//844 1327//844
f 1079//845 1113//845 1727//845
f 1242//846 1244//846 1689//846
f 1804//847 2105//847 2273//847
f 2359//848 2361//848 1297//848
f 1078//849 578//849 1474//849
f 997//850 863//850 1625//850
f 530//851 1201//851 150//851
f 648//852 592//852 622//852
f 445//853 2063//853 2229//853
f 1243//854 1048//854 1244//854
f 2217//855 2174//855 2523//855
f 1229//856 1225//856 1231//856
f 287//857 292//857 295//857
f 551//858 1069//858 379//858
f 551//859 872//859 1145//859
f 868//860 894//860 1625//860
f 306//861 988//861 1074//861
f 2151//862 2494//862 2154//862
f 2158//863 1052//863 2108//863
f 2076//864 553//864 554//864
f 2340//865 2034//865 1609//865
f 1262//866 937//866 2526//866
f 1245//867 1242//867 1253//867
f 1142//868 727//868 1406//868
f 1068//869 1078//869 1253//869
f 1001//870 1050//870 65//870
f 1263//871 2526//871 868//871
f 465//872 1756//872 863//872
f 2334//873 1656//873 2368//873
f 2334//874 1900//874 260//874
f 2163//875 303//875 2165//875
f 1055//876 1062//876 2166//876
f 915//877 920//877 1127//877
f 1756//878 1813//878 1948//878
f 894//879 2526//879 937//879
f 268//880 2185//880 467//880
f 1219//881 1592//881 586//881
f 1116//882 1118//882 1024//882
f 1016//883 880//883 1223//883
f 103//884 1879//884 239//884
f 1056//885 326//885 1051//885
f 335//886 1436//886 2133//886
f 2216//887 1343//887 2402//887
f 2089//888 1348//888 1351//888
f 264//889 1278//889 1283//889
f 16//890 1760//890 1686//890
f 1951//891 1340//891 1339//891
f 1404//892 2457//892 2536//892
f 1284//893 263//893 1283//893
f 758//894 140//894 1220//894
f 1173//895 870//895 2252//895
f 1715//896 25//896 2380//896
f 1283//897 1286//897 264//897
f 2378//898 1413//898 412//898
f 857//899 52//899 1282//899
f 4//900 2083//900 2222//900
f 915//901 1150//901 778//901
f 439//902 2002//902 2033//902
f 967//903 557//903 979//903
f 20//904 1676//904 1674//904
f 1404//905 1407//905 1281//905
f 1209//906 2277//906 2048//906
f 2536//907 503//907 1410//907
f 684//908 1841//908 1857//908
f 2037//909 2033//909 2002//909
f 196//910 1841//910 609//910
f 2220//911 643//911 2236//911
f 1279//912 2044//912 2544//912
f 2045//913 887//913 558//913
f 1679//914 2231//914 2057//914
f 266//915 1632//915 2301//915
f 180//916 23//916 1785//916
f 21//917 92//917 220//917
f 1406//918 34//918 1142//918
f 1847//919 1856//919 1846//919
f 686//920 647//920 186//920
f 207//921 2276//921 269//921
f 1336//922 2137//922 2394//922
f 147//923 549//923 1650//923
f 121//924 426//924 105//924
f 2007//925 1189//925 10//925
f 2463//926 1715//926 412//926
f 1210//927 1361//927 1905//927
f 1912//928 2371//928 1038//928
f 264//929 2044//929 1278//929
f 449//930 888//930 842//930
f 1408//931 2460//931 2540//931
f 1839//932 671//932 1851//932
f 886//933 574//933 2057//933
f 1427//934 1398//934 57//934
f 2260//935 2143//935 2023//935
f 1288//936 2276//936 1320//936
f 2364//937 2193//937 2388//937
f 1602//938 527//938 1599//938
f 1002//939 148//939 2//939
f 517//940 447//940 785//940
f 1938//941 1565//941 762//941
f 2062//942 172//942 600//942
f 252//943 562//943 2531//943
f 2540//944 2457//944 1408//944
f 226//945 1512//945 2020//945
f 1651//946 214//946 1417//946
f 1442//947 1767//947 2067//947
f 31//948 1742//948 1314//948
f 38//949 1155//949 1389//949
f 993//950 268//950 467//950
f 185//951 1125//951 640//951
f 349//952 1128//952 1130//952
f 1894//953 1915//953 728//953
f 298//954 1204//954 569//954
f 1100//955 2521//955 2090//955
f 1155//956 1215//956 1389//956
f 720//957 2286//957 1791//957
f 901//958 1057//958 931//958
f 842//959 1556//959 449//959
f 980//960 2541//960 1639//960
f 1367//961 246//961 931//961
f 1806//962 183//962 1812//962
f 650//963 1806//963 231//963
f 931//964 1443//964 1367//964
f 74//965 85//965 130//965
f 2006//966 2013//966 686//966
f 538//967 413//967 2095//967
f 183//968 1793//968 641//968
f 1713//969 1906//969 2542//969
f 731//970 1631//970 739//970
f 650//971 1905//971 186//971
f 1698//972 1699//972 728//972
f 1361//973 188//973 814//973
f 2379//974 2137//974 1336//974
f 814//975 1367//975 1358//975
f 45//976 1596//976 1522//976
f 1502//977 2312//977 222//977
f 2528//978 2030//978 1210//978
f 1410//979 448//979 1380//979
f 1885//980 1488//980 1500//980
f 2034//981 1296//981 1300//981
f 2380//982 661//982 2378//982
f 1100//983 1161//983 857//983
f 1385//984 901//984 449//984
f 2385//985 2400//985 760//985
f 842//986 2030//986 1528//986
f 781//987 785//987 245//987
f 1421//988 388//988 1763//988
f 1356//989 1048//989 1704//989
f 1016//990 1234//990 878//990
f 795//991 2517//991 1871//991
f 236//992 1981//992 1982//992
f 1423//993 232//993 804//993
f 1969//994 1383//994 1448//994
f 927//995 673//995 656//995
f 599//996 648//996 161//996
f 1978//997 1982//997 802//997
f 802//998 1982//998 1981//998
f 343//999 347//999 969//999
f 1422//1000 794//1000 235//1000
f 2077//1001 1214//1001 2071//1001
f 238//1002 1968//1002 797//1002
f 1982//1003 1371//1003 1053//1003
f 2112//1004 1004//1004 1869//1004
f 1996//1005 1995//1005 2467//1005
f 1423//1006 1974//1006 232//1006
f 1017//1007 2129//1007 2259//1007
f 1004//1008 2115//1008 496//1008
f 2267//1009 810//1009 1988//1009
f 1692//1010 157//1010 602//1010
f 2115//1011 1003//1011 1198//1011
f 899//1012 1609//1012 393//1012
f 2267//1013 1997//1013 810//1013
f 2370//1014 1872//1014 2259//1014
f 971//1015 2181//1015 301//1015
f 1862//1016 889//1016 1084//1016
f 109//1017 123//1017 51//1017
f 1039//1018 1772//1018 704//1018
f 1026//1019 285//1019 1084//1019
f 331//1020 329//1020 1081//1020
f 1448//1021 1383//1021 1962//1021
f 1145//1022 872//1022 1315//1022
f 336//1023 1096//1023 534//1023
f 2455//1024 1961//1024 1450//1024
f 55//1025 447//1025 2386//1025
f 2141//1026 2256//1026 2397//1026
f 81//1027 565//1027 2161//1027
f 359//1028 1385//1028 1534//1028
f 2552//1029 810//1029 1400//1029
f 1772//1030 990//1030 692//1030
f 1689//1031 1048//1031 2356//1031
f 2386//1032 1481//1032 1401//1032
f 2144//1033 1952//1033 2401//1033
f 2150//1034 1999//1034 726//1034
f 597//1035 161//1035 646//1035
f 1785//1036 23//1036 1061//1036
f 848//1037 2528//1037 2031//1037
f 200//1038 1011//1038 1640//1038
f 995//1039 1099//1039 933//1039
f 1403//1040 889//1040 935//1040
f 981//1041 1857//1041 1834//1041
f 1838//1042 1763//1042 175//1042
f 554//1043 553//1043 743//1043
f 1797//1044 1020//1044 697//1044
f 995//1045 625//1045 1099//1045
f 584//1046 1685//1046 571//1046
f 1289//1047 1293//1047 2035//1047
f 3//1048 596//1048 913//1048
f 1138//1049 1249//1049 403//1049
f 2370//1050 2110//1050 312//1050
f 1164//1051 358//1051 895//1051
f 1470//1052 1468//1052 627//1052
f 625//1053 995//1053 1440//1053
f 1689//1054 881//1054 1225//1054
f 1435//1055 1382//1055 1962//1055
f 1253//1056 1252//1056 937//1056
f 2142//1057 2140//1057 1036//1057
f 1430//1058 788//1058 618//1058
f 2030//1059 813//1059 1210//1059
f 1474//1060 1245//1060 1078//1060
f 1988//1061 1989//1061 2267//1061
f 850//1062 1471//1062 1356//1062
f 734//1063 1686//1063 740//1063
f 630//1064 1784//1064 1929//1064
f 1471//1065 850//1065 1468//1065
f 755//1066 370//1066 1780//1066
f 1755//1067 1873//1067 202//1067
f 1021//1068 893//1068 977//1068
f 1046//1069 1954//1069 288//1069
f 804//1070 1409//1070 803//1070
f 1183//1071 2018//1071 1778//1071
f 609//1072 1841//1072 979//1072
f 760//1073 419//1073 2385//1073
f 1243//1074 1244//1074 1245//1074
f 712//1075 2356//1075 1048//1075
f 1287//1076 1750//1076 2172//1076
f 1346//1077 1500//1077 163//1077
f 1362//1078 1512//1078 1347//1078
f 2533//1079 829//1079 2531//1079
f 251//1080 2016//1080 826//1080
f 1708//1081 1762//1081 1333//1081
f 1797//1082 1803//1082 1865//1082
f 260//1083 2269//1083 49//1083
f 2020//1084 2533//1084 226//1084
f 985//1085 1795//1085 912//1085
f 736//1086 1691//1086 1256//1086
f 914//1087 919//1087 279//1087
f 561//1088 1525//1088 1660//1088
f 1498//1089 1940//1089 1317//1089
f 538//1090 2095//1090 2099//1090
f 1536//1091 229//1091 1732//1091
f 1557//1092 2516//1092 1555//1092
f 718//1093 1883//1093 1722//1093
f 217//1094 493//1094 1188//1094
f 1191//1095 1189//1095 1097//1095
f 1814//1096 1748//1096 1066//1096
f 373//1097 2271//1097 606//1097
f 777//1098 1488//1098 716//1098
f 904//1099 94//1099 86//1099
f 28//1100 1258//1100 1397//1100
f 2162//1101 149//1101 154//1101
f 1346//1102 1519//1102 764//1102
f 1570//1103 553//1103 1275//1103
f 1499//1104 2199//1104 2200//1104
f 1362//1105 2272//1105 832//1105
f 1549//1106 764//1106 1936//1106
f 2019//1107 1512//1107 1362//1107
f 776//1108 600//1108 1227//1108
f 830//1109 562//1109 494//1109
f 1301//1110 2141//1110 2530//1110
f 1549//1111 1295//1111 1566//1111
f 1725//1112 1616//1112 718//1112
f 1077//1113 60//1113 943//1113
f 141//1114 538//1114 2099//1114
f 1074//1115 2165//1115 306//1115
f 1083//1116 542//1116 459//1116
f 947//1117 1056//1117 1055//1117
f 1809//1118 1730//1118 1082//1118
f 2183//1119 1951//1119 2147//1119
f 330//1120 1074//1120 988//1120
f 920//1121 1136//1121 1123//1121
f 1075//1122 1738//1122 1740//1122
f 1502//1123 45//1123 334//1123
f 2549//1124 1728//1124 1533//1124
f 1745//1125 1254//1125 1591//1125
f 365//1126 387//1126 1600//1126
f 2009//1127 373//1127 1490//1127
f 1095//1128 285//1128 1026//1128
f 1809//1129 1732//1129 1733//1129
f 366//1130 141//1130 768//1130
f 163//1131 227//1131 1347//1131
f 2533//1132 2017//1132 226//1132
f 1816//1133 557//1133 1799//1133
f 1424//1134 234//1134 790//1134
f 1944//1135 535//1135 486//1135
f 1872//1136 2370//1136 2127//1136
f 1947//1137 1329//1137 1532//1137
f 972//1138 116//1138 2325//1138
f 1506//1139 1505//1139 481//1139
f 1409//1140 804//1140 238//1140
f 2275//1141 1330//1141 1531//1141
f 613//1142 167//1142 787//1142
f 1569//1143 72//1143 2520//1143
f 1322//1144 766//1144 1479//1144
f 430//1145 1337//1145 1336//1145
f 1881//1146 1075//1146 1740//1146
f 1329//1147 1531//1147 1532//1147
f 1990//1148 2467//1148 241//1148
f 235//1149 794//1149 524//1149
f 141//1150 452//1150 768//1150
f 1082//1151 1881//1151 1809//1151
f 1486//1152 1487//1152 1485//1152
f 30//1153 576//1153 735//1153
f 1885//1154 1500//1154 775//1154
f 958//1155 2494//1155 2108//1155
f 86//1156 143//1156 1002//1156
f 963//1157 299//1157 2527//1157
f 446//1158 1078//1158 1068//1158
f 1066//1159 1748//1159 1734//1159
f 2136//1160 2222//1160 2404//1160
f 1317//1161 1316//1161 1498//1161
f 761//1162 634//1162 1565//1162
f 301//1163 2181//1163 1077//1163
f 301//1164 1077//1164 331//1164
f 1320//1165 763//1165 1566//1165
f 1005//1166 1985//1166 2120//1166
f 1212//1167 562//1167 2554//1167
f 2165//1168 303//1168 1032//1168
f 1295//1169 1549//1169 566//1169
f 714//1170 1744//1170 31//1170
f 1055//1171 1694//1171 1062//1171
f 1740//1172 1738//1172 1950//1172
f 1144//1173 405//1173 2311//1173
f 1725//1174 718//1174 1316//1174
f 1461//1175 1460//1175 1464//1175
f 1074//1176 2178//1176 1071//1176
f 775//1177 1940//1177 1953//1177
f 1570//1178 1275//1178 1280//1178
f 1519//1179 1514//1179 545//1179
f 1837//1180 1077//1180 2181//1180
f 2336//1181 2490//1181 1518//1181
f 474//1182 513//1182 579//1182
f 1637//1183 541//1183 2091//1183
f 634//1184 2276//1184 207//1184
f 45//1185 605//1185 420//1185
f 389//1186 1249//1186 372//1186
f 1554//1187 763//1187 2276//1187
f 1758//1188 2087//1188 2306//1188
f 1744//1189 282//1189 1743//1189
f 1280//1190 545//1190 1345//1190
f 457//1191 1097//1191 209//1191
f 586//1192 140//1192 2032//1192
f 1226//1193 1087//1193 463//1193
f 1314//1194 761//1194 1582//1194
f 2546//1195 1395//1195 2117//1195
f 1594//1196 1502//1196 753//1196
f 1627//1197 418//1197 589//1197
f 1931//1198 45//1198 1522//1198
f 756//1199 1588//1199 1502//1199
f 526//1200 945//1200 71//1200
f 622//1201 160//1201 2028//1201
f 2197//1202 1105//1202 1087//1202
f 1235//1203 1584//1203 1746//1203
f 1942//1204 624//1204 871//1204
f 1433//1205 1976//1205 2379//1205
f 1745//1206 1591//1206 1221//1206
f 1746//1207 31//1207 1235//1207
f 1088//1208 1086//1208 144//1208
f 1571//1209 1923//1209 2265//1209
f 2272//1210 2200//1210 832//1210
f 1183//1211 1778//1211 907//1211
f 1186//1212 2524//1212 1207//1212
f 381//1213 617//1213 2036//1213
f 717//1214 454//1214 869//1214
f 1594//1215 45//1215 1502//1215
f 1635//1216 2082//1216 1638//1216
f 768//1217 1522//1217 366//1217
f 1141//1218 1109//1218 2227//1218
f 1746//1219 1591//1219 1749//1219
f 1066//1220 1734//1220 2383//1220
f 420//1221 1596//1221 45//1221
f 1584//1222 1239//1222 1221//1222
f 1627//1223 533//1223 539//1223
f 1594//1224 753//1224 1592//1224
f 184//1225 19//1225 1126//1225
f 140//1226 758//1226 1414//1226
f 1918//1227 1677//1227 8//1227
f 1977//1228 1739//1228 1437//1228
f 1075//1229 2383//1229 986//1229
f 1562//1230 470//1230 464//1230
f 1591//1231 1254//1231 1749//1231
f 1577//1232 568//1232 580//1232
f 2095//1233 413//1233 277//1233
f 772//1234 2275//1234 1950//1234
f 1738//1235 1585//1235 1529//1235
f 1530//1236 772//1236 1522//1236
f 837//1237 921//1237 1000//1237
f 2233//1238 2430//1238 348//1238
f 734//1239 1682//1239 1686//1239
f 1375//1240 2406//1240 2416//1240
f 1217//1241 1216//1241 748//1241
f 352//1242 1140//1242 1143//1242
f 213//1243 1682//1243 164//1243
f 1130//1244 1128//1244 350//1244
f 518//1245 509//1245 15//1245
f 2424//1246 1370//1246 2398//1246
f 1608//1247 745//1247 1618//1247
f 1887//1248 1719//1248 1886//1248
f 747//1249 1217//1249 1378//1249
f 1719//1250 1789//1250 720//1250
f 1671//1251 1908//1251 1012//1251
f 1200//1252 543//1252 1147//1252
f 2245//1253 322//1253 1578//1253
f 352//1254 1162//1254 2234//1254
f 1617//1255 79//1255 1607//1255
f 1604//1256 527//1256 78//1256
f 1789//1257 1718//1257 1717//1257
f 652//1258 1760//1258 1991//1258
f 1599//1259 136//1259 80//1259
f 2157//1260 2418//1260 2342//1260
f 2205//1261 22//1261 1344//1261
f 1893//1262 1703//1262 1709//1262
f 2416//1263 2412//1263 2425//1263
f 208//1264 1707//1264 1718//1264
f 1646//1265 1643//1265 1648//1265
f 1684//1266 1681//1266 1906//1266
f 2523//1267 2535//1267 2217//1267
f 1675//1268 1678//1268 1693//1268
f 746//1269 1983//1269 1208//1269
f 2190//1270 1309//1270 2050//1270
f 1907//1271 213//1271 164//1271
f 421//1272 355//1272 426//1272
f 1666//1273 1667//1273 210//1273
f 273//1274 295//1274 262//1274
f 1644//1275 1643//1275 1646//1275
f 2152//1276 2413//1276 2414//1276
f 1091//1277 1000//1277 1092//1277
f 324//1278 733//1278 730//1278
f 2405//1279 2218//1279 2501//1279
f 798//1280 807//1280 655//1280
f 494//1281 562//1281 1212//1281
f 218//1282 569//1282 1202//1282
f 1920//1283 450//1283 2082//1283
f 1864//1284 2543//1284 1899//1284
f 910//1285 1480//1285 2475//1285
f 1626//1286 1624//1286 2537//1286
f 156//1287 2215//1287 286//1287
f 2538//1288 728//1288 742//1288
f 1657//1289 1654//1289 1097//1289
f 2282//1290 721//1290 1681//1290
f 1894//1291 724//1291 1624//1291
f 218//1292 742//1292 1915//1292
f 698//1293 35//1293 731//1293
f 2488//1294 737//1294 1490//1294
f 205//1295 223//1295 206//1295
f 1864//1296 35//1296 2543//1296
f 1717//1297 1707//1297 1610//1297
f 789//1298 809//1298 784//1298
f 1791//1299 2286//1299 1121//1299
f 1690//1300 1693//1300 1678//1300
f 1166//1301 1012//1301 1675//1301
f 56//1302 2209//1302 2210//1302
f 463//1303 1087//1303 1088//1303
f 51//1304 66//1304 2320//1304
f 1644//1305 1661//1305 210//1305
f 665//1306 1828//1306 926//1306
f 1895//1307 1894//1307 1699//1307
f 1851//1308 1716//1308 672//1308
f 292//1309 800//1309 801//1309
f 217//1310 1644//1310 493//1310
f 1789//1311 2283//1311 720//1311
f 2143//1312 2451//1312 2023//1312
f 1661//1313 1648//1313 1618//1313
f 194//1314 628//1314 5//1314
f 722//1315 1648//1315 1643//1315
f 2143//1316 1332//1316 2451//1316
f 98//1317 2146//1317 1240//1317
f 1911//1318 217//1318 1188//1318
f 837//1319 2022//1319 1524//1319
f 1654//1320 1191//1320 1097//1320
f 738//1321 1188//1321 1654//1321
f 1657//1322 738//1322 1654//1322
f 1206//1323 715//1323 218//1323
f 635//1324 649//1324 644//1324
f 457//1325 1653//1325 1657//1325
f 1940//1326 1498//1326 1953//1326
f 2004//1327 2440//1327 1319//1327
f 1413//1328 2501//1328 77//1328
f 10//1329 1226//1329 2007//1329
f 2260//1330 2145//1330 2143//1330
f 2024//1331 780//1331 1328//1331
f 1665//1332 1178//1332 1663//1332
f 1835//1333 1805//1333 2544//1333
f 2022//1334 1000//1334 1091//1334
f 102//1335 206//1335 203//1335
f 2399//1336 346//1336 637//1336
f 1644//1337 1911//1337 1643//1337
f 1070//1338 995//1338 933//1338
f 213//1339 1924//1339 1680//1339
f 457//1340 209//1340 1653//1340
f 1894//1341 728//1341 1699//1341
f 835//1342 459//1342 542//1342
f 978//1343 962//1343 1094//1343
f 1925//1344 1741//1344 18//1344
f 1718//1345 1789//1345 1719//1345
f 1248//1346 396//1346 403//1346
f 1264//1347 205//1347 228//1347
f 2538//1348 731//1348 1864//1348
f 1209//1349 746//1349 745//1349
f 1144//1350 1391//1350 396//1350
f 1368//1351 230//1351 2420//1351
f 104//1352 397//1352 89//1352
f 980//1353 1678//1353 698//1353
f 205//1354 402//1354 228//1354
f 405//1355 1144//1355 395//1355
f 419//1356 33//1356 121//1356
f 845//1357 846//1357 841//1357
f 1712//1358 1671//1358 1713//1358
f 1669//1359 1670//1359 734//1359
f 1669//1360 1676//1360 1670//1360
f 749//1361 1695//1361 443//1361
f 745//1362 1619//1362 1618//1362
f 1603//1363 1605//1363 748//1363
f 89//1364 421//1364 441//1364
f 164//1365 1605//1365 1907//1365
f 405//1366 1593//1366 1112//1366
f 1598//1367 1925//1367 164//1367
f 168//1368 1987//1368 740//1368
f 1217//1369 2048//1369 2277//1369
f 1634//1370 1147//1370 543//1370
f 1639//1371 2541//1371 739//1371
f 1624//1372 1898//1372 2537//1372
f 104//1373 2111//1373 1264//1373
f 213//1374 1681//1374 1684//1374
f 790//1375 1171//1375 1015//1375
f 13//1376 1707//1376 1216//1376
f 1675//1377 1693//1377 1696//1377
f 318//1378 402//1378 327//1378
f 1678//1379 1675//1379 1012//1379
f 1670//1380 2025//1380 2056//1380
f 194//1381 166//1381 159//1381
f 1675//1382 1696//1382 16//1382
f 1907//1383 1605//1383 1924//1383
f 2056//1384 723//1384 1741//1384
f 1065//1385 2164//1385 1694//1385
f 36//1386 968//1386 1611//1386
f 2286//1387 720//1387 2283//1387
f 1714//1388 721//1388 1887//1388
f 1635//1389 1202//1389 569//1389
f 1713//1390 2542//1390 721//1390
f 433//1391 1339//1391 1614//1391
f 1711//1392 212//1392 1789//1392
f 938//1393 526//1393 1096//1393
f 1653//1394 209//1394 1206//1394
f 1664//1395 423//1395 2329//1395
f 1012//1396 1166//1396 1671//1396
f 2205//1397 1344//1397 1945//1397
f 1197//1398 4//1398 1889//1398
f 2210//1399 108//1399 1934//1399
f 43//1400 414//1400 1701//1400
f 1920//1401 1204//1401 298//1401
f 738//1402 1703//1402 1911//1402
f 1891//1403 1791//1403 1121//1403
f 2469//1404 1641//1404 1425//1404
f 258//1405 1683//1405 2223//1405
f 1897//1406 1702//1406 212//1406
f 2362//1407 2238//1407 2423//1407
f 1709//1408 1892//1408 1893//1408
f 1789//1409 1892//1409 1711//1409
f 426//1410 354//1410 1331//1410
f 1713//1411 1671//1411 1166//1411
f 1680//1412 1681//1412 213//1412
f 670//1413 2329//1413 2202//1413
f 1390//1414 585//1414 1462//1414
f 2537//1415 1898//1415 2539//1415
f 1254//1416 1735//1416 986//1416
f 13//1417 1610//1417 1707//1417
f 1924//1418 2282//1418 1680//1418
f 1306//1419 2522//1419 2186//1419
f 1608//1420 13//1420 1378//1420
f 20//1421 612//1421 1739//1421
f 817//1422 161//1422 597//1422
f 1732//1423 229//1423 1728//1423
f 1349//1424 1350//1424 2216//1424
f 2186//1425 2084//1425 1306//1425
f 1554//1426 634//1426 761//1426
f 1956//1427 547//1427 1354//1427
f 986//1428 2383//1428 1734//1428
f 1730//1429 1809//1429 1733//1429
f 1780//1430 779//1430 172//1430
f 423//1431 1664//1431 2352//1431
f 472//1432 1194//1432 46//1432
f 1149//1433 778//1433 1399//1433
f 877//1434 669//1434 1861//1434
f 1502//1435 334//1435 756//1435
f 286//1436 2215//1436 1184//1436
f 2549//1437 1493//1437 1956//1437
f 952//1438 290//1438 1071//1438
f 1708//1439 1333//1439 1919//1439
f 2429//1440 2144//1440 114//1440
f 120//1441 2167//1441 442//1441
f 1493//1442 1947//1442 1479//1442
f 1720//1443 1884//1443 454//1443
f 1533//1444 1329//1444 2549//1444
f 1804//1445 2273//1445 2297//1445
f 2297//1446 1298//1446 751//1446
f 772//1447 1326//1447 2275//1447
f 229//1448 1329//1448 1533//1448
f 2199//1449 1499//1449 2254//1449
f 282//1450 714//1450 1749//1450
f 1314//1451 1235//1451 31//1451
f 2179//1452 434//1452 2373//1452
f 969//1453 347//1453 54//1453
f 1288//1454 1320//1454 1295//1454
f 2312//1455 1221//1455 222//1455
f 487//1456 1494//1456 490//1456
f 1948//1457 1656//1457 1255//1457
f 454//1458 717//1458 1720//1458
f 1743//1459 2548//1459 1742//1459
f 149//1460 148//1460 154//1460
f 1721//1461 1743//1461 1814//1461
f 1532//1462 1479//1462 1947//1462
f 2291//1463 9//1463 1//1463
f 1566//1464 1725//1464 1317//1464
f 1940//1465 775//1465 1346//1465
f 77//1466 106//1466 412//1466
f 1559//1467 1314//1467 1742//1467
f 869//1468 1722//1468 1721//1468
f 1953//1469 1885//1469 775//1469
f 1880//1470 1559//1470 2548//1470
f 1749//1471 1254//1471 1734//1471
f 145//1472 1314//1472 1582//1472
f 1316//1473 718//1473 2545//1473
f 1515//1474 2489//1474 201//1474
f 1349//1475 2171//1475 1350//1475
f 1565//1476 1582//1476 761//1476
f 1054//1477 713//1477 1751//1477
f 1471//1478 1754//1478 1356//1478
f 1470//1479 638//1479 300//1479
f 2411//1480 2317//1480 2419//1480
f 704//1481 678//1481 1774//1481
f 1046//1482 1036//1482 2140//1482
f 1563//1483 221//1483 1938//1483
f 69//1484 489//1484 1523//1484
f 2492//1485 307//1485 65//1485
f 281//1486 1119//1486 915//1486
f 771//1487 890//1487 1771//1487
f 1107//1488 202//1488 1766//1488
f 1380//1489 439//1489 259//1489
f 246//1490 813//1490 888//1490
f 613//1491 20//1491 611//1491
f 1039//1492 1774//1492 638//1492
f 1107//1493 1870//1493 1108//1493
f 627//1494 788//1494 1470//1494
f 916//1495 1815//1495 778//1495
f 709//1496 1875//1496 1751//1496
f 90//1497 1430//1497 618//1497
f 1752//1498 1754//1498 300//1498
f 1819//1499 1820//1499 1431//1499
f 1727//1500 1285//1500 2477//1500
f 704//1501 1774//1501 1039//1501
f 1430//1502 1819//1502 1431//1502
f 1865//1503 1020//1503 1797//1503
f 1396//1504 2546//1504 2194//1504
f 618//1505 1379//1505 1435//1505
f 916//1506 1150//1506 1139//1506
f 1799//1507 691//1507 692//1507
f 1786//1508 678//1508 1787//1508
f 1237//1509 2284//1509 170//1509
f 2373//1510 2167//1510 120//1510
f 392//1511 250//1511 2284//1511
f 990//1512 137//1512 1431//1512
f 435//1513 394//1513 2288//1513
f 1023//1514 1786//1514 1787//1514
f 72//1515 1569//1515 978//1515
f 1774//1516 300//1516 638//1516
f 919//1517 1781//1517 699//1517
f 1747//1518 787//1518 610//1518
f 1765//1519 708//1519 1766//1519
f 1040//1520 1044//1520 709//1520
f 702//1521 1765//1521 1764//1521
f 585//1522 1292//1522 1761//1522
f 691//1523 1772//1523 692//1523
f 2404//1524 135//1524 1366//1524
f 1875//1525 881//1525 712//1525
f 2517//1526 1017//1526 1872//1526
f 806//1527 1994//1527 41//1527
f 967//1528 908//1528 68//1528
f 1398//1529 765//1529 2390//1529
f 2333//1530 2194//1530 305//1530
f 2107//1531 1914//1531 2195//1531
f 455//1532 1327//1532 251//1532
f 1139//1533 1882//1533 1779//1533
f 2016//1534 2531//1534 829//1534
f 2278//1535 852//1535 798//1535
f 618//1536 1440//1536 90//1536
f 1801//1537 68//1537 1797//1537
f 149//1538 2012//1538 148//1538
f 2475//1539 1432//1539 910//1539
f 894//1540 868//1540 2526//1540
f 2466//1541 2073//1541 849//1541
f 1069//1542 1145//1542 519//1542
f 1480//1543 249//1543 265//1543
f 1441//1544 1405//1544 593//1544
f 1792//1545 849//1545 906//1545
f 1452//1546 1962//1546 1383//1546
f 669//1547 191//1547 1860//1547
f 355//1548 397//1548 1251//1548
f 1450//1549 1962//1549 1382//1549
f 1017//1550 2517//1550 2128//1550
f 909//1551 973//1551 685//1551
f 200//1552 620//1552 1284//1552
f 912//1553 1795//1553 1170//1553
f 1278//1554 1279//1554 1284//1554
f 29//1555 1085//1555 1029//1555
f 2222//1556 1154//1556 2404//1556
f 995//1557 1640//1557 1440//1557
f 2266//1558 1941//1558 2096//1558
f 101//1559 401//1559 383//1559
f 1467//1560 480//1560 479//1560
f 2513//1561 2511//1561 507//1561
f 2516//1562 1558//1562 2509//1562
f 1552//1563 1463//1563 1464//1563
f 1858//1564 1776//1564 1353//1564
f 1040//1565 300//1565 1774//1565
f 479//1566 1504//1566 1467//1566
f 2508//1567 2514//1567 1555//1567
f 53//1568 29//1568 1029//1568
f 1154//1569 1628//1569 1874//1569
f 1454//1570 1455//1570 1456//1570
f 1457//1571 2507//1571 2481//1571
f 1960//1572 782//1572 1371//1572
f 2159//1573 1077//1573 1837//1573
f 247//1574 287//1574 295//1574
f 1505//1575 492//1575 1508//1575
f 1025//1576 2496//1576 1879//1576
f 1799//1577 1797//1577 697//1577
f 1819//1578 1430//1578 90//1578
f 1824//1579 1900//1579 2334//1579
f 2287//1580 1484//1580 498//1580
f 455//1581 251//1581 2443//1581
f 658//1582 2352//1582 1305//1582
f 2296//1583 216//1583 2124//1583
f 224//1584 1786//1584 1023//1584
f 1545//1585 1546//1585 2503//1585
f 2113//1586 1869//1586 311//1586
f 1495//1587 1548//1587 1494//1587
f 1289//1588 1421//1588 1293//1588
f 1147//1589 428//1589 443//1589
f 2337//1590 1370//1590 2424//1590
f 69//1591 1523//1591 497//1591
f 1833//1592 197//1592 1861//1592
f 1546//1593 2504//1593 504//1593
f 504//1594 1543//1594 1472//1594
f 197//1595 1833//1595 983//1595
f 1509//1596 481//1596 1505//1596
f 69//1597 1521//1597 489//1597
f 1484//1598 1503//1598 1486//1598
f 2348//1599 1306//1599 1510//1599
f 1149//1600 920//1600 915//1600
f 1042//1601 2138//1601 1019//1601
f 2509//1602 2508//1602 2516//1602
f 193//1603 1839//1603 672//1603
f 981//1604 1844//1604 682//1604
f 1491//1605 1547//1605 1489//1605
f 1495//1606 1494//1606 487//1606
f 176//1607 1858//1607 1357//1607
f 1472//1608 480//1608 1544//1608
f 2075//1609 316//1609 2126//1609
f 1495//1610 1489//1610 1547//1610
f 314//1611 116//1611 987//1611
f 438//1612 4//1612 2222//1612
f 301//1613 1081//1613 971//1613
f 2043//1614 660//1614 2037//1614
f 1492//1615 478//1615 1265//1615
f 1485//1616 498//1616 1484//1616
f 2165//1617 1074//1617 2163//1617
f 2357//1618 2358//1618 2518//1618
f 1511//1619 1509//1619 1508//1619
f 1687//1620 1902//1620 1724//1620
f 792//1621 179//1621 1817//1621
f 2130//1622 1177//1622 1222//1622
f 1457//1623 1545//1623 2507//1623
f 1237//1624 1705//1624 2285//1624
f 1558//1625 1552//1625 1464//1625
f 1024//1626 1122//1626 2478//1626
f 1768//1627 1771//1627 1929//1627
f 1557//1628 1501//1628 490//1628
f 1508//1629 1509//1629 1505//1629
f 1552//1630 1550//1630 1553//1630
f 504//1631 1544//1631 1546//1631
f 1504//1632 2484//1632 492//1632
f 103//1633 1449//1633 1879//1633
f 487//1634 490//1634 1539//1634
f 1494//1635 1557//1635 490//1635
f 1444//1636 2291//1636 112//1636
f 1838//1637 1836//1637 1763//1637
f 216//1638 225//1638 2124//1638
f 57//1639 1398//1639 833//1639
f 476//1640 1463//1640 475//1640
f 873//1641 631//1641 633//1641
f 688//1642 667//1642 601//1642
f 2515//1643 2508//1643 2509//1643
f 657//1644 792//1644 1817//1644
f 178//1645 680//1645 175//1645
f 416//1646 1761//1646 1291//1646
f 165//1647 2005//1647 603//1647
f 2005//1648 1716//1648 1851//1648
f 695//1649 1851//1649 676//1649
f 154//1650 135//1650 2162//1650
f 179//1651 181//1651 1821//1651
f 2366//1652 862//1652 2192//1652
f 2279//1653 511//1653 515//1653
f 231//1654 656//1654 651//1654
f 656//1655 231//1655 1806//1655
f 406//1656 1249//1656 389//1656
f 3//1657 309//1657 817//1657
f 1396//1658 2194//1658 2395//1658
f 924//1659 926//1659 1822//1659
f 512//1660 2176//1660 2180//1660
f 826//1661 254//1661 2014//1661
f 686//1662 1793//1662 183//1662
f 2340//1663 1609//1663 1830//1663
f 636//1664 885//1664 1777//1664
f 630//1665 1929//1665 1771//1665
f 1484//1666 2287//1666 1503//1666
f 1017//1667 1037//1667 2129//1667
f 921//1668 72//1668 1000//1668
f 15//1669 2316//1669 2318//1669
f 1462//1670 1290//1670 2172//1670
f 673//1671 675//1671 651//1671
f 1065//1672 304//1672 2164//1672
f 1846//1673 2293//1673 1843//1673
f 1847//1674 3//1674 913//1674
f 882//1675 360//1675 1172//1675
f 945//1676 526//1676 956//1676
f 927//1677 1812//1677 1827//1677
f 675//1678 923//1678 651//1678
f 1935//1679 1790//1679 556//1679
f 821//1680 823//1680 1389//1680
f 349//1681 75//1681 1128//1681
f 735//1682 1590//1682 994//1682
f 1930//1683 2049//1683 591//1683
f 2272//1684 1362//1684 766//1684
f 1180//1685 1144//1685 2311//1685
f 1248//1686 1246//1686 1567//1686
f 1155//1687 38//1687 403//1687
f 682//1688 907//1688 685//1688
f 1299//1689 2290//1689 2319//1689
f 675//1690 673//1690 2293//1690
f 1130//1691 350//1691 1133//1691
f 2270//1692 2495//1692 2190//1692
f 1602//1693 523//1693 2465//1693
f 1482//1694 572//1694 2313//1694
f 1968//1695 804//1695 232//1695
f 2325//1696 314//1696 2134//1696
f 1790//1697 548//1697 2059//1697
f 1660//1698 150//1698 2064//1698
f 302//1699 228//1699 402//1699
f 1583//1700 1586//1700 1587//1700
f 1615//1701 527//1701 1602//1701
f 1074//1702 330//1702 2178//1702
f 684//1703 685//1703 1841//1703
f 1031//1704 2258//1704 2138//1704
f 1599//1705 1604//1705 136//1705
f 961//1706 64//1706 2018//1706
f 2227//1707 1109//1707 73//1707
f 2468//1708 2394//1708 2393//1708
f 2230//1709 1146//1709 1141//1709
f 1071//1710 290//1710 2328//1710
f 964//1711 1844//1711 1855//1711
f 1734//1712 1748//1712 1749//1712
f 1156//1713 1134//1713 1137//1713
f 1175//1714 1172//1714 555//1714
f 1156//1715 2465//1715 1134//1715
f 826//1716 2014//1716 50//1716
f 220//1717 11//1717 21//1717
f 982//1718 1098//1718 1903//1718
f 2298//1719 1942//1719 871//1719
f 1827//1720 1812//1720 641//1720
f 2167//1721 1342//1721 1335//1721
f 913//1722 1856//1722 1847//1722
f 1057//1723 1093//1723 1443//1723
f 928//1724 184//1724 1126//1724
f 1888//1725 2321//1725 2421//1725
f 459//1726 1090//1726 960//1726
f 1747//1727 1753//1727 1957//1727
f 1104//1728 1955//1728 1397//1728
f 1125//1729 1828//1729 640//1729
f 1739//1730 1977//1730 169//1730
f 1732//1731 1740//1731 1536//1731
f 2333//1732 436//1732 2395//1732
f 874//1733 555//1733 1172//1733
f 2502//1734 1265//1734 1543//1734
f 294//1735 110//1735 1848//1735
f 1700//1736 592//1736 623//1736
f 622//1737 592//1737 160//1737
f 1929//1738 1784//1738 631//1738
f 2041//1739 458//1739 2081//1739
f 144//1740 2041//1740 2187//1740
f 3//1741 597//1741 596//1741
f 1106//1742 614//1742 2196//1742
f 517//1743 448//1743 152//1743
f 601//1744 695//1744 701//1744
f 648//1745 622//1745 1710//1745
f 1088//1746 1105//1746 1086//1746
f 603//1747 2005//1747 695//1747
f 2213//1748 126//1748 1419//1748
f 1391//1749 1180//1749 1215//1749
f 946//1750 676//1750 1852//1750
f 2288//1751 394//1751 1238//1751
f 2087//1752 541//1752 831//1752
f 817//1753 309//1753 599//1753
f 1581//1754 353//1754 339//1754
f 676//1755 680//1755 1852//1755
f 946//1756 659//1756 701//1756
f 1945//1757 2444//1757 416//1757
f 1842//1758 1847//1758 1846//1758
f 656//1759 1806//1759 1812//1759
f 1099//1760 625//1760 1452//1760
f 662//1761 1856//1761 657//1761
f 198//1762 757//1762 1576//1762
f 2020//1763 2014//1763 254//1763
f 539//1764 533//1764 2101//1764
f 1710//1765 667//1765 648//1765
f 602//1766 601//1766 594//1766
f 823//1767 1469//1767 1800//1767
f 502//1768 2532//1768 1662//1768
f 508//1769 1525//1769 1537//1769
f 561//1770 2064//1770 567//1770
f 814//1771 818//1771 1361//1771
f 1929//1772 631//1772 1926//1772
f 1013//1773 1327//1773 28//1773
f 340//1774 2111//1774 344//1774
f 2166//1775 948//1775 947//1775
f 823//1776 1800//1776 822//1776
f 2210//1777 70//1777 56//1777
f 1058//1778 2109//1778 1052//1778
f 2373//1779 434//1779 2167//1779
f 162//1780 701//1780 659//1780
f 552//1781 1135//1781 502//1781
f 913//1782 659//1782 1849//1782
f 636//1783 1821//1783 885//1783
f 474//1784 579//1784 580//1784
f 658//1785 2363//1785 2360//1785
f 183//1786 1806//1786 647//1786
f 1662//1787 1660//1787 1649//1787
f 1828//1788 1125//1788 1829//1788
f 1018//1789 157//1789 571//1789
f 896//1790 1201//1790 530//1790
f 642//1791 185//1791 1793//1791
f 748//1792 18//1792 2048//1792
f 2045//1793 1683//1793 886//1793
f 1120//1794 1124//1794 2224//1794
f 1623//1795 2100//1795 2060//1795
f 818//1796 814//1796 2006//1796
f 1250//1797 2027//1797 256//1797
f 885//1798 181//1798 1785//1798
f 1784//1799 630//1799 1783//1799
f 651//1800 636//1800 231//1800
f 2220//1801 1679//1801 345//1801
f 1785//1802 1777//1802 885//1802
f 2384//1803 2385//1803 419//1803
f 979//1804 557//1804 609//1804
f 574//1805 1679//1805 2057//1805
f 1839//1806 1838//1806 671//1806
f 1572//1807 191//1807 940//1807
f 114//1808 2144//1808 2401//1808
f 848//1809 1528//1809 2528//1809
f 907//1810 2261//1810 1190//1810
f 2089//1811 750//1811 305//1811
f 844//1812 1528//1812 848//1812
f 192//1813 1197//1813 1729//1813
f 157//1814 165//1814 602//1814
f 680//1815 676//1815 671//1815
f 2384//1816 105//1816 1534//1816
f 1061//1817 1905//1817 650//1817
f 179//1818 1821//1818 1817//1818
f 2062//1819 2369//1819 172//1819
f 1905//1820 1061//1820 23//1820
f 2549//1821 1947//1821 1493//1821
f 780//1822 1666//1822 1325//1822
f 753//1823 222//1823 1220//1823
f 965//1824 468//1824 1426//1824
f 1738//1825 1075//1825 1076//1825
f 1234//1826 1224//1826 2052//1826
f 2387//1827 2177//1827 1571//1827
f 1199//1828 1186//1828 1207//1828
f 1496//1829 393//1829 1477//1829
f 181//1830 885//1830 1821//1830
f 1784//1831 1770//1831 631//1831
f 1394//1832 245//1832 771//1832
f 588//1833 158//1833 587//1833
f 1838//1834 175//1834 671//1834
f 860//1835 1910//1835 882//1835
f 584//1836 1692//1836 594//1836
f 1640//1837 1811//1837 1440//1837
f 2028//1838 1418//1838 587//1838
f 2054//1839 1759//1839 2547//1839
f 671//1840 676//1840 1851//1840
f 359//1841 354//1841 372//1841
f 1919//1842 1333//1842 1896//1842
f 2402//1843 1349//1843 2216//1843
f 1768//1844 388//1844 1421//1844
f 1763//1845 1836//1845 669//1845
f 623//1846 1757//1846 1700//1846
f 2140//1847 2142//1847 1034//1847
f 1642//1848 1634//1848 2082//1848
f 2082//1849 1634//1849 1638//1849
f 871//1850 444//1850 429//1850
f 847//1851 1604//1851 78//1851
f 688//1852 596//1852 597//1852
f 923//1853 662//1853 1821//1853
f 1757//1854 484//1854 1758//1854
f 2298//1855 429//1855 1630//1855
f 594//1856 583//1856 584//1856
f 1706//1857 592//1857 648//1857
f 1946//1858 160//1858 1757//1858
f 1697//1859 160//1859 1946//1859
f 623//1860 1942//1860 1757//1860
f 946//1861 695//1861 676//1861
f 1942//1862 623//1862 624//1862
f 1267//1863 2170//1863 2448//1863
f 831//1864 542//1864 654//1864
f 542//1865 831//1865 541//1865
f 1695//1866 1696//1866 1693//1866
f 1753//1867 12//1867 174//1867
f 291//1868 951//1868 290//1868
f 1755//1869 1877//1869 2547//1869
f 651//1870 923//1870 636//1870
f 622//1871 158//1871 583//1871
f 554//1872 2077//1872 2071//1872
f 955//1873 659//1873 1852//1873
f 1080//1874 933//1874 932//1874
f 294//1875 1848//1875 499//1875
f 2541//1876 698//1876 731//1876
f 2324//1877 2345//1877 2458//1877
f 168//1878 740//1878 652//1878
f 619//1879 2534//1879 309//1879
f 561//1880 522//1880 1525//1880
f 431//1881 368//1881 1896//1881
f 787//1882 1737//1882 610//1882
f 694//1883 1736//1883 652//1883
f 1333//1884 1762//1884 1769//1884
f 2474//1885 690//1885 910//1885
f 2135//1886 2382//1886 1342//1886
f 611//1887 20//1887 1674//1887
f 988//1888 61//1888 2175//1888
f 2339//1889 2340//1889 808//1889
f 841//1890 2212//1890 845//1890
f 146//1891 1176//1891 47//1891
f 926//1892 929//1892 34//1892
f 1977//1893 1437//1893 1124//1893
f 981//1894 983//1894 1855//1894
f 2168//1895 1888//1895 2421//1895
f 2092//1896 2211//1896 2173//1896
f 610//1897 168//1897 1736//1897
f 751//1898 577//1898 2297//1898
f 1753//1899 1747//1899 610//1899
f 694//1900 749//1900 1980//1900
f 975//1901 1863//1901 1392//1901
f 169//1902 2051//1902 1676//1902
f 1723//1903 2196//1903 1731//1903
f 2051//1904 2056//1904 2025//1904
f 1845//1905 1843//1905 2293//1905
f 1124//1906 928//1906 2224//1906
f 1298//1907 407//1907 751//1907
f 613//1908 612//1908 20//1908
f 973//1909 2072//1909 908//1909
f 519//1910 81//1910 1069//1910
f 256//1911 2529//1911 559//1911
f 2397//1912 2256//1912 1952//1912
f 2466//1913 276//1913 909//1913
f 2044//1914 2043//1914 854//1914
f 2035//1915 854//1915 2002//1915
f 1287//1916 1353//1916 1750//1916
f 407//1917 1299//1917 2319//1917
f 1630//1918 541//1918 2087//1918
f 1693//1919 1690//1919 1688//1919
f 2103//1920 536//1920 2060//1920
f 12//1921 624//1921 623//1921
f 1991//1922 1760//1922 16//1922
f 2051//1923 1672//1923 2056//1923
f 43//1924 82//1924 2464//1924
f 1688//1925 443//1925 1695//1925
f 1477//1926 2034//1926 1433//1926
f 429//1927 443//1927 428//1927
f 1147//1928 443//1928 1688//1928
f 1360//1929 225//1929 26//1929
f 450//1930 2007//1930 463//1930
f 615//1931 808//1931 2061//1931
f 924//1932 1822//1932 2293//1932
f 1639//1933 1589//1933 980//1933
f 1589//1934 1639//1934 1636//1934
f 1933//1935 2038//1935 1943//1935
f 1147//1936 1634//1936 1637//1936
f 633//1937 792//1937 1849//1937
f 2087//1938 1758//1938 1630//1938
f 123//1939 109//1939 1478//1939
f 1773//1940 179//1940 792//1940
f 173//1941 1456//1941 176//1941
f 608//1942 581//1942 2449//1942
f 1690//1943 980//1943 1688//1943
f 1747//1944 1142//1944 787//1944
f 1147//1945 1637//1945 428//1945
f 680//1946 178//1946 873//1946
f 1670//1947 1925//1947 1598//1947
f 263//1948 1080//1948 1102//1948
f 1692//1949 584//1949 571//1949
f 400//1950 2308//1950 2310//1950
f 192//1951 1417//1951 1197//1951
f 170//1952 166//1952 1237//1952
f 951//1953 2551//1953 948//1953
f 955//1954 873//1954 633//1954
f 1816//1955 692//1955 1820//1955
f 1777//1956 231//1956 636//1956
f 2528//1957 1528//1957 2030//1957
f 2405//1958 2162//1958 437//1958
f 23//1959 180//1959 2528//1959
f 1240//1960 2097//1960 2285//1960
f 785//1961 447//1961 55//1961
f 1540//1962 1541//1962 1848//1962
f 1353//1963 171//1963 2266//1963
f 1023//1964 700//1964 224//1964
f 597//1965 3//1965 817//1965
f 838//1966 828//1966 1338//1966
f 193//1967 1838//1967 1839//1967
f 1998//1968 1726//1968 1687//1968
f 1764//1969 204//1969 2289//1969
f 1471//1970 1470//1970 300//1970
f 157//1971 1018//1971 1726//1971
f 1954//1972 941//1972 288//1972
f 1716//1973 1724//1973 672//1973
f 1274//1974 2310//1974 132//1974
f 688//1975 701//1975 162//1975
f 701//1976 695//1976 946//1976
f 184//1977 384//1977 19//1977
f 602//1978 594//1978 1692//1978
f 1817//1979 1821//1979 657//1979
f 1976//1980 1089//1980 2394//1980
f 537//1981 430//1981 2535//1981
f 1961//1982 1448//1982 1450//1982
f 1652//1983 1214//1983 893//1983
f 1806//1984 650//1984 647//1984
f 1436//1985 211//1985 2133//1985
f 1827//1986 665//1986 924//1986
f 324//1987 1526//1987 2235//1987
f 162//1988 596//1988 688//1988
f 934//1989 1225//1989 1229//1989
f 8//1990 1677//1990 111//1990
f 2319//1991 2203//1991 407//1991
f 1154//1992 2405//1992 437//1992
f 2314//1993 1299//1993 1298//1993
f 662//1994 923//1994 675//1994
f 599//1995 1753//1995 174//1995
f 646//1996 648//1996 667//1996
f 834//1997 1047//1997 816//1997
f 143//1998 86//1998 85//1998
f 588//1999 2032//1999 1414//1999
f 2105//2000 1341//2000 2273//2000
f 587//2001 413//2001 586//2001
f 1010//2002 319//2002 1006//2002
f 1978//2003 1371//2003 1982//2003
f 165//2004 1998//2004 1716//2004
f 2013//2005 1800//2005 1794//2005
f 1781//2006 917//2006 1779//2006
f 2028//2007 1697//2007 589//2007
f 48//2008 1574//2008 1478//2008
f 835//2009 541//2009 458//2009
f 2063//2010 2375//2010 853//2010
f 924//2011 927//2011 1827//2011
f 2229//2012 324//2012 2235//2012
f 1829//2013 929//2013 1828//2013
f 2260//2014 2390//2014 2145//2014
f 598//2015 595//2015 604//2015
f 864//2016 2253//2016 2365//2016
f 601//2017 701//2017 688//2017
f 1629//2018 2099//2018 2093//2018
f 663//2019 2079//2019 470//2019
f 605//2020 1592//2020 1219//2020
f 552//2021 2071//2021 1652//2021
f 418//2022 1418//2022 589//2022
f 589//2023 2306//2023 533//2023
f 1757//2024 160//2024 1700//2024
f 439//2025 244//2025 812//2025
f 2048//2026 18//2026 1741//2026
f 1781//2027 224//2027 1049//2027
f 1658//2028 672//2028 1724//2028
f 940//2029 964//2029 1572//2029
f 592//2030 1700//2030 160//2030
f 1946//2031 2306//2031 589//2031
f 946//2032 1852//2032 659//2032
f 1557//2033 1494//2033 1558//2033
f 1024//2034 1850//2034 1116//2034
f 1339//2035 351//2035 840//2035
f 1650//2036 470//2036 2079//2036
f 186//2037 647//2037 650//2037
f 758//2038 198//2038 1575//2038
f 1851//2039 695//2039 2005//2039
f 669//2040 1860//2040 1833//2040
f 787//2041 167//2041 1737//2041
f 2099//2042 1629//2042 2060//2042
f 599//2043 161//2043 817//2043
f 588//2044 586//2044 2032//2044
f 583//2045 158//2045 584//2045
f 1843//2046 619//2046 1842//2046
f 1039//2047 990//2047 1772//2047
f 2336//2048 2491//2048 1508//2048
f 1851//2049 672//2049 1839//2049
f 1414//2050 1685//2050 584//2050
f 47//2051 1176//2051 905//2051
f 1108//2052 1119//2052 281//2052
f 1832//2053 1840//2053 266//2053
f 175//2054 680//2054 671//2054
f 442//2055 107//2055 1334//2055
f 1026//2056 1402//2056 1022//2056
f 178//2057 388//2057 1926//2057
f 1726//2058 1998//2058 165//2058
f 413//2059 1219//2059 586//2059
f 605//2060 1594//2060 1592//2060
f 2330//2061 2495//2061 1323//2061
f 1190//2062 2261//2062 909//2062
f 584//2063 158//2063 588//2063
f 1577//2064 1257//2064 568//2064
f 992//2065 1808//2065 2403//2065
f 1321//2066 1510//2066 115//2066
f 539//2067 2102//2067 1629//2067
f 464//2068 470//2068 549//2068
f 912//2069 68//2069 908//2069
f 2456//2070 1633//2070 563//2070
f 1018//2071 571//2071 579//2071
f 1208//2072 1665//2072 746//2072
f 18//2073 748//2073 1925//2073
f 837//2074 1524//2074 257//2074
f 444//2075 624//2075 1980//2075
f 1666//2076 1178//2076 2550//2076
f 745//2077 1608//2077 1378//2077
f 1984//2078 2550//2078 1208//2078
f 1916//2079 2454//2079 2450//2079
f 559//2080 2529//2080 887//2080
f 1325//2081 1328//2081 780//2081
f 2472//2082 2344//2082 2423//2082
f 310//2083 1050//2083 1001//2083
f 1889//2084 1412//2084 1357//2084
f 1480//2085 910//2085 380//2085
f 1086//2086 2191//2086 1090//2086
f 1208//2087 1178//2087 1665//2087
f 1414//2088 584//2088 588//2088
f 1683//2089 558//2089 1983//2089
f 1810//2090 1805//2090 1834//2090
f 169//2091 930//2091 2051//2091
f 563//2092 2161//2092 565//2092
f 2035//2093 1293//2093 197//2093
f 2438//2094 1151//2094 1972//2094
f 2330//2095 2354//2095 2495//2095
f 1157//2096 786//2096 914//2096
f 2056//2097 1672//2097 723//2097
f 1163//2098 1174//2098 279//2098
f 1220//2099 222//2099 757//2099
f 1696//2100 694//2100 1991//2100
f 339//2101 2316//2101 342//2101
f 68//2102 1801//2102 967//2102
f 1676//2103 2025//2103 1670//2103
f 2048//2104 1217//2104 748//2104
f 1766//2105 1873//2105 1765//2105
f 2450//2106 2329//2106 1916//2106
f 1855//2107 1860//2107 1572//2107
f 1163//2108 146//2108 1174//2108
f 2018//2109 1668//2109 1186//2109
f 2319//2110 2290//2110 417//2110
f 1150//2111 1119//2111 1139//2111
f 1765//2112 204//2112 1764//2112
f 1344//2113 2068//2113 1959//2113
f 1840//2114 1832//2114 193//2114
f 204//2115 1044//2115 1040//2115
f 2064//2116 150//2116 2524//2116
f 274//2117 2525//2117 1201//2117
f 1048//2118 1356//2118 1054//2118
f 519//2119 1145//2119 1315//2119
f 678//2120 704//2120 1787//2120
f 2289//2121 204//2121 1040//2121
f 2130//2122 1405//2122 1918//2122
f 1108//2123 1139//2123 1119//2123
f 1877//2124 2085//2124 2547//2124
f 1442//2125 896//2125 530//2125
f 533//2126 1627//2126 589//2126
f 331//2127 1077//2127 943//2127
f 1662//2128 530//2128 150//2128
f 1766//2129 202//2129 1873//2129
f 2314//2130 2297//2130 2429//2130
f 64//2131 2301//2131 1632//2131
f 1259//2132 1649//2132 1525//2132
f 1832//2133 191//2133 1836//2133
f 451//2134 377//2134 1386//2134
f 2525//2135 2070//2135 1207//2135
f 1855//2136 983//2136 1860//2136
f 688//2137 597//2137 646//2137
f 627//2138 1468//2138 783//2138
f 2552//2139 804//2139 803//2139
f 1490//2140 744//2140 2488//2140
f 140//2141 1414//2141 2032//2141
f 2192//2142 2241//2142 2116//2142
f 571//2143 1685//2143 580//2143
f 554//2144 663//2144 2076//2144
f 1229//2145 1231//2145 997//2145
f 147//2146 1650//2146 1649//2146
f 1809//2147 1881//2147 1740//2147
f 1881//2148 1082//2148 2383//2148
f 954//2149 1203//2149 2067//2149
f 1493//2150 1479//2150 547//2150
f 1452//2151 625//2151 1435//2151
f 2018//2152 1186//2152 1778//2152
f 1347//2153 227//2153 1354//2153
f 1647//2154 1561//2154 207//2154
f 2543//2155 1908//2155 1671//2155
f 1649//2156 1259//2156 147//2156
f 549//2157 470//2157 1650//2157
f 1716//2158 2005//2158 165//2158
f 1601//2159 2282//2159 1924//2159
f 1752//2160 1040//2160 713//2160
f 1626//2161 1657//2161 1653//2161
f 1687//2162 1724//2162 1998//2162
f 501//2163 2074//2163 552//2163
f 82//2164 117//2164 243//2164
f 1611//2165 968//2165 1610//2165
f 2358//2166 2359//2166 1723//2166
f 2074//2167 501//2167 2079//2167
f 743//2168 1570//2168 494//2168
f 1724//2169 1902//2169 1537//2169
f 1097//2170 457//2170 1657//2170
f 698//2171 1908//2171 35//2171
f 695//2172 601//2172 603//2172
f 1717//2173 1892//2173 1789//2173
f 968//2174 1717//2174 1610//2174
f 1813//2175 1756//2175 465//2175
f 571//2176 580//2176 579//2176
f 517//2177 781//2177 448//2177
f 2066//2178 2077//2178 1212//2178
f 1295//2179 566//2179 1275//2179
f 982//2180 2208//2180 1098//2180
f 1818//2181 997//2181 880//2181
f 2054//2182 2053//2182 2052//2182
f 1721//2183 1060//2183 869//2183
f 463//2184 2081//2184 450//2184
f 1845//2185 619//2185 1843//2185
f 1645//2186 459//2186 835//2186
f 717//2187 1733//2187 716//2187
f 871//2188 429//2188 2298//2188
f 2298//2189 484//2189 1757//2189
f 1202//2190 739//2190 1631//2190
f 1225//2191 934//2191 1242//2191
f 1589//2192 1688//2192 980//2192
f 2081//2193 2187//2193 2041//2193
f 2101//2194 831//2194 654//2194
f 1963//2195 2257//2195 2488//2195
f 960//2196 2191//2196 959//2196
f 172//2197 1227//2197 600//2197
f 1059//2198 1060//2198 1066//2198
f 1608//2199 1611//2199 1610//2199
f 1554//2200 761//2200 1559//2200
f 774//2201 2086//2201 600//2201
f 1657//2202 1626//2202 2537//2202
f 1415//2203 1978//2203 802//2203
f 1849//2204 657//2204 913//2204
f 747//2205 1216//2205 1217//2205
f 722//2206 1892//2206 36//2206
f 2346//2207 2423//2207 2238//2207
f 1582//2208 221//2208 145//2208
f 1780//2209 2407//2209 1807//2209
f 1797//2210 68//2210 1803//2210
f 32//2211 535//2211 1623//2211
f 1231//2212 1225//2212 881//2212
f 986//2213 1735//2213 1076//2213
f 124//2214 782//2214 2104//2214
f 364//2215 860//2215 95//2215
f 936//2216 930//2216 1115//2216
f 1406//2217 1822//2217 34//2217
f 1092//2218 1087//2218 1226//2218
f 212//2219 1699//2219 2283//2219
f 721//2220 1714//2220 1712//2220
f 1221//2221 757//2221 222//2221
f 327//2222 556//2222 325//2222
f 747//2223 13//2223 1216//2223
f 1637//2224 1634//2224 458//2224
f 2550//2225 14//2225 1666//2225
f 1060//2226 1073//2226 869//2226
f 1049//2227 224//2227 700//2227
f 2181//2228 971//2228 963//2228
f 1984//2229 1983//2229 558//2229
f 1906//2230 1166//2230 1675//2230
f 1620//2231 654//2231 2307//2231
f 1033//2232 2496//2232 1025//2232
f 1619//2233 745//2233 746//2233
f 1702//2234 724//2234 1895//2234
f 14//2235 2529//2235 256//2235
f 1209//2236 1378//2236 2277//2236
f 1719//2237 1887//2237 208//2237
f 1924//2238 213//2238 1907//2238
f 1695//2239 694//2239 1696//2239
f 2383//2240 1075//2240 1881//2240
f 406//2241 1248//2241 403//2241
f 1740//2242 1950//2242 1536//2242
f 1082//2243 1073//2243 1059//2243
f 737//2244 752//2244 1482//2244
f 735//2245 994//2245 317//2245
f 1220//2246 198//2246 758//2246
f 427//2247 2304//2247 1802//2247
f 1897//2248 1709//2248 1702//2248
f 1158//2249 1146//2249 1148//2249
f 353//2250 365//2250 362//2250
f 362//2251 54//2251 347//2251
f 1714//2252 1886//2252 720//2252
f 328//2253 93//2253 2245//2253
f 1883//2254 718//2254 1616//2254
f 1729//2255 40//2255 192//2255
f 1618//2256 1611//2256 1608//2256
f 173//2257 2299//2257 1370//2257
f 2474//2258 910//2258 1432//2258
f 1561//2259 1647//2259 470//2259
f 341//2260 347//2260 2318//2260
f 2538//2261 1698//2261 728//2261
f 1540//2262 1848//2262 110//2262
f 1566//2263 1295//2263 1320//2263
f 477//2264 2426//2264 2406//2264
f 348//2265 2430//2265 1372//2265
f 1287//2266 1859//2266 1858//2266
f 1953//2267 1884//2267 1885//2267
f 2503//2268 1546//2268 1544//2268
f 1487//2269 1486//2269 125//2269
f 1916//2270 2088//2270 2448//2270
f 2427//2271 2155//2271 1375//2271
f 2433//2272 489//2272 2434//2272
f 1485//2273 1484//2273 1486//2273
f 1601//2274 1924//2274 1603//2274
f 1085//2275 29//2275 1117//2275
f 2501//2276 1621//2276 77//2276
f 1513//2277 2486//2277 2484//2277
f 904//2278 1527//2278 127//2278
f 1002//2279 143//2279 1030//2279
f 1449//2280 39//2280 1879//2280
f 412//2281 106//2281 2553//2281
f 467//2282 1641//2282 993//2282
f 1642//2283 450//2283 2081//2283
f 1399//2284 593//2284 1826//2284
f 1758//2285 484//2285 1630//2285
f 1266//2286 1327//2286 455//2286
f 1802//2287 112//2287 2462//2287
f 1369//2288 1222//2288 1177//2288
f 203//2289 540//2289 520//2289
f 1354//2290 227//2290 1956//2290
f 1941//2291 2266//2291 2343//2291
f 1020//2292 1796//2292 700//2292
f 1622//2293 1326//2293 768//2293
f 82//2294 1701//2294 111//2294
f 983//2295 1833//2295 1860//2295
f 2133//2296 47//2296 2476//2296
f 799//2297 367//2297 798//2297
f 513//2298 1018//2298 579//2298
f 2307//2299 1384//2299 1620//2299
f 1737//2300 168//2300 610//2300
f 819//2301 816//2301 151//2301
f 2278//2302 2474//2302 706//2302
f 530//2303 2532//2303 1442//2303
f 1371//2304 124//2304 1053//2304
f 663//2305 554//2305 2074//2305
f 2017//2306 2533//2306 2531//2306
f 2538//2307 1631//2307 731//2307
f 272//2308 1072//2308 819//2308
f 1072//2309 272//2309 1013//2309
f 1811//2310 989//2310 1816//2310
f 2493//2311 2497//2311 1301//2311
f 828//2312 827//2312 1045//2312
f 1316//2313 1884//2313 1498//2313
f 1079//2314 1727//2314 2477//2314
f 1728//2315 229//2315 1533//2315
f 1979//2316 1989//2316 1988//2316
f 27//2317 2206//2317 1294//2317
f 494//2318 1280//2318 1345//2318
f 486//2319 2254//2319 1322//2319
f 1354//2320 1362//2320 1347//2320
f 1738//2321 1529//2321 1950//2321
f 452//2322 1623//2322 535//2322
f 1039//2323 638//2323 788//2323
f 1290//2324 585//2324 1761//2324
f 1390//2325 1420//2325 462//2325
f 2469//2326 1292//2326 585//2326
f 607//2327 2009//2327 382//2327
f 1968//2328 232//2328 791//2328
f 98//2329 1272//2329 2214//2329
f 1012//2330 1908//2330 698//2330
f 932//2331 889//2331 1862//2331
f 2308//2332 2471//2332 1419//2332
f 1411//2333 939//2333 1853//2333
f 1070//2334 2040//2334 1284//2334
f 1394//2335 1393//2335 245//2335
f 1270//2336 1272//2336 134//2336
f 1989//2337 1993//2337 2267//2337
f 804//2338 2552//2338 1423//2338
f 1979//2339 802//2339 1981//2339
f 1834//2340 1857//2340 196//2340
f 2023//2341 2021//2341 833//2341
f 1914//2342 2107//2342 2039//2342
f 2479//2343 2120//2343 1986//2343
f 2117//2344 1350//2344 2546//2344
f 354//2345 355//2345 1251//2345
f 1313//2346 1972//2346 1267//2346
f 1556//2347 1481//2347 1497//2347
f 699//2348 1796//2348 1867//2348
f 2538//2349 742//2349 1631//2349
f 1906//2350 1681//2350 2542//2350
f 1276//2351 1271//2351 106//2351
f 235//2352 524//2352 1970//2352
f 42//2353 524//2353 794//2353
f 2155//2354 2406//2354 1375//2354
f 485//2355 2268//2355 2482//2355
f 931//2356 246//2356 901//2356
f 1978//2357 1465//2357 1960//2357
f 432//2358 2144//2358 883//2358
f 235//2359 1969//2359 1422//2359
f 1990//2360 1994//2360 806//2360
f 352//2361 2234//2361 2231//2361
f 2405//2362 2501//2362 2162//2362
f 2096//2363 1941//2363 1420//2363
f 192//2364 1344//2364 1959//2364
f 2160//2365 1366//2365 2347//2365
f 2412//2366 2303//2366 2300//2366
f 1037//2367 806//2367 2129//2367
f 1382//2368 1379//2368 1381//2368
f 1997//2369 1973//2369 1400//2369
f 1379//2370 627//2370 783//2370
f 2089//2371 2295//2371 1913//2371
f 2384//2372 419//2372 105//2372
f 586//2373 753//2373 140//2373
f 2493//2374 2530//2374 2147//2374
f 1872//2375 1871//2375 2517//2375
f 2120//2376 1007//2376 1005//2376
f 2147//2377 390//2377 2183//2377
f 424//2378 1261//2378 2354//2378
f 2115//2379 1198//2379 41//2379
f 2092//2380 1343//2380 2387//2380
f 1053//2381 124//2381 1009//2381
f 2244//2382 891//2382 2323//2382
f 1334//2383 120//2383 442//2383
f 2118//2384 1994//2384 1992//2384
f 2033//2385 259//2385 439//2385
f 802//2386 1979//2386 1409//2386
f 1981//2387 236//2387 2479//2387
f 1171//2388 795//2388 1871//2388
f 1966//2389 2145//2389 2390//2389
f 311//2390 1007//2390 2113//2390
f 1974//2391 1973//2391 1218//2391
f 236//2392 2119//2392 1007//2392
f 1913//2393 2295//2393 2262//2393
f 2109//2394 1831//2394 2492//2394
f 1496//2395 1919//2395 393//2395
f 2232//2396 719//2396 1769//2396
f 1785//2397 1061//2397 1777//2397
f 2535//2398 430//2398 2394//2398
f 1017//2399 2128//2399 240//2399
f 791//2400 1422//2400 1969//2400
f 41//2401 496//2401 2115//2401
f 42//2402 795//2402 524//2402
f 2225//2403 2281//2403 1169//2403
f 1335//2404 2280//2404 442//2404
f 375//2405 725//2405 726//2405
f 524//2406 795//2406 234//2406
f 2473//2407 371//2407 965//2407
f 1312//2408 2198//2408 1311//2408
f 1312//2409 2201//2409 2050//2409
f 1958//2410 2352//2410 2353//2410
f 1971//2411 759//2411 1196//2411
f 608//2412 1315//2412 872//2412
f 57//2413 833//2413 1250//2413
f 812//2414 244//2414 1394//2414
f 200//2415 1284//2415 1279//2415
f 1388//2416 1267//2416 2448//2416
f 1385//2417 359//2417 451//2417
f 1061//2418 231//2418 1777//2418
f 1393//2419 1394//2419 244//2419
f 2329//2420 2450//2420 1664//2420
f 1880//2421 1616//2421 763//2421
f 2188//2422 2047//2422 2084//2422
f 2189//2423 2392//2423 2188//2423
f 2189//2424 2188//2424 2389//2424
f 2452//2425 2451//2425 2364//2425
f 1421//2426 1289//2426 1768//2426
f 921//2427 2023//2427 2451//2427
f 198//2428 1576//2428 1575//2428
f 1661//2429 1646//2429 1648//2429
f 1640//2430 620//2430 200//2430
f 2202//2431 2329//2431 423//2431
f 1319//2432 2440//2432 1310//2432
f 2392//2433 363//2433 862//2433
f 2039//2434 2193//2434 1731//2434
f 188//2435 246//2435 1367//2435
f 1956//2436 227//2436 546//2436
f 1443//2437 1358//2437 1367//2437
f 2449//2438 1315//2438 608//2438
f 2351//2439 422//2439 875//2439
f 1794//2440 1793//2440 2013//2440
f 1569//2441 510//2441 1568//2441
f 917//2442 919//2442 1825//2442
f 1949//2443 261//2443 2004//2443
f 2529//2444 1984//2444 887//2444
f 1321//2445 2107//2445 2195//2445
f 2450//2446 2454//2446 2522//2446
f 2436//2447 879//2447 866//2447
f 818//2448 686//2448 186//2448
f 1299//2449 2262//2449 2290//2449
f 2114//2450 891//2450 1923//2450
f 842//2451 1401//2451 1556//2451
f 2506//2452 1089//2452 1976//2452
f 2180//2453 2114//2453 2374//2453
f 2046//2454 2345//2454 417//2454
f 1016//2455 268//2455 880//2455
f 1684//2456 1906//2456 16//2456
f 33//2457 419//2457 1238//2457
f 1469//2458 821//2458 824//2458
f 1305//2459 2442//2459 1510//2459
f 1083//2460 333//2460 2207//2460
f 1444//2461 1177//2461 2130//2461
f 1197//2462 1417//2462 4//2462
f 712//2463 1689//2463 2356//2463
f 1571//2464 2125//2464 2374//2464
f 2360//2465 2195//2465 1318//2465
f 1937//2466 2212//2466 851//2466
f 1008//2467 2107//2467 2055//2467
f 1702//2468 1898//2468 724//2468
f 2443//2469 251//2469 1228//2469
f 275//2470 1194//2470 902//2470
f 1600//2471 387//2471 1573//2471
f 2186//2472 2188//2472 2084//2472
f 2033//2473 2037//2473 660//2473
f 2460//2474 1272//2474 2461//2474
f 1532//2475 769//2475 1479//2475
f 1767//2476 1021//2476 139//2476
f 829//2477 826//2477 2016//2477
f 2554//2478 2066//2478 1212//2478
f 92//2479 21//2479 1934//2479
f 70//2480 66//2480 51//2480
f 247//2481 155//2481 286//2481
f 2443//2482 2447//2482 455//2482
f 2470//2483 911//2483 126//2483
f 134//2484 1408//2484 106//2484
f 462//2485 1230//2485 993//2485
f 411//2486 473//2486 1612//2486
f 2272//2487 766//2487 1499//2487
f 1338//2488 834//2488 1355//2488
f 2149//2489 1232//2489 392//2489
f 839//2490 1524//2490 2022//2490
f 2452//2491 921//2491 2451//2491
f 101//2492 397//2492 104//2492
f 2539//2493 1898//2493 1709//2493
f 1188//2494 1655//2494 1654//2494
f 453//2495 98//2495 1240//2495
f 2196//2496 614//2496 1914//2496
f 2215//2497 2308//2497 400//2497
f 1524//2498 839//2498 2024//2498
f 746//2499 1665//2499 1619//2499
f 1118//2500 1122//2500 1024//2500
f 1284//2501 620//2501 1070//2501
f 2030//2502 842//2502 813//2502
f 1667//2503 1666//2503 780//2503
f 2297//2504 577//2504 1804//2504
f 1897//2505 1711//2505 1709//2505
f 1928//2506 2193//2506 1008//2506
f 1238//2507 394//2507 33//2507
f 1439//2508 302//2508 410//2508
f 1344//2509 92//2509 2068//2509
f 842//2510 1528//2510 844//2510
f 23//2511 2528//2511 1210//2511
f 1181//2512 2302//2512 340//2512
f 257//2513 1325//2513 2027//2513
f 89//2514 397//2514 421//2514
f 332//2515 664//2515 2264//2515
f 121//2516 394//2516 426//2516
f 1202//2517 1631//2517 742//2517
f 1670//2518 2056//2518 1925//2518
f 1705//2519 460//2519 469//2519
f 206//2520 223//2520 203//2520
f 1799//2521 697//2521 691//2521
f 859//2522 1286//2522 2042//2522
f 1393//2523 244//2523 1380//2523
f 738//2524 1657//2524 2537//2524
f 2221//2525 395//2525 1246//2525
f 332//2526 340//2526 1247//2526
f 1671//2527 1712//2527 1891//2527
f 609//2528 989//2528 196//2528
f 1240//2529 2285//2529 1705//2529
f 635//2530 506//2530 540//2530
f 2239//2531 864//2531 95//2531
f 2380//2532 2012//2532 661//2532
f 1543//2533 1265//2533 1472//2533
f 1939//2534 2255//2534 1338//2534
f 197//2535 2292//2535 1835//2535
f 1411//2536 2012//2536 2380//2536
f 598//2537 608//2537 2219//2537
f 370//2538 1227//2538 779//2538
f 544//2539 1181//2539 2264//2539
f 669//2540 1836//2540 191//2540
f 2407//2541 1780//2541 2078//2541
f 1279//2542 1278//2542 2044//2542
f 2380//2543 2378//2543 1715//2543
f 854//2544 2043//2544 2037//2544
f 854//2545 2544//2545 2044//2545
f 1103//2546 970//2546 1101//2546
f 1303//2547 2456//2547 1302//2547
f 1324//2548 2270//2548 2189//2548
f 465//2549 2038//2549 1813//2549
f 2499//2550 1043//2550 1539//2550
f 2000//2551 872//2551 551//2551
f 1475//2552 1704//2552 1474//2552
f 172//2553 2369//2553 2436//2553
f 2325//2554 971//2554 972//2554
f 304//2555 984//2555 1031//2555
f 2042//2556 884//2556 859//2556
f 288//2557 425//2557 446//2557
f 2327//2558 1296//2558 2204//2558
f 358//2559 1164//2559 2391//2559
f 1899//2560 1698//2560 1864//2560
f 1206//2561 218//2561 1915//2561
f 807//2562 800//2562 1613//2562
f 1756//2563 1255//2563 1268//2563
f 1535//2564 1900//2564 499//2564
f 1341//2565 883//2565 2429//2565
f 1633//2566 2161//2566 563//2566
f 683//2567 689//2567 693//2567
f 2292//2568 197//2568 983//2568
f 1014//2569 1263//2569 315//2569
f 2058//2570 1428//2570 57//2570
f 1034//2571 2151//2571 2140//2571
f 441//2572 394//2572 435//2572
f 212//2573 1895//2573 1699//2573
f 511//2574 683//2574 693//2574
f 778//2575 1815//2575 280//2575
f 2312//2576 1588//2576 1745//2576
f 712//2577 881//2577 1689//2577
f 703//2578 621//2578 381//2578
f 2054//2579 2547//2579 2053//2579
f 703//2580 696//2580 398//2580
f 1416//2581 1818//2581 462//2581
f 1558//2582 2516//2582 1557//2582
f 1732//2583 1809//2583 1740//2583
f 1000//2584 1094//2584 1092//2584
f 1636//2585 1200//2585 1589//2585
f 1877//2586 202//2586 1110//2586
f 617//2587 381//2587 621//2587
f 730//2588 733//2588 398//2588
f 367//2589 799//2589 2255//2589
f 716//2590 2549//2590 777//2590
f 1219//2591 413//2591 420//2591
f 1526//2592 729//2592 37//2592
f 668//2593 270//2593 2250//2593
f 698//2594 1678//2594 1012//2594
f 643//2595 2220//2595 345//2595
f 2453//2596 1304//2596 1151//2596
f 2227//2597 928//2597 1126//2597
f 2394//2598 1089//2598 2393//2598
f 299//2599 963//2599 971//2599
f 371//2600 770//2600 965//2600
f 1488//2601 1720//2601 716//2601
f 1760//2602 740//2602 1686//2602
f 607//2603 2219//2603 608//2603
f 57//2604 1428//2604 1427//2604
f 783//2605 129//2605 2104//2605
f 367//2606 2237//2606 805//2606
f 809//2607 1187//2607 2237//2607
f 1636//2608 1639//2608 741//2608
f 1398//2609 1427//2609 765//2609
f 2120//2610 2479//2610 1007//2610
f 2271//2611 608//2611 606//2611
f 787//2612 1142//2612 613//2612
f 753//2613 1220//2613 140//2613
f 886//2614 1683//2614 258//2614
f 1121//2615 1699//2615 1899//2615
f 2229//2616 733//2616 324//2616
f 591//2617 590//2617 1930//2617
f 1256//2618 1214//2618 2066//2618
f 2447//2619 1301//2619 2497//2619
f 677//2620 351//2620 1339//2620
f 590//2621 591//2621 2449//2621
f 243//2622 211//2622 1436//2622
f 851//2623 2255//2623 1939//2623
f 736//2624 252//2624 2016//2624
f 1865//2625 1165//2625 1796//2625
f 826//2626 1228//2626 251//2626
f 815//2627 1179//2627 1355//2627
f 100//2628 789//2628 836//2628
f 272//2629 736//2629 1013//2629
f 2237//2630 784//2630 809//2630
f 72//2631 978//2631 1094//2631
f 960//2632 1090//2632 2191//2632
f 1433//2633 856//2633 1976//2633
f 870//2634 1173//2634 2251//2634
f 2201//2635 1311//2635 591//2635
f 361//2636 900//2636 357//2636
f 2522//2637 1306//2637 2348//2637
f 2186//2638 2453//2638 2069//2638
f 1397//2639 819//2639 1072//2639
f 1097//2640 1189//2640 209//2640
f 2018//2641 1183//2641 961//2641
f 445//2642 2375//2642 2063//2642
f 2487//2643 308//2643 2489//2643
f 559//2644 1250//2644 256//2644
f 1633//2645 1912//2645 2161//2645
f 1308//2646 422//2646 1958//2646
f 1178//2647 210//2647 1661//2647
f 275//2648 2476//2648 906//2648
f 724//2649 1894//2649 1895//2649
f 1203//2650 898//2650 274//2650
f 1937//2651 851//2651 1939//2651
f 2454//2652 1304//2652 2453//2652
f 353//2653 233//2653 365//2653
f 563//2654 2448//2654 2088//2654
f 2546//2655 1396//2655 2445//2655
f 2103//2656 1620//2656 1903//2656
f 2091//2657 1630//2657 429//2657
f 793//2658 706//2658 550//2658
f 959//2659 970//2659 974//2659
f 949//2660 956//2660 950//2660
f 2187//2661 463//2661 1088//2661
f 1992//2662 1985//2662 2118//2662
f 2464//2663 48//2663 43//2663
f 1192//2664 276//2664 1792//2664
f 567//2665 1668//2665 2018//2665
f 409//2666 2352//2666 658//2666
f 146//2667 278//2667 1157//2667
f 998//2668 242//2668 858//2668
f 766//2669 547//2669 1479//2669
f 1661//2670 1644//2670 1646//2670
f 1260//2671 858//2671 242//2671
f 1668//2672 2524//2672 1186//2672
f 1869//2673 2113//2673 310//2673
f 1539//2674 1043//2674 49//2674
f 1207//2675 903//2675 1199//2675
f 114//2676 2262//2676 1299//2676
f 943//2677 952//2677 331//2677
f 305//2678 1348//2678 2089//2678
f 1965//2679 1014//2679 1036//2679
f 988//2680 2175//2680 330//2680
f 1402//2681 1429//2681 1022//2681
f 29//2682 53//2682 1866//2682
f 2255//2683 784//2683 367//2683
f 798//2684 367//2684 807//2684
f 1964//2685 1452//2685 1383//2685
f 714//2686 31//2686 1746//2686
f 802//2687 1409//2687 1415//2687
f 875//2688 2371//2688 99//2688
f 1053//2689 2121//2689 2119//2689
f 1605//2690 1603//2690 1924//2690
f 685//2691 684//2691 682//2691
f 2191//2692 1086//2692 1105//2692
f 353//2693 1581//2693 233//2693
f 914//2694 1825//2694 919//2694
f 953//2695 970//2695 1103//2695
f 1598//2696 734//2696 1670//2696
f 984//2697 304//2697 2169//2697
f 1063//2698 876//2698 296//2698
f 146//2699 1163//2699 1795//2699
f 1078//2700 446//2700 425//2700
f 493//2701 1655//2701 1188//2701
f 1561//2702 762//2702 207//2702
f 1085//2703 1084//2703 285//2703
f 898//2704 1203//2704 46//2704
f 922//2705 1116//2705 1233//2705
f 2286//2706 2283//2706 1121//2706
f 1820//2707 1819//2707 1811//2707
f 1382//2708 1435//2708 1379//2708
f 1383//2709 935//2709 1964//2709
f 866//2710 879//2710 570//2710
f 1139//2711 1108//2711 1882//2711
f 1257//2712 1577//2712 1575//2712
f 85//2713 2409//2713 143//2713
f 1114//2714 284//2714 283//2714
f 279//2715 919//2715 699//2715
f 708//2716 1107//2716 1766//2716
f 1641//2717 1390//2717 993//2717
f 198//2718 1220//2718 757//2718
f 1823//2719 786//2719 1157//2719
f 1876//2720 1875//2720 709//2720
f 283//2721 1127//2721 1123//2721
f 202//2722 1877//2722 1755//2722
f 2265//2723 2211//2723 2092//2723
f 699//2724 1867//2724 279//2724
f 710//2725 1876//2725 709//2725
f 1079//2726 2478//2726 1122//2726
f 1208//2727 1983//2727 1984//2727
f 1275//2728 553//2728 269//2728
f 2076//2729 663//2729 1647//2729
f 1876//2730 2547//2730 1759//2730
f 1122//2731 283//2731 1123//2731
f 1223//2732 1224//2732 1016//2732
f 1873//2733 710//2733 1044//2733
f 2340//2734 2339//2734 687//2734
f 1868//2735 2304//2735 1285//2735
f 1873//2736 204//2736 1765//2736
f 880//2737 1231//2737 1223//2737
f 1116//2738 1114//2738 283//2738
f 1322//2739 2254//2739 1499//2739
f 2435//2740 2510//2740 432//2740
f 1844//2741 681//2741 682//2741
f 2459//2742 884//2742 2042//2742
f 1379//2743 618//2743 788//2743
f 285//2744 1095//2744 2326//2744
f 1476//2745 1405//2745 1659//2745
f 692//2746 1816//2746 1799//2746
f 909//2747 2261//2747 2466//2747
f 797//2748 1968//2748 1961//2748
f 979//2749 973//2749 967//2749
f 1465//2750 1415//2750 797//2750
f 681//2751 961//2751 1183//2751
f 1869//2752 310//2752 1001//2752
f 1448//2753 1968//2753 791//2753
f 1185//2754 292//2754 809//2754
f 1862//2755 1084//2755 1117//2755
f 1961//2756 1968//2756 1448//2756
f 2090//2757 1161//2757 1100//2757
f 2112//2758 307//2758 1003//2758
f 944//2759 550//2759 46//2759
f 147//2760 1259//2760 474//2760
f 914//2761 279//2761 1174//2761
f 2164//2762 1062//2762 1694//2762
f 935//2763 1424//2763 1403//2763
f 275//2764 849//2764 1194//2764
f 272//2765 977//2765 893//2765
f 2076//2766 1647//2766 269//2766
f 1033//2767 1029//2767 2326//2767
f 418//2768 277//2768 1418//2768
f 502//2769 501//2769 552//2769
f 2106//2770 1064//2770 2328//2770
f 1830//2771 1609//2771 899//2771
f 269//2772 1647//2772 207//2772
f 1009//2773 2121//2773 1053//2773
f 1068//2774 1965//2774 446//2774
f 1625//2775 894//2775 934//2775
f 315//2776 2142//2776 1036//2776
f 2123//2777 2104//2777 425//2777
f 1872//2778 2127//2778 1871//2778
f 2547//2779 1876//2779 1755//2779
f 2023//2780 837//2780 2021//2780
f 1242//2781 1245//2781 1244//2781
f 2154//2782 2494//2782 958//2782
f 496//2783 41//2783 2118//2783
f 41//2784 1994//2784 2118//2784
f 288//2785 446//2785 1046//2785
f 449//2786 1556//2786 1497//2786
f 1019//2787 1028//2787 1042//2787
f 963//2788 996//2788 1831//2788
f 1058//2789 2158//2789 326//2789
f 782//2790 1466//2790 783//2790
f 578//2791 425//2791 2104//2791
f 2367//2792 2439//2792 2055//2792
f 1481//2793 1556//2793 1401//2793
f 2106//2794 2166//2794 1062//2794
f 2109//2795 65//2795 958//2795
f 2158//2796 2108//2796 62//2796
f 2158//2797 1058//2797 1052//2797
f 1435//2798 1962//2798 1452//2798
f 843//2799 2506//2799 856//2799
f 766//2800 1362//2800 547//2800
f 2069//2801 2389//2801 2188//2801
f 796//2802 1996//2802 42//2802
f 65//2803 1050//2803 2154//2803
f 1007//2804 2479//2804 236//2804
f 2151//2805 1034//2805 957//2805
f 855//2806 1281//2806 2042//2806
f 2178//2807 329//2807 1071//2807
f 941//2808 425//2808 288//2808
f 1293//2809 1421//2809 877//2809
f 1981//2810 1989//2810 1979//2810
f 1869//2811 1004//2811 311//2811
f 1283//2812 263//2812 1282//2812
f 1281//2813 2377//2813 1404//2813
f 1926//2814 631//2814 873//2814
f 2120//2815 1985//2815 1986//2815
f 1576//2816 221//2816 1563//2816
f 1081//2817 329//2817 2175//2817
f 1300//2818 1296//2818 2324//2818
f 1053//2819 2119//2819 236//2819
f 1027//2820 1878//2820 1095//2820
f 2078//2821 998//2821 858//2821
f 23//2822 1210//2822 1905//2822
f 959//2823 2208//2823 1904//2823
f 794//2824 1422//2824 1218//2824
f 1429//2825 1403//2825 790//2825
f 271//2826 886//2826 668//2826
f 1310//2827 2440//2827 1297//2827
f 1973//2828 1997//2828 1995//2828
f 1960//2829 1466//2829 782//2829
f 1291//2830 1294//2830 2205//2830
f 152//2831 448//2831 2381//2831
f 1974//2832 1423//2832 1400//2832
f 1003//2833 307//2833 999//2833
f 1292//2834 2469//2834 1775//2834
f 2274//2835 1417//2835 192//2835
f 1746//2836 1221//2836 1591//2836
f 1067//2837 1051//2837 2158//2837
f 235//2838 1970//2838 1969//2838
f 1095//2839 1878//2839 2326//2839
f 2267//2840 1993//2840 241//2840
f 2148//2841 1392//2841 1863//2841
f 2267//2842 241//2842 1997//2842
f 1561//2843 1562//2843 1563//2843
f 652//2844 1736//2844 168//2844
f 372//2845 1251//2845 389//2845
f 2013//2846 1793//2846 686//2846
f 1588//2847 756//2847 1735//2847
f 1002//2848 942//2848 904//2848
f 1994//2849 1993//2849 1992//2849
f 791//2850 1969//2850 1448//2850
f 1042//2851 1032//2851 2138//2851
f 762//2852 1565//2852 634//2852
f 1400//2853 810//2853 1997//2853
f 1003//2854 2115//2854 2112//2854
f 1001//2855 2112//2855 1869//2855
f 1745//2856 1588//2856 1735//2856
f 1995//2857 796//2857 1973//2857
f 1017//2858 2259//2858 1872//2858
f 41//2859 2129//2859 806//2859
f 1239//2860 757//2860 1221//2860
f 2110//2861 999//2861 996//2861
f 2467//2862 1990//2862 240//2862
f 2108//2863 2494//2863 62//2863
f 311//2864 1005//2864 1007//2864
f 2418//2865 142//2865 2419//2865
f 2175//2866 61//2866 1081//2866
f 1748//2867 1743//2867 282//2867
f 1117//2868 29//2868 6//2868
f 803//2869 1409//2869 1979//2869
f 1576//2870 145//2870 221//2870
f 2469//2871 1390//2871 1641//2871
f 43//2872 17//2872 414//2872
f 2098//2873 2090//2873 2521//2873
f 1531//2874 2305//2874 2275//2874
f 1379//2875 783//2875 1381//2875
f 2527//2876 299//2876 312//2876
f 239//2877 1879//2877 2496//2877
f 469//2878 626//2878 453//2878
f 321//2879 1041//2879 987//2879
f 753//2880 586//2880 1592//2880
f 418//2881 1627//2881 2093//2881
f 2158//2882 1051//2882 326//2882
f 2304//2883 112//2883 1802//2883
f 2326//2884 1029//2884 285//2884
f 1985//2885 1005//2885 496//2885
f 303//2886 304//2886 1032//2886
f 972//2887 1081//2887 61//2887
f 61//2888 116//2888 972//2888
f 1353//2889 1287//2889 1858//2889
f 1614//2890 2435//2890 1341//2890
f 2153//2891 1503//2891 1035//2891
f 1218//2892 1422//2892 1974//2892
f 764//2893 1317//2893 1940//2893
f 627//2894 1379//2894 788//2894
f 1050//2895 1954//2895 2151//2895
f 736//2896 272//2896 1691//2896
f 2328//2897 290//2897 951//2897
f 813//2898 246//2898 188//2898
f 957//2899 2494//2899 2151//2899
f 1954//2900 2122//2900 2123//2900
f 772//2901 1529//2901 1931//2901
f 2393//2902 2346//2902 2174//2902
f 578//2903 1078//2903 425//2903
f 1730//2904 1073//2904 1082//2904
f 310//2905 2113//2905 2122//2905
f 1006//2906 2258//2906 2142//2906
f 2462//2907 27//2907 1294//2907
f 1837//2908 2109//2908 1058//2908
f 486//2909 32//2909 2254//2909
f 81//2910 519//2910 565//2910
f 1549//2911 1936//2911 566//2911
f 1043//2912 1028//2912 49//2912
f 1051//2913 1067//2913 1694//2913
f 1221//2914 2312//2914 1745//2914
f 1576//2915 757//2915 1239//2915
f 2169//2916 1067//2916 62//2916
f 470//2917 1647//2917 663//2917
f 666//2918 544//2918 2264//2918
f 307//2919 2492//2919 996//2919
f 1062//2920 2164//2920 1064//2920
f 1837//2921 1831//2921 2109//2921
f 2042//2922 1281//2922 2459//2922
f 1414//2923 758//2923 1685//2923
f 1295//2924 1275//2924 1288//2924
f 1748//2925 282//2925 1749//2925
f 2104//2926 2123//2926 124//2926
f 1052//2927 958//2927 2108//2927
f 2151//2928 1046//2928 2140//2928
f 768//2929 1530//2929 1522//2929
f 1562//2930 1561//2930 470//2930
f 299//2931 1027//2931 312//2931
f 2527//2932 2110//2932 996//2932
f 1015//2933 1171//2933 1871//2933
f 2093//2934 2099//2934 2095//2934
f 996//2935 963//2935 2527//2935
f 2113//2936 2119//2936 2121//2936
f 1925//2937 748//2937 1605//2937
f 2112//2938 2115//2938 1004//2938
f 63//2939 988//2939 306//2939
f 1027//2940 971//2940 1878//2940
f 1019//2941 319//2941 1028//2941
f 2142//2942 2258//2942 1034//2942
f 999//2943 2110//2943 1003//2943
f 1019//2944 1006//2944 319//2944
f 498//2945 131//2945 2226//2945
f 1257//2946 1575//2946 1563//2946
f 1538//2947 2499//2947 1503//2947
f 624//2948 12//2948 694//2948
f 1945//2949 416//2949 2205//2949
f 1887//2950 721//2950 2282//2950
f 2106//2951 951//2951 948//2951
f 456//2952 450//2952 1920//2952
f 2492//2953 65//2953 2109//2953
f 2193//2954 1928//2954 2388//2954
f 304//2955 1031//2955 2138//2955
f 125//2956 1555//2956 2514//2956
f 2169//2957 304//2957 1065//2957
f 1931//2958 334//2958 45//2958
f 200//2959 1810//2959 1011//2959
f 2551//2960 289//2960 948//2960
f 1381//2961 2455//2961 1450//2961
f 312//2962 1022//2962 2370//2962
f 722//2963 1611//2963 1648//2963
f 996//2964 999//2964 307//2964
f 2109//2965 958//2965 1052//2965
f 2539//2966 1703//2966 738//2966
f 62//2967 957//2967 1031//2967
f 1714//2968 1887//2968 1886//2968
f 720//2969 1886//2969 1719//2969
f 210//2970 1667//2970 493//2970
f 1577//2971 1685//2971 758//2971
f 1598//2972 1682//2972 734//2972
f 1675//2973 16//2973 1906//2973
f 2280//2974 899//2974 107//2974
f 2106//2975 2328//2975 951//2975
f 1682//2976 213//2976 1686//2976
f 694//2977 12//2977 1736//2977
f 312//2978 1027//2978 1022//2978
f 2163//2979 1064//2979 2164//2979
f 980//2980 1690//2980 1678//2980
f 1056//2981 947//2981 289//2981
f 1686//2982 1684//2982 16//2982
f 291//2983 290//2983 952//2983
f 1718//2984 1707//2984 1717//2984
f 62//2985 1031//2985 984//2985
f 1559//2986 1880//2986 1554//2986
f 2123//2987 1009//2987 124//2987
f 503//2988 2536//2988 2540//2988
f 2551//2989 291//2989 943//2989
f 65//2990 307//2990 1001//2990
f 1552//2991 1558//2991 1548//2991
f 1536//2992 2275//2992 2305//2992
f 1316//2993 2545//2993 1884//2993
f 2178//2994 2175//2994 329//2994
f 547//2995 1956//2995 1493//2995
f 1022//2996 1015//2996 2127//2996
f 1530//2997 768//2997 772//2997
f 1352//2998 2358//2998 1332//2998
f 575//2999 1585//2999 1738//2999
f 2551//3000 60//3000 289//3000
f 2164//3001 303//3001 2163//3001
f 1837//3002 1058//3002 2159//3002
f 952//3003 943//3003 291//3003
f 300//3004 1754//3004 1471//3004
f 948//3005 2166//3005 2106//3005
f 2321//3006 2428//3006 2421//3006
f 1064//3007 2163//3007 1074//3007
f 1562//3008 568//3008 1257//3008
f 1960//3009 1465//3009 1466//3009
f 1550//3010 1547//3010 2505//3010
f 638//3011 1470//3011 788//3011
f 2082//3012 450//3012 1642//3012
f 1773//3013 792//3013 633//3013
f 981//3014 682//3014 684//3014
f 1816//3015 989//3015 557//3015
f 131//3016 237//3016 2226//3016
f 656//3017 673//3017 651//3017
f 839//3018 2022//3018 1195//3018
f 739//3019 741//3019 1639//3019
f 2040//3020 1070//3020 933//3020
f 2023//3021 921//3021 837//3021
f 1289//3022 2002//3022 812//3022
f 741//3023 1202//3023 1635//3023
f 849//3024 1792//3024 2466//3024
f 979//3025 1841//3025 973//3025
f 2269//3026 1539//3026 49//3026
f 989//3027 1811//3027 1011//3027
f 2377//3028 1715//3028 2463//3028
f 569//3029 218//3029 298//3029
f 1775//3030 415//3030 1292//3030
f 10//3031 1189//3031 1195//3031
f 2024//3032 1667//3032 780//3032
f 71//3033 534//3033 337//3033
f 1918//3034 7//3034 1444//3034
f 2447//3035 2443//3035 436//3035
f 938//3036 1096//3036 1098//3036
f 1345//3037 2017//3037 830//3037
f 336//3038 536//3038 1098//3038
f 949//3039 362//3039 956//3039
f 2445//3040 313//3040 1395//3040
f 1219//3041 420//3041 605//3041
f 945//3042 362//3042 365//3042
f 2076//3043 269//3043 553//3043
f 183//3044 641//3044 1812//3044
f 1926//3045 388//3045 1768//3045
f 2075//3046 2117//3046 1395//3046
f 1926//3047 873//3047 178//3047
f 561//3048 567//3048 522//3048
f 982//3049 1903//3049 2207//3049
f 17//3050 11//3050 414//3050
f 1856//3051 675//3051 2293//3051
f 1701//3052 9//3052 8//3052
f 913//3053 657//3053 1856//3053
f 337//3054 534//3054 1096//3054
f 955//3055 1852//3055 680//3055
f 1016//3056 878//3056 268//3056
f 848//3057 630//3057 890//3057
f 646//3058 667//3058 688//3058
f 2054//3059 1223//3059 1231//3059
f 1036//3060 1046//3060 446//3060
f 1434//3061 1574//3061 48//3061
f 111//3062 117//3062 82//3062
f 2400//3063 1481//3063 447//3063
f 463//3064 2007//3064 1226//3064
f 2519//3065 433//3065 2105//3065
f 1618//3066 1619//3066 1663//3066
f 1087//3067 1105//3067 1088//3067
f 343//3068 518//3068 2318//3068
f 1298//3069 2297//3069 2314//3069
f 974//3070 2208//3070 959//3070
f 1124//3071 190//3071 928//3071
f 2091//3072 429//3072 428//3072
f 2187//3073 2081//3073 463//3073
f 715//3074 1206//3074 209//3074
f 1783//3075 181//3075 1784//3075
f 771//3076 2003//3076 1394//3076
f 939//3077 25//3077 1580//3077
f 1262//3078 1014//3078 1965//3078
f 871//3079 624//3079 444//3079
f 610//3080 1736//3080 12//3080
f 937//3081 1965//3081 1068//3081
f 1744//3082 1742//3082 31//3082
f 1418//3083 277//3083 413//3083
f 769//3084 1944//3084 486//3084
f 336//3085 1901//3085 2199//3085
f 1843//3086 1842//3086 1846//3086
f 2191//3087 1105//3087 1101//3087
f 3//3088 619//3088 309//3088
f 73//3089 1115//3089 2224//3089
f 1141//3090 2227//3090 1131//3090
f 1125//3091 185//3091 642//3091
f 1132//3092 1131//3092 1126//3092
f 1679//3093 1672//3093 345//3093
f 350//3094 1129//3094 1131//3094
f 661//3095 1413//3095 2378//3095
f 1504//3096 1507//3096 1467//3096
f 1432//3097 706//3097 2474//3097
f 558//3098 1683//3098 2045//3098
f 1638//3099 543//3099 1636//3099
f 120//3100 466//3100 2373//3100
f 2068//3101 92//3101 108//3101
f 1261//3102 424//3102 1267//3102
f 936//3103 345//3103 1672//3103
f 1141//3104 1146//3104 1140//3104
f 606//3105 608//3105 872//3105
f 585//3106 1290//3106 1462//3106
f 2256//3107 750//3107 1952//3107
f 1733//3108 717//3108 1730//3108
f 1371//3109 1978//3109 1960//3109
f 1724//3110 1716//3110 1998//3110
f 1132//3111 350//3111 1131//3111
f 1537//3112 522//3112 560//3112
f 1999//3113 689//3113 674//3113
f 603//3114 602//3114 165//3114
f 1764//3115 1788//3115 702//3115
f 855//3116 1286//3116 1580//3116
f 1358//3117 822//3117 2006//3117
f 2269//3118 487//3118 1539//3118
f 1822//3119 926//3119 34//3119
f 1399//3120 1909//3120 1136//3120
f 2548//3121 1616//3121 1880//3121
f 149//3122 2162//3122 1798//3122
f 1863//3123 1130//3123 1133//3123
f 231//3124 1061//3124 650//3124
f 1575//3125 1576//3125 1563//3125
f 2099//3126 2100//3126 141//3126
f 1890//3127 83//3127 2218//3127
f 1109//3128 1141//3128 643//3128
f 1925//3129 1605//3129 164//3129
f 824//3130 821//3130 2148//3130
f 2553//3131 2463//3131 412//3131
f 19//3132 384//3132 2011//3132
f 1563//3133 762//3133 1561//3133
f 2093//3134 1627//3134 539//3134
f 1146//3135 1128//3135 1148//3135
f 1269//3136 1257//3136 1563//3136
f 2148//3137 1215//3137 1392//3137
f 164//3138 1682//3138 1598//3138
f 2048//3139 1983//3139 746//3139
f 1328//3140 1524//3140 2024//3140
f 2057//3141 270//3141 668//3141
f 641//3142 185//3142 182//3142
f 407//3143 1298//3143 1299//3143
f 1002//3144 904//3144 86//3144
f 2003//3145 771//3145 1771//3145
f 1604//3146 847//3146 136//3146
f 926//3147 1828//3147 929//3147
f 2231//3148 2234//3148 270//3148
f 590//3149 598//3149 505//3149
f 1582//3150 1938//3150 221//3150
f 1069//3151 81//3151 1038//3151
f 2403//3152 1808//3152 2185//3152
f 2220//3153 2231//3153 1679//3153
f 1537//3154 560//3154 1724//3154
f 1902//3155 508//3155 1537//3155
f 1366//3156 2160//3156 2404//3156
f 2481//3157 2507//3157 2515//3157
f 1922//3158 2248//3158 1921//3158
f 643//3159 1141//3159 1140//3159
f 482//3160 1649//3160 1650//3160
f 944//3161 1203//3161 954//3161
f 1256//3162 2066//3162 2554//3162
f 1032//3163 1042//3163 2165//3163
f 2220//3164 2236//3164 352//3164
f 502//3165 1662//3165 482//3165
f 1525//3166 522//3166 1537//3166
f 1617//3167 2465//3167 1156//3167
f 859//3168 264//3168 1286//3168
f 1514//3169 226//3169 545//3169
f 1814//3170 1743//3170 1748//3170
f 2082//3171 1204//3171 1920//3171
f 360//3172 2240//3172 900//3172
f 357//3173 1167//3173 361//3173
f 1168//3174 360//3174 361//3174
f 1106//3175 2196//3175 2359//3175
f 226//3176 1347//3176 1512//3176
f 2207//3177 2208//3177 982//3177
f 2248//3178 2156//3178 1921//3178
f 360//3179 1168//3179 2245//3179
f 322//3180 2441//3180 2244//3180
f 1999//3181 2001//3181 689//3181
f 1282//3182 52//3182 1286//3182
f 251//3183 1327//3183 2016//3183
f 939//3184 1161//3184 1853//3184
f 342//3185 2316//3185 15//3185
f 1104//3186 1258//3186 2147//3186
f 2331//3187 93//3187 1564//3187
f 2325//3188 2326//3188 1878//3188
f 2249//3189 1579//3189 342//3189
f 366//3190 538//3190 141//3190
f 339//3191 1579//3191 1581//3191
f 468//3192 965//3192 770//3192
f 523//3193 2473//3193 1134//3193
f 1931//3194 1522//3194 772//3194
f 1931//3195 1529//3195 1585//3195
f 95//3196 1930//3196 2225//3196
f 2276//3197 763//3197 1320//3197
f 115//3198 2367//3198 2008//3198
f 1937//3199 1355//3199 845//3199
f 991//3200 1595//3200 1583//3200
f 1915//3201 1624//3201 1626//3201
f 2055//3202 2396//3202 1008//3202
f 1671//3203 1891//3203 2543//3203
f 2231//3204 270//3204 2057//3204
f 243//3205 2132//3205 211//3205
f 1549//3206 1566//3206 1317//3206
f 2200//3207 1901//3207 832//3207
f 2249//3208 1581//3208 1579//3208
f 734//3209 740//3209 1987//3209
f 835//3210 458//3210 2041//3210
f 879//3211 1153//3211 2371//3211
f 390//3212 2530//3212 2141//3212
f 54//3213 362//3213 949//3213
f 1999//3214 378//3214 726//3214
f 2197//3215 966//3215 1105//3215
f 956//3216 362//3216 945//3216
f 347//3217 343//3217 2318//3217
f 1927//3218 2251//3218 861//3218
f 1332//3219 2364//3219 2451//3219
f 2395//3220 2443//3220 2446//3220
f 129//3221 578//3221 2104//3221
f 1904//3222 333//3222 960//3222
f 2318//3223 518//3223 15//3223
f 1175//3224 1063//3224 861//3224
f 1722//3225 1883//3225 1721//3225
f 2070//3226 2525//3226 898//3226
f 106//3227 1271//3227 134//3227
f 1045//3228 827//3228 918//3228
f 772//3229 768//3229 1326//3229
f 2167//3230 1335//3230 442//3230
f 324//3231 730//3231 1526//3231
f 1483//3232 1184//3232 400//3232
f 820//3233 834//3233 816//3233
f 420//3234 538//3234 1596//3234
f 334//3235 1585//3235 756//3235
f 1854//3236 935//3236 2094//3236
f 1059//3237 1066//3237 2383//3237
f 1540//3238 1454//3238 2332//3238
f 2238//3239 2362//3239 2092//3239
f 538//3240 366//3240 1596//3240
f 1321//3241 2195//3241 2363//3241
f 575//3242 1738//3242 1076//3242
f 933//3243 1080//3243 2040//3243
f 2308//3244 132//3244 2310//3244
f 1928//3245 2396//3245 2192//3245
f 103//3246 1527//3246 904//3246
f 2116//3247 1928//3247 2192//3247
f 2531//3248 2016//3248 252//3248
f 494//3249 1212//3249 743//3249
f 2344//3250 2472//3250 2458//3250
f 63//3251 306//3251 2165//3251
f 206//3252 102//3252 327//3252
f 2313//3253 737//3253 1482//3253
f 707//3254 376//3254 632//3254
f 368//3255 1919//3255 1896//3255
f 1239//3256 145//3256 1576//3256
f 499//3257 1900//3257 294//3257
f 1263//3258 1010//3258 315//3258
f 1709//3259 1898//3259 1702//3259
f 2368//3260 1824//3260 2334//3260
f 1035//3261 2287//3261 239//3261
f 238//3262 1415//3262 1409//3262
f 2508//3263 2515//3263 507//3263
f 1010//3264 1656//3264 2334//3264
f 1514//3265 1519//3265 1346//3265
f 1427//3266 468//3266 765//3266
f 94//3267 127//3267 130//3267
f 1712//3268 1713//3268 721//3268
f 2433//3269 2432//3269 2233//3269
f 521//3270 572//3270 1482//3270
f 773//3271 754//3271 770//3271
f 548//3272 1790//3272 386//3272
f 1616//3273 2548//3273 1883//3273
f 173//3274 2337//3274 1454//3274
f 2399//3275 348//3275 1372//3275
f 71//3276 337//3276 526//3276
f 2482//3277 1506//3277 481//3277
f 1454//3278 195//3278 2332//3278
f 2038//3279 465//3279 1416//3279
f 88//3280 735//3280 576//3280
f 2009//3281 607//3281 373//3281
f 2305//3282 1329//3282 229//3282
f 1457//3283 1459//3283 1458//3283
f 2197//3284 1087//3284 1094//3284
f 1347//3285 1514//3285 1346//3285
f 514//3286 466//3286 120//3286
f 2502//3287 2505//3287 1492//3287
f 1273//3288 2310//3288 1274//3288
f 229//3289 1536//3289 2305//3289
f 696//3290 703//3290 376//3290
f 1022//3291 1027//3291 1026//3291
f 2343//3292 171//3292 1453//3292
f 176//3293 2299//3293 173//3293
f 744//3294 600//3294 776//3294
f 2335//3295 2432//3295 2434//3295
f 2167//3296 434//3296 2135//3296
f 1487//3297 125//3297 2514//3297
f 628//3298 629//3298 632//3298
f 2421//3299 2428//3299 1351//3299
f 1539//3300 491//3300 2499//3300
f 706//3301 1432//3301 472//3301
f 1030//3302 148//3302 1002//3302
f 2397//3303 2510//3303 391//3303
f 2510//3304 2435//3304 488//3304
f 1930//3305 590//3305 2281//3305
f 96//3306 911//3306 2470//3306
f 1728//3307 1733//3307 1732//3307
f 2378//3308 412//3308 1715//3308
f 706//3309 793//3309 2278//3309
f 1187//3310 805//3310 2237//3310
f 1943//3311 1416//3311 462//3311
f 283//3312 1118//3312 1116//3312
f 607//3313 2271//3313 373//3313
f 992//3314 1425//3314 1808//3314
f 467//3315 1808//3315 1425//3315
f 2478//3316 1079//3316 992//3316
f 764//3317 1549//3317 1317//3317
f 1749//3318 714//3318 1746//3318
f 1999//3319 2150//3319 2001//3319
f 2403//3320 2185//3320 1024//3320
f 280//3321 1815//3321 786//3321
f 922//3322 1114//3322 1116//3322
f 1863//3323 1133//3323 2148//3323
f 1620//3324 2101//3324 654//3324
f 1254//3325 986//3325 1734//3325
f 118//3326 119//3326 1274//3326
f 87//3327 1277//3327 83//3327
f 2132//3328 278//3328 211//3328
f 1909//3329 1826//3329 471//3329
f 2321//3330 1888//3330 2080//3330
f 109//3331 2320//3331 48//3331
f 250//3332 267//3332 159//3332
f 486//3333 1322//3333 769//3333
f 2210//3334 2209//3334 2068//3334
f 653//3335 617//3335 1213//3335
f 44//3336 48//3336 2464//3336
f 119//3337 118//3337 1478//3337
f 550//3338 706//3338 472//3338
f 2214//3339 2146//3339 98//3339
f 840//3340 846//3340 1355//3340
f 800//3341 292//3341 1184//3341
f 905//3342 2476//3342 47//3342
f 2215//3343 156//3343 2308//3343
f 1526//3344 730//3344 732//3344
f 944//3345 918//3345 793//3345
f 369//3346 632//3346 629//3346
f 629//3347 262//3347 811//3347
f 905//3348 1176//3348 1192//3348
f 380//3349 910//3349 1483//3349
f 2036//3350 5//3350 381//3350
f 838//3351 799//3351 852//3351
f 2500//3352 1568//3352 510//3352
f 332//3353 199//3353 664//3353
f 1482//3354 248//3354 521//3354
f 1680//3355 2282//3355 1681//3355
f 989//3356 609//3356 557//3356
f 1352//3357 2143//3357 2145//3357
f 2407//3358 1446//3358 1807//3358
f 1966//3359 1971//3359 97//3359
f 581//3360 598//3360 590//3360
f 1587//3361 847//3361 1583//3361
f 527//3362 1615//3362 1606//3362
f 2000//3363 551//3363 2062//3363
f 1979//3364 1988//3364 803//3364
f 515//3365 511//3365 897//3365
f 1772//3366 1787//3366 704//3366
f 2270//3367 2190//3367 2365//3367
f 1020//3368 1865//3368 1796//3368
f 2086//3369 606//3369 2000//3369
f 572//3370 385//3370 2313//3370
f 2010//3371 1824//3371 2368//3371
f 1735//3372 575//3372 1076//3372
f 882//3373 1172//3373 860//3373
f 1242//3374 1689//3374 1225//3374
f 859//3375 884//3375 660//3375
f 91//3376 1890//3376 1874//3376
f 2061//3377 1342//3377 2382//3377
f 410//3378 30//3378 2221//3378
f 385//3379 572//3379 1590//3379
f 803//3380 810//3380 2552//3380
f 825//3381 820//3381 1955//3381
f 2059//3382 548//3382 1917//3382
f 1756//3383 1268//3383 863//3383
f 1491//3384 1489//3384 2498//3384
f 2368//3385 1813//3385 2010//3385
f 2290//3386 2262//3386 2295//3386
f 302//3387 101//3387 228//3387
f 606//3388 774//3388 373//3388
f 570//3389 879//3389 875//3389
f 1416//3390 465//3390 863//3390
f 1453//3391 1932//3391 2343//3391
f 1725//3392 1566//3392 763//3392
f 1398//3393 2390//3393 2260//3393
f 1306//3394 2084//3394 2367//3394
f 939//3395 1580//3395 52//3395
f 153//3396 1270//3396 2213//3396
f 95//3397 860//3397 2239//3397
f 2317//3398 440//3398 1376//3398
f 1331//3399 105//3399 426//3399
f 2472//3400 2423//3400 2346//3400
f 1167//3401 357//3401 2243//3401
f 2423//3402 2080//3402 2362//3402
f 2251//3403 1173//3403 1175//3403
f 2331//3404 1564//3404 876//3404
f 500//3405 1169//3405 683//3405
f 1435//3406 625//3406 618//3406
f 1324//3407 1323//3407 2495//3407
f 2070//3408 1194//3408 903//3408
f 205//3409 1264//3409 2302//3409
f 2213//3410 1419//3410 2471//3410
f 2396//3411 2366//3411 2192//3411
f 687//3412 2204//3412 1296//3412
f 2550//3413 1984//3413 14//3413
f 1318//3414 614//3414 1106//3414
f 505//3415 598//3415 604//3415
f 256//3416 2027//3416 1325//3416
f 1807//3417 1446//3417 1975//3417
f 833//3418 2021//3418 2027//3418
f 1321//3419 115//3419 2008//3419
f 1339//3420 1340//3420 1614//3420
f 1896//3421 853//3421 431//3421
f 2497//3422 1266//3422 455//3422
f 1919//3423 1337//3423 430//3423
f 1440//3424 618//3424 625//3424
f 2146//3425 2149//3425 2097//3425
f 403//3426 396//3426 1155//3426
f 2247//3427 2523//3427 2174//3427
f 105//3428 419//3428 121//3428
f 844//3429 55//3429 2386//3429
f 1214//3430 1652//3430 2071//3430
f 278//3431 47//3431 2133//3431
f 889//3432 1403//3432 1451//3432
f 375//3433 639//3433 1213//3433
f 394//3434 441//3434 1241//3434
f 719//3435 725//3435 374//3435
f 1970//3436 1383//3436 1969//3436
f 246//3437 888//3437 901//3437
f 691//3438 705//3438 1787//3438
f 1782//3439 2288//3439 1705//3439
f 344//3440 441//3440 1612//3440
f 247//3441 273//3441 1232//3441
f 2540//3442 2461//3442 2381//3442
f 1782//3443 411//3443 2288//3443
f 460//3444 2288//3444 1238//3444
f 1227//3445 370//3445 1193//3445
f 460//3446 1238//3446 760//3446
f 785//3447 55//3447 1374//3447
f 1159//3448 572//3448 521//3448
f 2303//3449 215//3449 2300//3449
f 2398//3450 2152//3450 2422//3450
f 1567//3451 395//3451 1144//3451
f 1586//3452 248//3452 1587//3452
f 2399//3453 1372//3453 1373//3453
f 2342//3454 1365//3454 1364//3454
f 2221//3455 399//3455 410//3455
f 841//3456 2182//3456 2212//3456
f 1023//3457 1787//3457 705//3457
f 2458//3458 2046//3458 2080//3458
f 1158//3459 1148//3459 79//3459
f 406//3460 389//3460 401//3460
f 2414//3461 2422//3461 2152//3461
f 416//3462 1291//3462 2205//3462
f 399//3463 2221//3463 1246//3463
f 1468//3464 850//3464 129//3464
f 2425//3465 2300//3465 2427//3465
f 2417//3466 219//3466 2342//3466
f 2133//3467 2476//3467 265//3467
f 2431//3468 2294//3468 2430//3468
f 377//3469 1249//3469 1138//3469
f 2490//3470 2486//3470 293//3470
f 2122//3471 1009//3471 2123//3471
f 1419//3472 126//3472 2308//3472
f 115//3473 1510//3473 1306//3473
f 2226//3474 130//3474 127//3474
f 1154//3475 437//3475 2404//3475
f 2414//3476 573//3476 2408//3476
f 576//3477 1790//3477 2059//3477
f 2332//3478 195//3478 1542//3478
f 2153//3479 314//3479 1041//3479
f 173//3480 1454//3480 1456//3480
f 176//3481 171//3481 1776//3481
f 1729//3482 1357//3482 1858//3482
f 285//3483 1029//3483 1085//3483
f 1377//3484 2155//3484 2427//3484
f 389//3485 1251//3485 383//3485
f 1531//3486 1329//3486 2305//3486
f 1362//3487 832//3487 2019//3487
f 2299//3488 176//3488 1357//3488
f 2444//3489 1290//3489 416//3489
f 2415//3490 1359//3490 187//3490
f 2274//3491 2068//3491 2209//3491
f 2528//3492 180//3492 2031//3492
f 2096//3493 1420//3493 1462//3493
f 876//3494 874//3494 2331//3494
f 432//3495 2397//3495 1952//3495
f 1407//3496 2459//3496 1281//3496
f 2247//3497 2391//3497 2523//3497
f 1343//3498 582//3498 2402//3498
f 1673//3499 693//3499 2001//3499
f 260//3500 319//3500 2334//3500
f 2309//3501 2327//3501 2203//3501
f 1027//3502 1095//3502 1026//3502
f 189//3503 199//3503 177//3503
f 615//3504 2061//3504 1804//3504
f 305//3505 750//3505 2256//3505
f 702//3506 708//3506 1765//3506
f 2458//3507 2345//3507 2046//3507
f 2256//3508 436//3508 2333//3508
f 1935//3509 102//3509 520//3509
f 2183//3510 390//3510 391//3510
f 2276//3511 634//3511 1554//3511
f 677//3512 433//3512 434//3512
f 1595//3513 991//3513 994//3513
f 313//3514 1573//3514 316//3514
f 2247//3515 2211//3515 2263//3515
f 2346//3516 2393//3516 1089//3516
f 101//3517 302//3517 1439//3517
f 741//3518 1638//3518 1636//3518
f 205//3519 206//3519 402//3519
f 2263//3520 2246//3520 2247//3520
f 492//3521 2486//3521 1508//3521
f 475//3522 1551//3522 122//3522
f 393//3523 1919//3523 368//3523
f 206//3524 327//3524 402//3524
f 1069//3525 1038//3525 1153//3525
f 98//3526 2461//3526 1272//3526
f 314//3527 2153//3527 2134//3527
f 2174//3528 2211//3528 2247//3528
f 2446//3529 2445//3529 1396//3529
f 1923//3530 1571//3530 2374//3530
f 760//3531 2400//3531 152//3531
f 1043//3532 1538//3532 321//3532
f 134//3533 2470//3533 1438//3533
f 1944//3534 1622//3534 535//3534
f 751//3535 2338//3535 577//3535
f 628//3536 262//3536 629//3536
f 1247//3537 166//3537 177//3537
f 1360//3538 74//3538 225//3538
f 166//3539 1247//3539 1782//3539
f 1614//3540 2105//3540 433//3540
f 677//3541 1339//3541 433//3541
f 1341//3542 2435//3542 883//3542
f 83//3543 91//3543 87//3543
f 1450//3544 1382//3544 1381//3544
f 391//3545 2510//3545 488//3545
f 2506//3546 843//3546 2472//3546
f 857//3547 1282//3547 263//3547
f 856//3548 1433//3548 1300//3548
f 1296//3549 2034//3549 687//3549
f 1919//3550 1496//3550 1337//3550
f 2105//3551 1804//3551 2382//3551
f 1830//3552 899//3552 2280//3552
f 1739//3553 612//3553 1437//3553
f 386//3554 595//3554 382//3554
f 435//3555 2288//3555 411//3555
f 866//3556 998//3556 2078//3556
f 679//3557 531//3557 645//3557
f 2394//3558 2137//3558 1976//3558
f 273//3559 392//3559 1232//3559
f 1497//3560 2385//3560 2384//3560
f 2390//3561 765//3561 1967//3561
f 273//3562 250//3562 392//3562
f 1476//3563 2131//3563 1823//3563
f 2202//3564 423//3564 1958//3564
f 1273//3565 119//3565 1574//3565
f 649//3566 635//3566 666//3566
f 2028//3567 160//3567 1697//3567
f 109//3568 48//3568 1478//3568
f 1051//3569 1694//3569 1055//3569
f 888//3570 813//3570 842//3570
f 833//3571 2027//3571 1250//3571
f 1023//3572 705//3572 697//3572
f 2088//3573 1916//3573 1302//3573
f 2351//3574 875//3574 99//3574
f 2008//3575 2367//3575 2055//3575
f 2213//3576 1438//3576 126//3576
f 115//3577 1306//3577 2367//3577
f 2330//3578 2438//3578 1313//3578
f 287//3579 286//3579 1184//3579
f 690//3580 1613//3580 2355//3580
f 1928//3581 2116//3581 2452//3581
f 723//3582 258//3582 1741//3582
f 1273//3583 323//3583 133//3583
f 2354//3584 2190//3584 2495//3584
f 1816//3585 1820//3585 1811//3585
f 1949//3586 2350//3586 2353//3586
f 2241//3587 2242//3587 2500//3587
f 807//3588 1613//3588 655//3588
f 2049//3589 864//3589 2190//3589
f 1084//3590 1085//3590 1117//3590
f 557//3591 967//3591 1801//3591
f 1438//3592 1270//3592 134//3592
f 1865//3593 1803//3593 1165//3593
f 101//3594 104//3594 1264//3594
f 153//3595 2214//3595 1272//3595
f 1297//3596 1106//3596 2359//3596
f 1658//3597 1840//3597 672//3597
f 1182//3598 2361//3598 1975//3598
f 2388//3599 2452//3599 2364//3599
f 2196//3600 2039//3600 1731//3600
f 2193//3601 2039//3601 2107//3601
f 100//3602 809//3602 789//3602
f 1305//3603 2352//3603 1664//3603
f 1182//3604 1975//3604 1446//3604
f 438//3605 573//3605 2414//3605
f 1038//3606 2371//3606 1153//3606
f 1069//3607 551//3607 1145//3607
f 1359//3608 2157//3608 187//3608
f 2522//3609 2348//3609 2450//3609
f 551//3610 2369//3610 2062//3610
f 2464//3611 82//3611 44//3611
f 2050//3612 591//3612 2049//3612
f 1628//3613 59//3613 1874//3613
f 1323//3614 2189//3614 2389//3614
f 1323//3615 2438//3615 2330//3615
f 22//3616 92//3616 1344//3616
f 1303//3617 99//3617 2371//3617
f 2396//3618 2439//3618 2366//3618
f 243//3619 1436//3619 44//3619
f 9//3620 2291//3620 8//3620
f 2442//3621 2348//3621 1510//3621
f 1890//3622 91//3622 83//3622
f 2198//3623 1387//3623 1236//3623
f 17//3624 66//3624 21//3624
f 2071//3625 552//3625 554//3625
f 2554//3626 562//3626 252//3626
f 25//3627 939//3627 1411//3627
f 2525//3628 274//3628 898//3628
f 1313//3629 424//3629 2330//3629
f 1927//3630 2500//3630 2242//3630
f 2198//3631 1236//3631 1311//3631
f 372//3632 354//3632 1251//3632
f 2353//3633 2350//3633 1308//3633
f 2172//3634 2444//3634 1287//3634
f 614//3635 1318//3635 2195//3635
f 2438//3636 1323//3636 2437//3636
f 2205//3637 2206//3637 22//3637
f 1305//3638 2363//3638 658//3638
f 8//3639 7//3639 1918//3639
f 2084//3640 2439//3640 2367//3640
f 1285//3641 415//3641 2477//3641
f 2329//3642 1302//3642 1916//3642
f 488//3643 1340//3643 1951//3643
f 70//3644 2210//3644 1934//3644
f 1302//3645 2329//3645 670//3645
f 1//3646 220//3646 2462//3646
f 1297//3647 2361//3647 1310//3647
f 27//3648 22//3648 2206//3648
f 1285//3649 427//3649 415//3649
f 2477//3650 1447//3650 1079//3650
f 2339//3651 577//3651 2338//3651
f 1151//3652 2069//3652 2453//3652
f 819//3653 977//3653 272//3653
f 1300//3654 843//3654 856//3654
f 1344//3655 40//3655 1945//3655
f 2324//3656 1296//3656 2327//3656
f 1391//3657 1144//3657 1180//3657
f 1909//3658 471//3658 1445//3658
f 1197//3659 1889//3659 1729//3659
f 2458//3660 843//3660 2324//3660
f 2177//3661 1343//3661 2216//3661
f 82//3662 43//3662 1701//3662
f 2461//3663 2540//3663 2460//3663
f 101//3664 383//3664 397//3664
f 1433//3665 2379//3665 1477//3665
f 2344//3666 2458//3666 2080//3666
f 1477//3667 1609//3667 2034//3667
f 2519//3668 2382//3668 2135//3668
f 1276//3669 1621//3669 1277//3669
f 1343//3670 2092//3670 582//3670
f 2324//3671 2327//3671 2309//3671
f 808//3672 615//3672 2339//3672
f 964//3673 940//3673 961//3673
f 417//3674 2290//3674 2428//3674
f 1955//3675 2147//3675 825//3675
f 582//3676 2092//3676 2362//3676
f 1609//3677 1477//3677 393//3677
f 732//3678 730//3678 707//3678
f 1496//3679 1477//3679 2379//3679
f 2429//3680 114//3680 2314//3680
f 1444//3681 112//3681 1177//3681
f 2379//3682 1976//3682 2137//3682
f 2363//3683 2195//3683 2360//3683
f 1292//3684 427//3684 1291//3684
f 2462//3685 1294//3685 1802//3685
f 2274//3686 1959//3686 2068//3686
f 2273//3687 1341//3687 2429//3687
f 2291//3688 2462//3688 112//3688
f 1397//3689 1258//3689 1104//3689
f 843//3690 2458//3690 2472//3690
f 1750//3691 1462//3691 2172//3691
f 2211//3692 2265//3692 2263//3692
f 992//3693 1447//3693 1425//3693
f 1462//3694 1420//3694 1390//3694
f 446//3695 1965//3695 1036//3695
f 1407//3696 259//3696 2459//3696
f 1949//3697 2353//3697 409//3697
f 2160//3698 2347//3698 2136//3698
f 1992//3699 1993//3699 1986//3699
f 2122//3700 1954//3700 310//3700
f 2442//3701 1664//3701 2348//3701
f 2320//3702 43//3702 48//3702
f 670//3703 2202//3703 2351//3703
f 56//3704 70//3704 51//3704
f 2448//3705 563//3705 1388//3705
f 56//3706 91//3706 59//3706
f 2522//3707 2454//3707 2453//3707
f 189//3708 166//3708 194//3708
f 2170//3709 1304//3709 1916//3709
f 2055//3710 2107//3710 2008//3710
f 1305//3711 1664//3711 2442//3711
f 2350//3712 570//3712 422//3712
f 1520//3713 1310//3713 1182//3713
f 406//3714 403//3714 1249//3714
f 942//3715 1002//3715 2//3715
f 1273//3716 133//3716 2310//3716
f 363//3717 2253//3717 870//3717
f 51//3718 76//3718 56//3718
f 2021//3719 837//3719 257//3719
f 96//3720 76//3720 118//3720
f 51//3721 123//3721 76//3721
f 1568//3722 1063//3722 509//3722
f 1236//3723 1387//3723 1388//3723
f 683//3724 1169//3724 483//3724
f 840//3725 825//3725 1951//3725
f 1267//3726 1972//3726 2170//3726
f 193//3727 1836//3727 1838//3727
f 667//3728 1710//3728 594//3728
f 1469//3729 823//3729 821//3729
f 379//3730 1069//3730 1153//3730
f 1196//3731 759//3731 755//3731
f 1633//3732 2456//3732 1303//3732
f 409//3733 658//3733 261//3733
f 438//3734 1412//3734 1889//3734
f 219//3735 1560//3735 2136//3735
f 1555//3736 1501//3736 1557//3736
f 1039//3737 788//3737 137//3737
f 456//3738 1920//3738 209//3738
f 1338//3739 2255//3739 838//3739
f 2470//3740 134//3740 1271//3740
f 1874//3741 59//3741 91//3741
f 1059//3742 2383//3742 1082//3742
f 2097//3743 1240//3743 2146//3743
f 1332//3744 1731//3744 2364//3744
f 1723//3745 2359//3745 2196//3745
f 262//3746 628//3746 267//3746
f 133//3747 380//3747 400//3747
f 1318//3748 2440//3748 261//3748
f 1569//3749 1568//3749 509//3749
f 570//3750 875//3750 422//3750
f 1106//3751 2440//3751 1318//3751
f 1151//3752 1304//3752 1972//3752
f 392//3753 2284//3753 2097//3753
f 28//3754 1266//3754 1258//3754
f 2372//3755 1307//3755 2004//3755
f 1782//3756 1247//3756 473//3756
f 1975//3757 2361//3757 1160//3757
f 2189//3758 1323//3758 1324//3758
f 2389//3759 2437//3759 1323//3759
f 670//3760 99//3760 1302//3760
f 2396//3761 2055//3761 2439//3761
f 399//3762 1439//3762 410//3762
f 1311//3763 1315//3763 2449//3763
f 853//3764 2375//3764 1334//3764
f 363//3765 2392//3765 2189//3765
f 510//3766 2520//3766 2483//3766
f 2354//3767 2330//3767 424//3767
f 219//3768 2347//3768 2157//3768
f 2050//3769 2049//3769 2190//3769
f 878//3770 1850//3770 2185//3770
f 1172//3771 1175//3771 1173//3771
f 867//3772 2251//3772 1927//3772
f 2170//3773 1916//3773 2448//3773
f 2372//3774 242//3774 1307//3774
f 261//3775 2440//3775 2004//3775
f 2027//3776 2021//3776 257//3776
f 2228//3777 1455//3777 1540//3777
f 2004//3778 1307//3778 1949//3778
f 506//3779 635//3779 532//3779
f 2354//3780 1261//3780 1309//3780
f 50//3781 84//3781 1228//3781
f 2195//3782 1914//3782 614//3782
f 858//3783 1446//3783 2407//3783
f 1832//3784 940//3784 191//3784
f 1173//3785 2252//3785 2239//3785
f 520//3786 529//3786 1935//3786
f 90//3787 1440//3787 1811//3787
f 2365//3788 2253//3788 2270//3788
f 453//3789 626//3789 152//3789
f 805//3790 1187//3790 807//3790
f 1008//3791 2193//3791 2107//3791
f 1554//3792 1880//3792 763//3792
f 2299//3793 2152//3793 2398//3793
f 1184//3794 2355//3794 1613//3794
f 2436//3795 866//3795 2078//3795
f 132//3796 2308//3796 126//3796
f 1958//3797 422//3797 2351//3797
f 2369//3798 551//3798 379//3798
f 1949//3799 409//3799 261//3799
f 2404//3800 2160//3800 2136//3800
f 148//3801 1030//3801 154//3801
f 9//3802 414//3802 11//3802
f 430//3803 1762//3803 1919//3803
f 375//3804 711//3804 725//3804
f 1337//3805 2379//3805 1336//3805
f 1439//3806 399//3806 401//3806
f 1376//3807 440//3807 2406//3807
f 840//3808 815//3808 825//3808
f 611//3809 1669//3809 1987//3809
f 1704//3810 1475//3810 1356//3810
f 2034//3811 2340//3811 687//3811
f 91//3812 76//3812 87//3812
f 340//3813 1612//3813 473//3813
f 2136//3814 2347//3814 219//3814
f 1231//3815 880//3815 997//3815
f 223//3816 205//3816 2302//3816
f 893//3817 1214//3817 1691//3817
f 2184//3818 2126//3818 316//3818
f 1258//3819 1266//3819 2493//3819
f 1755//3820 710//3820 1873//3820
f 2382//3821 2519//3821 2105//3821
f 2188//3822 2392//3822 2047//3822
f 649//3823 2015//3823 653//3823
f 544//3824 203//3824 223//3824
f 1181//3825 340//3825 332//3825
f 2010//3826 1813//3826 2038//3826
f 2052//3827 1224//3827 2054//3827
f 1830//3828 808//3828 2340//3828
f 2519//3829 2135//3829 434//3829
f 829//3830 2533//3830 254//3830
f 1215//3831 1155//3831 1391//3831
f 888//3832 449//3832 901//3832
f 397//3833 383//3833 1251//3833
f 899//3834 368//3834 431//3834
f 2242//3835 867//3835 1927//3835
f 2182//3836 466//3836 514//3836
f 1443//3837 1093//3837 58//3837
f 1151//3838 2438//3838 2437//3838
f 2483//3839 921//3839 2452//3839
f 426//3840 355//3840 354//3840
f 1057//3841 1386//3841 1138//3841
f 1181//3842 223//3842 2302//3842
f 431//3843 107//3843 899//3843
f 691//3844 1787//3844 1772//3844
f 674//3845 645//3845 639//3845
f 1593//3846 395//3846 2221//3846
f 2259//3847 2129//3847 1198//3847
f 2251//3848 1175//3848 861//3848
f 1919//3849 1762//3849 1708//3849
f 2184//3850 2125//3850 2126//3850
f 2174//3851 2173//3851 2211//3851
f 1729//3852 1889//3852 1357//3852
f 2401//3853 1952//3853 1913//3853
f 1350//3854 1348//3854 2194//3854
f 2203//3855 2327//3855 2204//3855
f 2393//3856 2217//3856 2468//3856
f 2421//3857 2029//3857 2168//3857
f 2171//3858 1348//3858 1350//3858
f 2385//3859 1481//3859 2400//3859
f 2216//3860 2117//3860 2075//3860
f 1534//3861 1497//3861 2384//3861
f 2147//3862 1955//3862 1104//3862
f 2304//3863 427//3863 1285//3863
f 391//3864 488//3864 2183//3864
f 1497//3865 1481//3865 2385//3865
f 1918//3866 1405//3866 1476//3866
f 796//3867 1218//3867 1973//3867
f 1228//3868 2446//3868 2443//3868
f 2117//3869 2216//3869 1350//3869
f 1351//3870 2171//3870 2029//3870
f 2263//3871 891//3871 2246//3871
f 582//3872 1349//3872 2402//3872
f 577//3873 2339//3873 615//3873
f 1776//3874 1858//3874 176//3874
f 993//3875 1230//3875 268//3875
f 2307//3876 542//3876 1083//3876
f 114//3877 1299//3877 2314//3877
f 1057//3878 451//3878 1386//3878
f 2354//3879 1309//3879 2190//3879
f 391//3880 390//3880 2141//3880
f 66//3881 17//3881 2320//3881
f 440//3882 2411//3882 2416//3882
f 1377//3883 2433//3883 2155//3883
f 148//3884 1853//3884 2//3884
f 2319//3885 417//3885 2203//3885
f 2240//3886 882//3886 515//3886
f 438//3887 2222//3887 1211//3887
f 76//3888 96//3888 87//3888
f 1287//3889 1945//3889 1859//3889
f 1560//3890 219//3890 2417//3890
f 404//3891 2503//3891 1544//3891
f 2239//3892 2252//3892 864//3892
f 230//3893 1368//3893 2422//3893
f 2441//3894 322//3894 1168//3894
f 532//3895 635//3895 531//3895
f 469//3896 1240//3896 1705//3896
f 24//3897 1523//3897 215//3897
f 2415//3898 1366//3898 2409//3898
f 26//3899 1359//3899 1360//3899
f 529//3900 595//3900 564//3900
f 2240//3901 515//3901 897//3901
f 156//3902 286//3902 155//3902
f 2433//3903 1377//3903 489//3903
f 506//3904 520//3904 540//3904
f 2408//3905 230//3905 2422//3905
f 2419//3906 1365//3906 2418//3906
f 131//3907 485//3907 481//3907
f 1509//3908 131//3908 481//3908
f 1673//3909 865//3909 693//3909
f 2415//3910 1360//3910 1359//3910
f 2149//3911 2471//3911 155//3911
f 2000//3912 2062//3912 2086//3912
f 2256//3913 2141//3913 436//3913
f 2009//3914 1917//3914 548//3914
f 844//3915 1374//3915 55//3915
f 2332//3916 1542//3916 1540//3916
f 2062//3917 600//3917 2086//3917
f 1807//3918 1196//3918 755//3918
f 138//3919 248//3919 767//3919
f 102//3920 556//3920 327//3920
f 1513//3921 2484//3921 2485//3921
f 385//3922 1590//3922 88//3922
f 480//3923 478//3923 1473//3923
f 2410//3924 2412//3924 142//3924
f 2424//3925 308//3925 2487//3925
f 2489//3926 1515//3926 2487//3926
f 296//3927 509//3927 1063//3927
f 1804//3928 2061//3928 2382//3928
f 2485//3929 2341//3929 195//3929
f 1729//3930 1859//3930 40//3930
f 581//3931 608//3931 598//3931
f 2228//3932 1933//3932 1932//3932
f 1724//3933 560//3933 1658//3933
f 477//3934 2155//3934 2233//3934
f 1782//3935 1237//3935 166//3935
f 2434//3936 2432//3936 2433//3936
f 2271//3937 607//3937 608//3937
f 1455//3938 1454//3938 1540//3938
f 1612//3939 435//3939 411//3939
f 1516//3940 2337//3940 2487//3940
f 2270//3941 363//3941 2189//3941
f 364//3942 2279//3942 1910//3942
f 2233//3943 2432//3943 2430//3943
f 437//3944 2162//3944 135//3944
f 573//3945 1560//3945 2408//3945
f 77//3946 412//3946 1413//3946
f 2399//3947 308//3947 255//3947
f 113//3948 2212//3948 2182//3948
f 895//3949 1167//3949 1921//3949
f 159//3950 170//3950 250//3950
f 1404//3951 2377//3951 2457//3951
f 616//3952 5//3952 2036//3952
f 2412//3953 2411//3953 142//3953
f 2149//3954 2146//3954 2214//3954
f 2003//3955 812//3955 1394//3955
f 1348//3956 305//3956 2194//3956
f 439//3957 1380//3957 244//3957
f 1612//3958 441//3958 435//3958
f 2471//3959 2149//3959 2213//3959
f 1782//3960 473//3960 411//3960
f 1578//3961 516//3961 2249//3961
f 644//3962 639//3962 645//3962
f 711//3963 733//3963 725//3963
f 1238//3964 419//3964 760//3964
f 1205//3965 1388//3965 563//3965
f 469//3966 460//3966 760//3966
f 2536//3967 1410//3967 1407//3967
f 781//3968 245//3968 1393//3968
f 2008//3969 2107//3969 1321//3969
f 903//3970 849//3970 2073//3970
f 406//3971 399//3971 1248//3971
f 778//3972 1441//3972 1399//3972
f 2006//3973 822//3973 2013//3973
f 1564//3974 296//3974 876//3974
f 506//3975 529//3975 520//3975
f 1138//3976 1093//3976 1057//3976
f 890//3977 771//3977 1374//3977
f 649//3978 666//3978 2264//3978
f 644//3979 649//3979 653//3979
f 1762//3980 2026//3980 2156//3980
f 121//3981 33//3981 394//3981
f 1315//3982 1311//3982 519//3982
f 1892//3983 1709//3983 1711//3983
f 860//3984 364//3984 1910//3984
f 357//3985 1673//3985 2243//3985
f 2232//3986 2248//3986 2150//3986
f 1769//3987 2156//3987 2248//3987
f 1385//3988 1497//3988 1534//3988
f 1313//3989 1267//3989 424//3989
f 1791//3990 1891//3990 1712//3990
f 58//3991 1389//3991 823//3991
f 805//3992 807//3992 367//3992
f 396//3993 1391//3993 1155//3993
f 374//3994 2063//3994 853//3994
f 2235//3995 445//3995 2229//3995
f 1922//3996 1921//3996 2243//3996
f 2311//3997 975//3997 1180//3997
f 374//3998 725//3998 733//3998
f 621//3999 703//3999 398//3999
f 1057//4000 1443//4000 931//4000
f 1355//4001 1179//4001 840//4001
f 1229//4002 997//4002 934//4002
f 975//4003 349//4003 1130//4003
f 1952//4004 2144//4004 432//4004
f 1358//4005 58//4005 823//4005
f 2351//4006 99//4006 670//4006
f 534//4007 84//4007 1901//4007
f 2257//4008 737//4008 2488//4008
f 84//4009 253//4009 1901//4009
f 2447//4010 436//4010 1301//4010
f 2250//4011 2473//4011 1426//4011
f 1395//4012 2546//4012 2445//4012
f 2257//4013 752//4013 737//4013
f 1573//4014 313//4014 84//4014
f 2401//4015 1913//4015 2262//4015
f 1266//4016 2497//4016 2493//4016
f 891//4017 2114//4017 2323//4017
f 2518//4018 97//4018 1160//4018
f 1313//4019 2438//4019 1972//4019
f 1280//4020 494//4020 1570//4020
f 773//4021 2257//4021 1963//4021
f 773//4022 1963//4022 1193//4022
f 876//4023 1063//4023 555//4023
f 965//4024 1426//4024 2473//4024
f 532//4025 505//4025 525//4025
f 902//4026 2475//4026 275//4026
f 1355//4027 1937//4027 1338//4027
f 138//4028 371//4028 2473//4028
f 1187//4029 801//4029 800//4029
f 2428//4030 2321//4030 2046//4030
f 1888//4031 2168//4031 2080//4031
f 851//4032 2212//4032 729//4032
f 210//4033 1178//4033 1666//4033
f 2500//4034 510//4034 2241//4034
f 632//4035 376//4035 381//4035
f 1311//4036 1236//4036 519//4036
f 2141//4037 2397//4037 391//4037
f 348//4038 637//4038 477//4038
f 188//4039 1361//4039 1210//4039
f 1401//4040 844//4040 2386//4040
f 950//4041 953//4041 949//4041
f 211//4042 278//4042 2133//4042
f 626//4043 760//4043 152//4043
f 2343//4044 1932//4044 2376//4044
f 2391//4045 2247//4045 358//4045
f 1021//4046 151//4046 1047//4046
f 844//4047 1401//4047 842//4047
f 819//4048 1955//4048 820//4048
f 139//4049 1047//4049 1045//4049
f 645//4050 635//4050 644//4050
f 1520//4051 858//4051 1260//4051
f 377//4052 451//4052 359//4052
f 100//4053 836//4053 732//4053
f 944//4054 954//4054 918//4054
f 2004//4055 1319//4055 1260//4055
f 733//4056 2229//4056 374//4056
f 1286//4057 1283//4057 1282//4057
f 1866//4058 53//4058 39//4058
f 259//4059 884//4059 2459//4059
f 2239//4060 1172//4060 1173//4060
f 640//4061 1828//4061 665//4061
f 853//4062 719//4062 374//4062
f 377//4063 1138//4063 1386//4063
f 693//4064 865//4064 897//4064
f 2251//4065 867//4065 870//4065
f 1731//4066 1332//4066 1723//4066
f 2536//4067 2457//4067 2540//4067
f 1300//4068 2324//4068 843//4068
f 2353//4069 2352//4069 409//4069
f 874//4070 93//4070 2331//4070
f 1799//4071 557//4071 1801//4071
f 2090//4072 1853//4072 1161//4072
f 2139//4073 25//4073 1715//4073
f 2341//4074 1504//4074 479//4074
f 360//4075 93//4075 1172//4075
f 2501//4076 2218//4076 1621//4076
f 1345//4077 545//4077 2017//4077
f 1157//4078 2132//4078 1823//4078
f 1154//4079 1874//4079 1890//4079
f 2457//4080 2463//4080 1408//4080
f 537//4081 2535//4081 2391//4081
f 1446//4082 1520//4082 1182//4082
f 566//4083 1936//4083 1280//4083
f 1923//4084 891//4084 2263//4084
f 62//4085 1067//4085 2158//4085
f 53//4086 1879//4086 39//4086
f 892//4087 2441//4087 1168//4087
f 2391//4088 1164//4088 2026//4088
f 1395//4089 316//4089 2075//4089
f 1411//4090 2380//4090 25//4090
f 1349//4091 2029//4091 2171//4091
f 1351//4092 2428//4092 2295//4092
f 15//4093 296//4093 342//4093
f 994//4094 1593//4094 317//4094
f 1943//4095 2343//4095 2376//4095
f 2519//4096 434//4096 433//4096
f 1948//4097 1255//4097 1756//4097
f 30//4098 325//4098 576//4098
f 1943//4099 462//4099 1941//4099
f 2498//4100 478//4100 1491//4100
f 1134//4101 2234//4101 1137//4101
f 1567//4102 1246//4102 395//4102
f 1750//4103 2266//4103 2096//4103
f 889//4104 2094//4104 935//4104
f 72//4105 1094//4105 1000//4105
f 1178//4106 1661//4106 1663//4106
f 1602//4107 1599//4107 523//4107
f 1800//4108 1469//4108 2011//4108
f 499//4109 1848//4109 1541//4109
f 2550//4110 1178//4110 1208//4110
f 2179//4111 466//4111 2182//4111
f 2346//4112 1089//4112 2472//4112
f 110//4113 1933//4113 2228//4113
f 1473//4114 478//4114 2498//4114
f 2035//4115 197//4115 1835//4115
f 2011//4116 1469//4116 824//4116
f 1474//4117 1704//4117 1243//4117
f 1933//4118 110//4118 2038//4118
f 2022//4119 837//4119 1000//4119
f 1332//4120 2143//4120 1352//4120
f 1328//4121 1325//4121 257//4121
f 268//4122 1230//4122 880//4122
f 2223//4123 1741//4123 258//4123
f 1378//4124 1217//4124 2277//4124
f 1425//4125 1775//4125 2469//4125
f 523//4126 138//4126 2473//4126
f 1148//4127 1128//4127 67//4127
f 462//4128 1420//4128 1941//4128
f 925//4129 284//4129 922//4129
f 916//4130 778//4130 1150//4130
f 1775//4131 1425//4131 1447//4131
f 2262//4132 114//4132 2401//4132
f 2220//4133 352//4133 2231//4133
f 1623//4134 452//4134 2100//4134
f 992//4135 1079//4135 1447//4135
f 4//4136 214//4136 2083//4136
f 459//4137 333//4137 1083//4137
f 956//4138 526//4138 950//4138
f 341//4139 362//4139 347//4139
f 2161//4140 1912//4140 1038//4140
f 72//4141 2483//4141 2520//4141
f 1103//4142 966//4142 962//4142
f 1312//4143 2050//4143 1309//4143
f 97//4144 2518//4144 2145//4144
f 970//4145 959//4145 1101//4145
f 953//4146 54//4146 949//4146
f 1904//4147 2207//4147 333//4147
f 1944//4148 1326//4148 1622//4148
f 1904//4149 2208//4149 2207//4149
f 2297//4150 2273//4150 2429//4150
f 208//4151 1887//4151 1601//4151
f 1967//4152 1971//4152 1966//4152
f 2322//4153 2179//4153 841//4153
f 2307//4154 654//4154 542//4154
f 1101//4155 959//4155 2191//4155
f 370//4156 755//4156 754//4156
f 1384//4157 1083//4157 2207//4157
f 2518//4158 1160//4158 2357//4158
f 320//4159 2180//4159 2176//4159
f 1534//4160 1331//4160 359//4160
f 456//4161 1189//4161 2007//4161
f 1351//4162 1348//4162 2171//4162
f 1072//4163 1013//4163 28//4163
f 830//4164 2017//4164 2531//4164
f 570//4165 242//4165 866//4165
f 512//4166 233//4166 2176//4166
f 493//4167 2024//4167 1655//4167
f 456//4168 209//4168 1189//4168
f 1021//4169 1767//4169 893//4169
f 819//4170 820//4170 816//4170
f 954//4171 1767//4171 139//4171
f 952//4172 329//4172 331//4172
f 2106//4173 1062//4173 1064//4173
f 1240//4174 469//4174 453//4174
f 2132//4175 2349//4175 1823//4175
f 84//4176 2446//4176 1228//4176
f 809//4177 292//4177 801//4177
f 63//4178 321//4178 987//4178
f 116//4179 988//4179 987//4179
f 1034//4180 2258//4180 1031//4180
f 2326//4181 2325//4181 2134//4181
f 2225//4182 500//4182 364//4182
f 2436//4183 1780//4183 172//4183
f 1731//4184 2193//4184 2364//4184
f 1861//4185 669//4185 1833//4185
f 1975//4186 1160//4186 1971//4186
f 2394//4187 2468//4187 2535//4187
f 1415//4188 1465//4188 1978//4188
f 794//4189 1218//4189 796//4189
f 918//4190 827//4190 852//4190
f 838//4191 2255//4191 799//4191
f 2278//4192 655//4192 690//4192
f 1102//4193 857//4193 263//4193
f 655//4194 1613//4194 690//4194
f 2168//4195 582//4195 2080//4195
f 1050//4196 310//4196 1954//4196
f 2169//4197 62//4197 984//4197
f 902//4198 472//4198 1432//4198
f 2090//4199 2//4199 1853//4199
f 2349//4200 1677//4200 1476//4200
f 2122//4201 2113//4201 2121//4201
f 711//4202 398//4202 733//4202
f 1434//4203 1436//4203 335//4203
f 683//4204 511//4204 500//4204
f 1597//4205 1480//4205 380//4205
f 48//4206 44//4206 1434//4206
f 1451//4207 1402//4207 1026//4207
f 2468//4208 2217//4208 2535//4208
f 1157//4209 914//4209 1174//4209
f 265//4210 249//4210 2133//4210
f 1271//4211 96//4211 2470//4211
f 1762//4212 2156//4212 1769//4212
f 906//4213 2476//4213 905//4213
f 961//4214 940//4214 2301//4214
f 29//4215 1866//4215 6//4215
f 1503//4216 2287//4216 1035//4216
f 661//4217 2012//4217 149//4217
f 126//4218 911//4218 1274//4218
f 2098//4219 2//4219 2090//4219
f 591//4220 1311//4220 2449//4220
f 167//4221 613//4221 611//4221
f 1436//4222 1434//4222 44//4222
f 275//4223 265//4223 2476//4223
f 430//4224 537//4224 2026//4224
f 800//4225 1184//4225 1613//4225
f 422//4226 1308//4226 2350//4226
f 812//4227 2002//4227 439//4227
f 1117//4228 1100//4228 1102//4228
f 1070//4229 620//4229 995//4229
f 692//4230 990//4230 1431//4230
f 243//4231 2349//4231 2132//4231
f 1426//4232 668//4232 2250//4232
f 323//4233 249//4233 1597//4233
f 111//4234 1677//4234 117//4234
f 915//4235 1127//4235 281//4235
f 1285//4236 1727//4236 1868//4236
f 86//4237 94//4237 85//4237
f 1216//4238 1603//4238 748//4238
f 133//4239 323//4239 1597//4239
f 1993//4240 1990//4240 241//4240
f 1108//4241 1870//4241 1882//4241
f 1116//4242 1234//4242 1233//4242
f 1114//4243 922//4243 284//4243
f 1496//4244 2379//4244 1337//4244
f 1127//4245 283//4245 284//4245
f 1165//4246 68//4246 912//4246
f 220//4247 1//4247 11//4247
f 2373//4248 466//4248 2179//4248
f 1447//4249 415//4249 1775//4249
f 1835//4250 2292//4250 1805//4250
f 280//4251 786//4251 1659//4251
f 1122//4252 1123//4252 1445//4252
f 2065//4253 1652//4253 893//4253
f 1194//4254 849//4254 903//4254
f 1174//4255 146//4255 1157//4255
f 841//4256 2179//4256 2182//4256
f 1615//4257 2465//4257 1617//4257
f 2185//4258 1850//4258 1024//4258
f 471//4259 1369//4259 1113//4259
f 773//4260 770//4260 371//4260
f 1781//4261 1049//4261 699//4261
f 1430//4262 137//4262 788//4262
f 1222//4263 471//4263 1826//4263
f 1795//4264 1176//4264 146//4264
f 1341//4265 2105//4265 1614//4265
f 2012//4266 1411//4266 148//4266
f 259//4267 2033//4267 884//4267
f 606//4268 2086//4268 774//4268
f 908//4269 276//4269 985//4269
f 1796//4270 1165//4270 1867//4270
f 1080//4271 932//4271 1862//4271
f 1781//4272 919//4272 917//4272
f 1376//4273 2426//4273 346//4273
f 1154//4274 2083//4274 1628//4274
f 1049//4275 700//4275 1796//4275
f 1478//4276 118//4276 123//4276
f 1432//4277 2475//4277 902//4277
f 2264//4278 1181//4278 332//4278
f 1190//4279 685//4279 907//4279
f 940//4280 1832//4280 266//4280
f 997//4281 1625//4281 934//4281
f 431//4282 853//4282 1334//4282
f 150//4283 1660//4283 1662//4283
f 1408//4284 2463//4284 2553//4284
f 543//4285 1638//4285 1634//4285
f 2544//4286 854//4286 2035//4286
f 2162//4287 2501//4287 1798//4287
f 1485//4288 1487//4288 2268//4288
f 171//4289 1353//4289 1776//4289
f 2026//4290 537//4290 2391//4290
f 2512//4291 1506//4291 2482//4291
f 1351//4292 2295//4292 2089//4292
f 1353//4293 2266//4293 1750//4293
f 2204//4294 407//4294 2203//4294
f 266//4295 2301//4295 940//4295
f 1508//4296 2486//4296 2490//4296
f 1453//4297 171//4297 176//4297
f 807//4298 1187//4298 800//4298
f 681//4299 964//4299 961//4299
f 896//4300 2067//4300 274//4300
f 1551//4301 1553//4301 1550//4301
f 53//4302 1025//4302 1879//4302
f 1222//4303 1826//4303 593//4303
f 1207//4304 2524//4304 1201//4304
f 485//4305 131//4305 1485//4305
f 122//4306 1551//4306 1543//4306
f 2054//4307 1224//4307 1223//4307
f 1950//4308 1529//4308 772//4308
f 1691//4309 1214//4309 1256//4309
f 962//4310 969//4310 1103//4310
f 1459//4311 2481//4311 1461//4311
f 103//4312 239//4312 1527//4312
f 294//4313 2010//4313 110//4313
f 2509//4314 1460//4314 2515//4314
f 2493//4315 2147//4315 1258//4315
f 2061//4316 1335//4316 1342//4316
f 479//4317 1542//4317 2341//4317
f 2157//4318 1359//4318 2315//4318
f 190//4319 184//4319 928//4319
f 1078//4320 1245//4320 1253//4320
f 740//4321 1760//4321 652//4321
f 215//4322 1363//4322 24//4322
f 2426//4323 1376//4323 2406//4323
f 811//4324 369//4324 629//4324
f 2317//4325 1365//4325 2419//4325
f 1513//4326 293//4326 2486//4326
f 1527//4327 239//4327 2287//4327
f 308//4328 2424//4328 255//4328
f 2294//4329 201//4329 1372//4329
f 481//4330 485//4330 2482//4330
f 2299//4331 1357//4331 2413//4331
f 2410//4332 142//4332 2315//4332
f 1518//4333 293//4333 2335//4333
f 1473//4334 2498//4334 499//4334
f 1368//4335 2420//4335 255//4335
f 400//4336 1184//4336 2215//4336
f 495//4337 1513//4337 1515//4337
f 1594//4338 605//4338 45//4338
f 925//4339 1107//4339 281//4339
f 2341//4340 2484//4340 1504//4340
f 2489//4341 308//4341 2399//4341
f 1521//4342 2434//4342 489//4342
f 109//4343 51//4343 2320//4343
f 195//4344 1454//4344 2337//4344
f 2173//4345 2174//4345 2238//4345
f 225//4346 1363//4346 26//4346
f 492//4347 2484//4347 2486//4347
f 1523//4348 489//4348 461//4348
f 1518//4349 2335//4349 1517//4349
f 24//4350 225//4350 216//4350
f 1194//4351 472//4351 902//4351
f 2513//4352 1545//4352 2503//4352
f 24//4353 128//4353 497//4353
f 1467//4354 404//4354 1544//4354
f 2280//4355 107//4355 442//4355
f 2450//4356 2348//4356 1664//4356
f 2515//4357 2507//4357 507//4357
f 1850//4358 878//4358 1234//4358
f 2431//4359 2430//4359 2432//4359
f 217//4360 1911//4360 1644//4360
f 201//4361 297//4361 495//4361
f 1606//4362 75//4362 78//4362
f 1687//4363 1726//4363 1018//4363
f 8//4364 2291//4364 7//4364
f 2368//4365 1656//4365 1948//4365
f 2315//4366 142//4366 2418//4366
f 2415//4367 2409//4367 1360//4367
f 958//4368 65//4368 2154//4368
f 167//4369 1987//4369 1737//4369
f 1253//4370 1242//4370 1252//4370
f 2449//4371 581//4371 590//4371
f 74//4372 2409//4372 85//4372
f 2419//4373 142//4373 2411//4373
f 573//4374 1211//4374 1560//4374
f 2296//4375 1511//4375 216//4375
f 1527//4376 2287//4376 498//4376
f 507//4377 2511//4377 1487//4377
f 1976//4378 856//4378 2506//4378
f 532//4379 529//4379 506//4379
f 677//4380 2179//4380 2322//4380
f 2496//4381 1035//4381 239//4381
f 868//4382 1255//4382 1263//4382
f 867//4383 862//4383 363//4383
f 1026//4384 889//4384 1451//4384
f 1429//4385 790//4385 1015//4385
f 995//4386 620//4386 1640//4386
f 904//4387 127//4387 94//4387
f 2544//4388 1810//4388 200//4388
f 2188//4389 2186//4389 2069//4389
f 260//4390 1535//4390 2269//4390
f 971//4391 1081//4391 972//4391
f 1649//4392 1660//4392 1525//4392
f 491//4393 1503//4393 2499//4393
f 1080//4394 263//4394 2040//4394
f 1763//4395 388//4395 178//4395
f 1506//4396 2512//4396 404//4396
f 294//4397 1824//4397 2010//4397
f 1055//4398 2166//4398 947//4398
f 1041//4399 314//4399 987//4399
f 1455//4400 2228//4400 1932//4400
f 1481//4401 2386//4401 447//4401
f 2502//4402 1550//4402 2505//4402
f 1625//4403 863//4403 1268//4403
f 1213//4404 711//4404 375//4404
f 2031//4405 180//4405 1783//4405
f 2253//4406 2252//4406 870//4406
f 1516//4407 1515//4407 2485//4407
f 631//4408 1773//4408 633//4408
f 1463//4409 1553//4409 475//4409
f 1407//4410 1410//4410 259//4410
f 2504//4411 2480//4411 122//4411
f 2507//4412 2513//4412 507//4412
f 1538//4413 2153//4413 1041//4413
f 491//4414 1501//4414 1486//4414
f 839//4415 1195//4415 1191//4415
f 1555//4416 125//4416 1501//4416
f 2039//4417 2196//4417 1914//4417
f 50//4418 1228//4418 826//4418
f 264//4419 2043//4419 2044//4419
f 2139//4420 1281//4420 855//4420
f 1327//4421 736//4421 2016//4421
f 2046//4422 417//4422 2428//4422
f 2491//4423 1511//4423 1508//4423
f 1514//4424 1347//4424 226//4424
f 582//4425 2362//4425 2080//4425
f 549//4426 568//4426 464//4426
f 1301//4427 2530//4427 2493//4427
f 497//4428 2491//4428 2336//4428
f 495//4429 293//4429 1513//4429
f 2420//4430 230//4430 408//4430
f 1453//4431 176//4431 1456//4431
f 927//4432 924//4432 2293//4432
f 1483//4433 910//4433 2355//4433
f 1794//4434 642//4434 1793//4434
f 2482//4435 2268//4435 2511//4435
f 2011//4436 384//4436 1800//4436
f 2038//4437 110//4437 2010//4437
f 432//4438 2510//4438 2397//4438
f 2498//4439 1535//4439 499//4439
f 201//4440 1373//4440 1372//4440
f 2481//4441 1459//4441 1457//4441
f 1548//4442 1550//4442 1552//4442
f 1472//4443 1265//4443 480//4443
f 1820//4444 692//4444 1431//4444
f 1553//4445 1463//4445 1552//4445
f 2226//4446 1527//4446 498//4446
f 1457//4447 1546//4447 1545//4447
f 1464//4448 2509//4448 1558//4448
f 1358//4449 2006//4449 814//4449
f 2512//4450 2503//4450 404//4450
f 1361//4451 818//4451 186//4451
f 1244//4452 1048//4452 1689//4452
f 1343//4453 2177//4453 2387//4453
f 1544//4454 480//4454 1467//4454
f 1548//4455 1547//4455 1550//4455
f 462//4456 993//4456 1390//4456
f 785//4457 1374//4457 245//4457
f 1541//4458 1473//4458 499//4458
f 2503//4459 2512//4459 2513//4459
f 2511//4460 2513//4460 2512//4460
f 475//4461 1553//4461 1551//4461
f 1547//4462 1492//4462 2505//4462
f 1460//4463 1461//4463 2481//4463
f 2341//4464 2485//4464 2484//4464
f 6//4465 2521//4465 1100//4465
f 2511//4466 2268//4466 1487//4466
f 1508//4467 2490//4467 2336//4467
f 1509//4468 1511//4468 2296//4468
f 131//4469 2296//4469 237//4469
f 1535//4470 2498//4470 1489//4470
f 49//4471 1028//4471 319//4471
f 377//4472 359//4472 372//4472
f 19//4473 824//4473 1133//4473
f 1252//4474 934//4474 894//4474
f 1495//4475 1547//4475 1548//4475
f 1491//4476 478//4476 1492//4476
f 859//4477 660//4477 264//4477
f 507//4478 2514//4478 2508//4478
f 2428//4479 2290//4479 2295//4479
f 480//4480 1265//4480 478//4480
f 2377//4481 2463//4481 2457//4481
f 1548//4482 1558//4482 1494//4482
f 1515//4483 201//4483 495//4483
f 2480//4484 2504//4484 1458//4484
f 1422//4485 232//4485 1974//4485
f 122//4486 2480//4486 475//4486
f 2508//4487 1555//4487 2516//4487
f 1400//4488 1423//4488 2552//4488
f 1458//4489 1546//4489 1457//4489
f 476//4490 1459//4490 1461//4490
f 2420//4491 346//4491 2399//4491
f 1824//4492 294//4492 1900//4492
f 2499//4493 1538//4493 1043//4493
f 1465//4494 783//4494 1466//4494
f 504//4495 122//4495 1543//4495
f 1198//4496 2110//4496 2370//4496
f 2269//4497 1489//4497 1495//4497
f 1952//4498 750//4498 1913//4498
f 1540//4499 1542//4499 1541//4499
f 1456//4500 1455//4500 1453//4500
f 2514//4501 507//4501 1487//4501
f 69//4502 497//4502 2336//4502
f 544//4503 223//4503 1181//4503
f 2279//4504 364//4504 500//4504
f 2227//4505 1126//4505 1131//4505
f 1534//4506 105//4506 1331//4506
f 445//4507 2235//4507 514//4507
f 2253//4508 363//4508 2270//4508
f 1997//4509 241//4509 2467//4509
f 2232//4510 725//4510 719//4510
f 1037//4511 1017//4511 240//4511
f 2110//4512 1198//4512 1003//4512
f 2361//4513 2357//4513 1160//4513
f 2047//4514 2392//4514 2366//4514
f 1448//4515 1962//4515 1450//4515
f 862//4516 2242//4516 2192//4516
f 1189//4517 1191//4517 1195//4517
f 1039//4518 137//4518 990//4518
f 782//4519 124//4519 1371//4519
f 1368//4520 255//4520 2424//4520
f 962//4521 966//4521 2197//4521
f 2007//4522 450//4522 456//4522
f 224//4523 702//4523 1788//4523
f 962//4524 2197//4524 1094//4524
f 342//4525 1579//4525 339//4525
f 10//4526 1092//4526 1226//4526
f 1968//4527 238//4527 804//4527
f 978//4528 1569//4528 343//4528
f 1823//4529 2131//4529 786//4529
f 790//4530 1403//4530 1424//4530
f 858//4531 1520//4531 1446//4531
f 1091//4532 1195//4532 2022//4532
f 1008//4533 2396//4533 1928//4533
f 2472//4534 1089//4534 2506//4534
f 2217//4535 2393//4535 2174//4535
f 2395//4536 2194//4536 2333//4536
f 2446//4537 84//4537 313//4537
f 1964//4538 1854//4538 1099//4538
f 313//4539 2445//4539 2446//4539
f 2176//4540 516//4540 320//4540
f 315//4541 1010//4541 1006//4541
f 726//4542 378//4542 674//4542
f 313//4543 316//4543 1395//4543
f 2343//4544 1943//4544 1941//4544
f 224//4545 1788//4545 1786//4545
f 1922//4546 2150//4546 2248//4546
f 693//4547 689//4547 2001//4547
f 694//4548 1695//4548 749//4548
f 1578//4549 322//4549 516//4549
f 354//4550 359//4550 1331//4550
f 1722//4551 2545//4551 718//4551
f 1571//4552 2265//4552 2387//4552
f 1921//4553 2156//4553 1164//4553
f 2441//4554 895//4554 2244//4554
f 2245//4555 1578//4555 328//4555
f 2446//4556 1396//4556 2395//4556
f 353//4557 362//4557 341//4557
f 330//4558 2175//4558 2178//4558
f 342//4559 1564//4559 2249//4559
f 2265//4560 2092//4560 2387//4560
f 320//4561 516//4561 2323//4561
f 777//4562 1956//4562 546//4562
f 2452//4563 2388//4563 1928//4563
f 454//4564 1884//4564 2545//4564
f 1346//4565 764//4565 1940//4565
f 1721//4566 1883//4566 1743//4566
f 2435//4567 1614//4567 1340//4567
f 592//4568 174//4568 623//4568
f 2275//4569 1536//4569 1950//4569
f 1172//4570 2239//4570 860//4570
f 1500//4571 777//4571 546//4571
f 936//4572 1111//4572 345//4572
f 1346//4573 775//4573 1500//4573
f 2531//4574 562//4574 830//4574
f 2180//4575 2374//4575 2184//4575
f 2549//4576 1329//4576 1947//4576
f 1384//4577 2207//4577 1903//4577
f 1105//4578 966//4578 1101//4578
f 511//4579 693//4579 897//4579
f 2216//4580 2075//4580 2177//4580
f 1883//4581 2548//4581 1743//4581
f 546//4582 163//4582 1500//4582
f 1733//4583 1728//4583 716//4583
f 1921//4584 1167//4584 2243//4584
f 93//4585 328//4585 2249//4585
f 1499//4586 2200//4586 2272//4586
f 2194//4587 2546//4587 1350//4587
f 575//4588 1735//4588 756//4588
f 2453//4589 2186//4589 2522//4589
f 1725//4590 1316//4590 1317//4590
f 1239//4591 1584//4591 145//4591
f 2075//4592 2126//4592 2125//4592
f 1479//4593 769//4593 1322//4593
f 2141//4594 1301//4594 436//4594
f 516//4595 322//4595 2323//4595
f 1488//4596 777//4596 1500//4596
f 436//4597 2443//4597 2395//4597
f 253//4598 84//4598 2014//4598
f 1571//4599 2177//4599 2125//4599
f 762//4600 1563//4600 1938//4600
f 2001//4601 1922//4601 1673//4601
f 639//4602 375//4602 674//4602
f 2045//4603 886//4603 271//4603
f 744//4604 774//4604 600//4604
f 716//4605 1720//4605 717//4605
f 1543//4606 1551//4606 2502//4606
f 188//4607 1210//4607 813//4607
f 1014//4608 1262//4608 1263//4608
f 182//4609 640//4609 665//4609
f 545//4610 1280//4610 1936//4610
f 797//4611 2455//4611 1465//4611
f 1583//4612 847//4612 1112//4612
f 1790//4613 576//4613 556//4613
f 549//4614 474//4614 568//4614
f 2157//4615 2342//4615 219//4615
f 874//4616 876//4616 555//4616
f 293//4617 1518//4617 2490//4617
f 97//4618 2145//4618 1966//4618
f 1288//4619 269//4619 2276//4619
f 2345//4620 2203//4620 417//4620
f 714//4621 282//4621 1744//4621
f 88//4622 576//4622 2059//4622
f 2488//4623 776//4623 1963//4623
f 758//4624 1575//4624 1577//4624
f 1588//4625 2312//4625 1502//4625
f 2444//4626 2172//4626 1290//4626
f 1729//4627 1858//4627 1859//4627
f 2223//4628 1983//4628 2048//4628
f 1019//4629 2138//4629 2258//4629
f 1130//4630 1863//4630 975//4630
f 991//4631 1112//4631 1593//4631
f 587//4632 1418//4632 413//4632
f 85//4633 94//4633 130//4633
f 731//4634 35//4634 1864//4634
f 2257//4635 767//4635 752//4635
f 1216//4636 1707//4636 208//4636
f 73//4637 1109//4637 1111//4637
f 1199//4638 1778//4638 1186//4638
f 317//4639 30//4639 735//4639
f 2025//4640 1676//4640 2051//4640
f 1129//4641 1141//4641 1131//4641
f 1610//4642 13//4642 1608//4642
f 1665//4643 1663//4643 1619//4643
f 1984//4644 558//4644 887//4644
f 1944//4645 1330//4645 1326//4645
f 641//4646 1793//4646 185//4646
f 477//4647 637//4647 2426//4647
f 1180//4648 975//4648 1392//4648
f 2230//4649 1129//4649 350//4649
f 976//4650 2311//4650 528//4650
f 195//4651 2341//4651 1542//4651
f 1624//4652 1915//4652 1894//4652
f 1864//4653 1698//4653 2538//4653
f 1349//4654 2168//4654 2029//4654
f 1583//4655 1595//4655 1159//4655
f 2542//4656 1681//4656 721//4656
f 356//4657 1137//4657 1162//4657
f 1684//4658 1686//4658 213//4658
f 610//4659 12//4659 1753//4659
f 58//4660 38//4660 1389//4660
f 1946//4661 1758//4661 2306//4661
f 1093//4662 1138//4662 38//4662
f 350//4663 1128//4663 2230//4663
f 1437//4664 34//4664 929//4664
f 271//4665 1428//4665 2058//4665
f 1895//4666 212//4666 1702//4666
f 1137//4667 356//4667 1156//4667
f 385//4668 1490//4668 2313//4668
f 258//4669 574//4669 886//4669
f 1586//4670 1583//4670 1159//4670
f 1124//4671 1120//4671 1977//4671
f 78//4672 528//4672 1152//4672
f 738//4673 2537//4673 2539//4673
f 1617//4674 1607//4674 1615//4674
f 1303//4675 1302//4675 99//4675
f 2321//4676 2080//4676 2046//4676
f 218//4677 715//4677 298//4677
f 642//4678 184//4678 1125//4678
f 74//4679 1360//4679 2409//4679
f 136//4680 847//4680 1587//4680
f 1325//4681 1666//4681 14//4681
f 1898//4682 1624//4682 724//4682
f 1485//4683 2268//4683 485//4683
f 2315//4684 1359//4684 2410//4684
f 1663//4685 1661//4685 1618//4685
f 1156//4686 79//4686 1617//4686
f 1472//4687 1544//4687 504//4687
f 356//4688 1158//4688 79//4688
f 2223//4689 1683//4689 1983//4689
f 136//4690 1587//4690 80//4690
f 975//4691 976//4691 349//4691
f 976//4692 528//4692 78//4692
f 2024//4693 839//4693 1655//4693
f 2036//4694 2015//4694 616//4694
f 1620//4695 2102//4695 2101//4695
f 839//4696 1191//4696 1655//4696
f 1654//4697 1655//4697 1191//4697
f 926//4698 924//4698 665//4698
f 1899//4699 1891//4699 1121//4699
f 2060//4700 536//4700 1623//4700
f 1188//4701 738//4701 1911//4701
f 71//4702 338//4702 534//4702
f 2347//4703 187//4703 2157//4703
f 1600//4704 71//4704 945//4704
f 943//4705 60//4705 2551//4705
f 2483//4706 72//4706 921//4706
f 1563//4707 1562//4707 1269//4707
f 1891//4708 1899//4708 2543//4708
f 1637//4709 2091//4709 428//4709
f 1518//4710 1517//4710 69//4710
f 1757//4711 1942//4711 2298//4711
f 1635//4712 1204//4712 2082//4712
f 489//4713 1377//4713 461//4713
f 2038//4714 1416//4714 1943//4714
f 2233//4715 2155//4715 2433//4715
f 2282//4716 1601//4716 1887//4716
f 1292//4717 1291//4717 1761//4717
f 1695//4718 1693//4718 1688//4718
f 613//4719 1142//4719 612//4719
f 2053//4720 1233//4720 2052//4720
f 1925//4721 2056//4721 1741//4721
f 444//4722 443//4722 429//4722
f 2058//4723 559//4723 887//4723
f 2080//4724 2423//4724 2344//4724
f 1364//4725 408//4725 230//4725
f 2058//4726 1250//4726 559//4726
f 731//4727 739//4727 2541//4727
f 1252//4728 894//4728 937//4728
f 543//4729 1200//4729 1636//4729
f 1166//4730 1906//4730 1713//4730
f 977//4731 151//4731 1021//4731
f 1018//4732 513//4732 1687//4732
f 1899//4733 1699//4733 1698//4733
f 889//4734 932//4734 2094//4734
f 495//4735 297//4735 293//4735
f 1649//4736 482//4736 1662//4736
f 1611//4737 722//4737 36//4737
f 534//4738 338//4738 84//4738
f 968//4739 36//4739 1717//4739
f 2024//4740 493//4740 1667//4740
f 1643//4741 1911//4741 1893//4741
f 1789//4742 212//4742 2283//4742
f 1718//4743 1719//4743 208//4743
f 2337//4744 173//4744 1370//4744
f 1366//4745 2415//4745 187//4745
f 983//4746 981//4746 2292//4746
f 2525//4747 1207//4747 1201//4747
f 734//4748 1987//4748 1669//4748
f 1885//4749 1884//4749 1720//4749
f 1672//4750 1679//4750 574//4750
f 1531//4751 1330//4751 769//4751
f 1746//4752 1584//4752 1221//4752
f 61//4753 988//4753 116//4753
f 2548//4754 1559//4754 1742//4754
f 2236//4755 1140//4755 352//4755
f 1958//4756 423//4756 2352//4756
f 1468//4757 1470//4757 1471//4757
f 1948//4758 1813//4758 2368//4758
f 2066//4759 1214//4759 2077//4759
f 717//4760 869//4760 1073//4760
f 1059//4761 1073//4761 1060//4761
f 588//4762 587//4762 586//4762
f 2334//4763 319//4763 1010//4763
f 754//4764 1193//4764 370//4764
f 1725//4765 763//4765 1616//4765
f 1100//4766 857//4766 1102//4766
f 2093//4767 277//4767 418//4767
f 1326//4768 1330//4768 2275//4768
f 1565//4769 1938//4769 1582//4769
f 594//4770 601//4770 667//4770
f 554//4771 552//4771 2074//4771
f 736//4772 1256//4772 252//4772
f 753//4773 1502//4773 222//4773
f 1754//4774 1752//4774 713//4774
f 632//4775 5//4775 628//4775
f 1637//4776 458//4776 541//4776
f 1418//4777 2028//4777 589//4777
f 712//4778 1751//4778 1875//4778
f 1048//4779 1054//4779 712//4779
f 709//4780 713//4780 1040//4780
f 771//4781 245//4781 1374//4781
f 1054//4782 1751//4782 712//4782
f 622//4783 583//4783 1710//4783
f 575//4784 756//4784 1585//4784
f 1113//4785 1079//4785 1122//4785
f 678//4786 1764//4786 2289//4786
f 2092//4787 2173//4787 2238//4787
f 1630//4788 2091//4788 541//4788
f 710//4789 709//4789 1044//4789
f 1876//4790 710//4790 1755//4790
f 522//4791 567//4791 1632//4791
f 833//4792 1398//4792 2260//4792
f 157//4793 1692//4793 571//4793
f 1987//4794 168//4794 1737//4794
f 1283//4795 1278//4795 1284//4795
f 1834//4796 1011//4796 1810//4796
f 2541//4797 980//4797 698//4797
f 274//4798 2067//4798 1203//4798
f 916//4799 917//4799 1825//4799
f 1747//4800 1957//4800 727//4800
f 1934//4801 21//4801 66//4801
f 1845//4802 1822//4802 1406//4802
f 196//4803 1857//4803 1841//4803
f 930//4804 169//4804 1120//4804
f 329//4805 952//4805 1071//4805
f 431//4806 1334//4806 107//4806
f 2512//4807 2482//4807 2511//4807
f 2502//4808 1551//4808 1550//4808
f 1140//4809 1146//4809 1143//4809
f 1193//4810 1963//4810 776//4810
f 1861//4811 1293//4811 877//4811
f 850//4812 1356//4812 1475//4812
f 1801//4813 1797//4813 1799//4813
f 1786//4814 1788//4814 1764//4814
f 1943//4815 2376//4815 1933//4815
f 300//4816 1040//4816 1752//4816
f 1035//4817 1033//4817 2134//4817
f 1293//4818 1861//4818 197//4818
f 681//4819 907//4819 682//4819
f 776//4820 1227//4820 1193//4820
f 2023//4821 833//4821 2260//4821
f 923//4822 1821//4822 636//4822
f 685//4823 1190//4823 909//4823
f 1835//4824 2544//4824 2035//4824
f 171//4825 2343//4825 2266//4825
f 2064//4826 561//4826 1660//4826
f 178//4827 175//4827 1763//4827
f 1658//4828 560//4828 1840//4828
f 680//4829 873//4829 955//4829
f 1929//4830 1926//4830 1768//4830
f 1980//4831 443//4831 444//4831
f 1780//4832 370//4832 779//4832
f 1393//4833 1380//4833 448//4833
f 1763//4834 877//4834 1421//4834
f 57//4835 1250//4835 2058//4835
f 1770//4836 1773//4836 631//4836
f 2138//4837 1032//4837 304//4837
f 448//4838 781//4838 1393//4838
f 2244//4839 2323//4839 322//4839
f 640//4840 182//4840 185//4840
f 2155//4841 477//4841 2406//4841
f 1111//4842 643//4842 345//4842
f 1856//4843 662//4843 675//4843
f 574//4844 258//4844 1672//4844
f 630//4845 848//4845 1783//4845
f 1840//4846 560//4846 266//4846
f 181//4847 180//4847 1785//4847
f 1829//4848 190//4848 1124//4848
f 1455//4849 1932//4849 1453//4849
f 641//4850 182//4850 1827//4850
f 2417//4851 2342//4851 1364//4851
f 961//4852 2301//4852 64//4852
f 2492//4853 1831//4853 996//4853
f 669//4854 877//4854 1763//4854
f 2147//4855 2530//4855 390//4855
f 1358//4856 823//4856 822//4856
f 34//4857 612//4857 1142//4857
f 2011//4858 824//4858 19//4858
f 954//4859 1045//4859 918//4859
f 1358//4860 1443//4860 58//4860
f 2293//4861 1822//4861 1845//4861
f 2293//4862 673//4862 927//4862
f 936//4863 2051//4863 930//4863
f 116//4864 314//4864 2325//4864
f 1977//4865 1120//4865 169//4865
f 125//4866 1486//4866 1501//4866
f 1230//4867 1818//4867 880//4867
f 1260//4868 242//4868 2372//4868
f 657//4869 1849//4869 792//4869
f 2469//4870 585//4870 1390//4870
f 2065//4871 1442//4871 1135//4871
f 1905//4872 1361//4872 186//4872
f 1357//4873 1412//4873 2413//4873
f 1416//4874 863//4874 1818//4874
f 929//4875 1124//4875 1437//4875
f 1717//4876 36//4876 1892//4876
f 1294//4877 1291//4877 427//4877
f 1812//4878 927//4878 656//4878
f 665//4879 1827//4879 182//4879
f 1294//4880 427//4880 1802//4880
f 404//4881 1467//4881 1507//4881
f 230//4882 2408//4882 1364//4882
f 2043//4883 264//4883 660//4883
f 1847//4884 1842//4884 3//4884
f 879//4885 2371//4885 875//4885
f 20//4886 169//4886 1676//4886
f 70//4887 1934//4887 66//4887
f 46//4888 1194//4888 898//4888
f 657//4889 1821//4889 662//4889
f 351//4890 677//4890 2322//4890
f 1125//4891 190//4891 1829//4891
f 690//4892 2355//4892 910//4892
f 2363//4893 1510//4893 1321//4893
f 180//4894 181//4894 1783//4894
f 2316//4895 341//4895 2318//4895
f 1773//4896 1770//4896 179//4896
f 179//4897 1770//4897 181//4897
f 438//4898 1889//4898 4//4898
f 1849//4899 955//4899 633//4899
f 181//4900 1770//4900 1784//4900
f 596//4901 659//4901 913//4901
f 1135//4902 1442//4902 2532//4902
f 1140//4903 2236//4903 643//4903
f 193//4904 1832//4904 1836//4904
f 989//4905 1011//4905 196//4905
f 1600//4906 945//4906 365//4906
f 1771//4907 1768//4907 2003//4907
f 974//4908 970//4908 953//4908
f 196//4909 1011//4909 1834//4909
f 1135//4910 2532//4910 502//4910
f 560//4911 1632//4911 266//4911
f 151//4912 977//4912 819//4912
f 1951//4913 2183//4913 488//4913
f 589//4914 1697//4914 1946//4914
f 1758//4915 1946//4915 1757//4915
f 1640//4916 1011//4916 1811//4916
f 541//4917 835//4917 542//4917
f 1431//4918 137//4918 1430//4918
f 1857//4919 981//4919 684//4919
f 64//4920 1632//4920 567//4920
f 90//4921 1811//4921 1819//4921
f 2414//4922 2408//4922 2422//4922
f 2306//4923 2087//4923 831//4923
f 1026//4924 1084//4924 889//4924
f 1834//4925 2292//4925 981//4925
f 1080//4926 1117//4926 1102//4926
f 195//4927 2337//4927 1516//4927
f 2403//4928 2478//4928 992//4928
f 275//4929 906//4929 849//4929
f 896//4930 1442//4930 2067//4930
f 1825//4931 1815//4931 916//4931
f 1107//4932 708//4932 1870//4932
f 367//4933 784//4933 2237//4933
f 2002//4934 854//4934 2037//4934
f 619//4935 1845//4935 2534//4935
f 1356//4936 1754//4936 1054//4936
f 1818//4937 863//4937 997//4937
f 950//4938 974//4938 953//4938
f 702//4939 1870//4939 708//4939
f 599//4940 309//4940 1753//4940
f 907//4941 1199//4941 2261//4941
f 1779//4942 224//4942 1781//4942
f 1142//4943 1747//4943 727//4943
f 727//4944 309//4944 2534//4944
f 922//4945 1110//4945 925//4945
f 37//4946 729//4946 2212//4946
f 323//4947 1434//4947 335//4947
f 1060//4948 1721//4948 1814//4948
f 1745//4949 1735//4949 1254//4949
f 717//4950 1073//4950 1730//4950
f 1980//4951 624//4951 694//4951
f 1437//4952 612//4952 34//4952
f 2416//4953 2406//4953 440//4953
f 535//4954 32//4954 486//4954
f 611//4955 1987//4955 167//4955
f 1207//4956 2070//4956 903//4956
f 1235//4957 1314//4957 145//4957
f 1347//4958 1346//4958 163//4958
f 2545//4959 1722//4959 454//4959
f 2073//4960 2466//4960 2261//4960
f 1674//4961 1676//4961 1669//4961
f 2543//4962 35//4962 1908//4962
f 208//4963 1601//4963 1216//4963
f 1136//4964 1909//4964 1445//4964
f 1601//4965 1603//4965 1216//4965
f 1644//4966 210//4966 493//4966
f 1630//4967 484//4967 2298//4967
f 1253//4968 937//4968 1068//4968
f 720//4969 1791//4969 1714//4969
f 742//4970 728//4970 1915//4970
f 1092//4971 10//4971 1195//4971
f 443//4972 1980//4972 749//4972
f 258//4973 723//4973 1672//4973
f 1741//4974 2223//4974 2048//4974
f 694//4975 652//4975 1991//4975
f 2487//4976 1515//4976 1516//4976
f 783//4977 1468//4977 129//4977
f 1890//4978 2405//4978 1154//4978
f 2064//4979 1668//4979 567//4979
f 527//4980 1606//4980 78//4980
f 987//4981 988//4981 63//4981
f 458//4982 1642//4982 2081//4982
f 1090//4983 459//4983 1645//4983
f 2440//4984 1106//4984 1297//4984
f 1045//4985 954//4985 139//4985
f 1849//4986 659//4986 955//4986
f 91//4987 56//4987 76//4987
f 1893//4988 1892//4988 722//4988
f 648//4989 646//4989 161//4989
f 911//4990 96//4990 118//4990
f 599//4991 174//4991 1706//4991
f 599//4992 1706//4992 648//4992
f 2539//4993 1709//4993 1703//4993
f 1121//4994 2283//4994 1699//4994
f 1706//4995 174//4995 592//4995
f 162//4996 659//4996 596//4996
f 2300//4997 461//4997 2427//4997
f 2544//4998 1805//4998 1810//4998
f 1714//4999 1791//4999 1712//4999
f 1764//5000 678//5000 1786//5000
f 1083//5001 1384//5001 2307//5001
f 145//5002 1584//5002 1235//5002
f 1060//5003 1814//5003 1066//5003
f 334//5004 1931//5004 1585//5004
f 1310//5005 1520//5005 1319//5005
f 1314//5006 1559//5006 761//5006
f 533//5007 831//5007 2101//5007
f 845//5008 1355//5008 846//5008
f 144//5009 1086//5009 1090//5009
f 622//5010 587//5010 158//5010
f 545//5011 1936//5011 1519//5011
f 2174//5012 2346//5012 2238//5012
f 1722//5013 869//5013 454//5013
f 227//5014 163//5014 546//5014
f 594//5015 1710//5015 583//5015
f 2254//5016 536//5016 336//5016
f 1531//5017 769//5017 1532//5017
f 2300//5018 2425//5018 2412//5018
f 1956//5019 777//5019 2549//5019
f 2149//5020 392//5020 2097//5020
f 2326//5021 2134//5021 1033//5021
f 580//5022 1685//5022 1577//5022
f 1728//5023 2549//5023 716//5023
f 1885//5024 1720//5024 1488//5024
f 1936//5025 764//5025 1519//5025
f 1498//5026 1884//5026 1953//5026
f 1878//5027 971//5027 2325//5027
f 2048//5028 746//5028 1209//5028
f 1478//5029 1574//5029 119//5029
f 1328//5030 257//5030 1524//5030
f 16//5031 1696//5031 1991//5031
f 1986//5032 1993//5032 1989//5032
f 705//5033 691//5033 697//5033
f 1425//5034 1641//5034 467//5034
f 1994//5035 1990//5035 1993//5035
f 1996//5036 240//5036 2128//5036
f 840//5037 1951//5037 1339//5037
f 2434//5038 1521//5038 2335//5038
f 948//5039 289//5039 947//5039
f 2128//5040 795//5040 42//5040
f 1871//5041 2127//5041 1015//5041
f 2240//5042 360//5042 882//5042
f 935//5043 1970//5043 1424//5043
f 672//5044 1840//5044 193//5044
f 1442//5045 2065//5045 1767//5045
f 2159//5046 60//5046 1077//5046
f 1381//5047 1465//5047 2455//5047
f 37//5048 113//5048 2235//5048
f 1632//5049 560//5049 522//5049
f 1007//5050 2119//5050 2113//5050
f 279//5051 1867//5051 1170//5051
f 508//5052 1902//5052 1687//5052
f 1965//5053 937//5053 1262//5053
f 240//5054 1996//5054 2467//5054
f 1988//5055 810//5055 803//5055
f 1056//5056 1051//5056 1055//5056
f 1415//5057 238//5057 797//5057
f 2233//5058 348//5058 477//5058
f 1986//5059 1985//5059 1992//5059
f 2303//5060 2412//5060 2410//5060
f 1422//5061 791//5061 232//5061
f 796//5062 42//5062 794//5062
f 307//5063 2112//5063 1001//5063
f 1037//5064 240//5064 1990//5064
f 1964//5065 935//5065 1854//5065
f 1257//5066 1269//5066 1562//5066
f 1650//5067 2079//5067 482//5067
f 1312//5068 1311//5068 2201//5068
f 1973//5069 1974//5069 1400//5069
f 1198//5070 2129//5070 41//5070
f 2281//5071 590//5071 505//5071
f 69//5072 2336//5072 1518//5072
f 743//5073 2077//5073 554//5073
f 630//5074 1771//5074 890//5074
f 2068//5075 108//5075 2210//5075
f 553//5076 1570//5076 743//5076
f 513//5077 474//5077 1259//5077
f 492//5078 1505//5078 1507//5078
f 2003//5079 1768//5079 812//5079
f 1374//5080 844//5080 890//5080
f 502//5081 482//5081 501//5081
f 2205//5082 1294//5082 2206//5082
f 2079//5083 501//5083 482//5083
f 188//5084 1367//5084 814//5084
f 2208//5085 950//5085 938//5085
f 2180//5086 1573//5086 387//5086
f 1805//5087 2292//5087 1834//5087
f 451//5088 1057//5088 901//5088
f 1279//5089 2544//5089 200//5089
f 642//5090 1794//5090 384//5090
f 686//5091 818//5091 2006//5091
f 1920//5092 715//5092 209//5092
f 39//5093 2098//5093 1866//5093
f 1638//5094 741//5094 1635//5094
f 2366//5095 2439//5095 2047//5095
f 1133//5096 1132//5096 19//5096
f 184//5097 642//5097 384//5097
f 1098//5098 1096//5098 336//5098
f 2427//5099 461//5099 1377//5099
f 535//5100 1622//5100 452//5100
f 93//5101 874//5101 1172//5101
f 2019//5102 253//5102 2014//5102
f 2020//5103 254//5103 2533//5103
f 565//5104 1388//5104 1205//5104
